09.04.2025 - 14:11:21 - [TAB v5.1.0] Blocked attempt to add player Shanvir into team BLACK (expected team: 9ShanvirA)
09.04.2025 - 14:11:21 - [TAB v5.1.0] Blocked attempt to add player Shanvir into team DARK_BLUE (expected team: 9ShanvirA)
09.04.2025 - 14:11:22 - [TAB v5.1.0] Blocked attempt to add player Shanvir into team DARK_GREEN (expected team: 9ShanvirA)
09.04.2025 - 14:11:22 - [TAB v5.1.0] Blocked attempt to add player Shanvir into team DARK_AQUA (expected team: 9ShanvirA)
09.04.2025 - 14:11:23 - [TAB v5.1.0] Blocked attempt to add player Shanvir into team DARK_RED (expected team: 9ShanvirA)
09.04.2025 - 14:11:23 - [TAB v5.1.0] Blocked attempt to add player Shanvir into team DARK_PURPLE (expected team: 9ShanvirA)
09.04.2025 - 14:11:24 - [TAB v5.1.0] Blocked attempt to add player Shanvir into team GOLD (expected team: 9ShanvirA)
09.04.2025 - 14:11:24 - [TAB v5.1.0] Blocked attempt to add player Shanvir into team GRAY (expected team: 9ShanvirA)
09.04.2025 - 14:11:25 - [TAB v5.1.0] Blocked attempt to add player Shanvir into team DARK_GRAY (expected team: 9ShanvirA)
09.04.2025 - 14:11:25 - [TAB v5.1.0] Blocked attempt to add player Shanvir into team BLUE (expected team: 9ShanvirA)
09.04.2025 - 14:11:26 - [TAB v5.1.0] Blocked attempt to add player Shanvir into team GREEN (expected team: 9ShanvirA)
09.04.2025 - 14:11:26 - [TAB v5.1.0] Blocked attempt to add player Shanvir into team AQUA (expected team: 9ShanvirA)
09.04.2025 - 14:11:27 - [TAB v5.1.0] Blocked attempt to add player Shanvir into team RED (expected team: 9ShanvirA)
09.04.2025 - 14:11:27 - [TAB v5.1.0] Blocked attempt to add player Shanvir into team LIGHT_PURPLE (expected team: 9ShanvirA)
09.04.2025 - 14:11:28 - [TAB v5.1.0] Blocked attempt to add player Shanvir into team YELLOW (expected team: 9ShanvirA)
09.04.2025 - 14:11:28 - [TAB v5.1.0] Blocked attempt to add player Shanvir into team WHITE (expected team: 9ShanvirA)
09.04.2025 - 14:11:29 - [TAB v5.1.0] Blocked attempt to add player Shanvir into team BLACK (expected team: 9ShanvirA)
09.04.2025 - 14:11:29 - [TAB v5.1.0] Blocked attempt to add player Shanvir into team DARK_BLUE (expected team: 9ShanvirA)
09.04.2025 - 14:11:30 - [TAB v5.1.0] Blocked attempt to add player Shanvir into team DARK_GREEN (expected team: 9ShanvirA)
09.04.2025 - 14:11:30 - [TAB v5.1.0] Blocked attempt to add player Shanvir into team DARK_AQUA (expected team: 9ShanvirA)
09.04.2025 - 14:11:31 - [TAB v5.1.0] Blocked attempt to add player Shanvir into team DARK_RED (expected team: 9ShanvirA)
09.04.2025 - 14:11:31 - [TAB v5.1.0] Blocked attempt to add player Shanvir into team DARK_PURPLE (expected team: 9ShanvirA)
09.04.2025 - 14:11:32 - [TAB v5.1.0] Blocked attempt to add player Shanvir into team GOLD (expected team: 9ShanvirA)
09.04.2025 - 14:11:32 - [TAB v5.1.0] Blocked attempt to add player Shanvir into team LIGHT_PURPLE (expected team: 9ShanvirA)
09.04.2025 - 14:16:02 - [TAB v5.1.0] Blocked attempt to add player Shanvir into team BLACK (expected team: 9ShanvirA)
10.04.2025 - 05:01:08 - [TAB v5.1.0] Blocked attempt to add player Shanvir into team DARK_BLUE (expected team: 9ShanvirA)
10.04.2025 - 05:01:09 - [TAB v5.1.0] Blocked attempt to add player Shanvir into team DARK_GREEN (expected team: 9ShanvirA)
10.04.2025 - 05:01:09 - [TAB v5.1.0] Blocked attempt to add player Shanvir into team DARK_AQUA (expected team: 9ShanvirA)
10.04.2025 - 05:01:10 - [TAB v5.1.0] Blocked attempt to add player Shanvir into team DARK_RED (expected team: 9ShanvirA)
10.04.2025 - 05:01:10 - [TAB v5.1.0] Blocked attempt to add player Shanvir into team DARK_PURPLE (expected team: 9ShanvirA)
10.04.2025 - 05:01:11 - [TAB v5.1.0] Blocked attempt to add player Shanvir into team GOLD (expected team: 9ShanvirA)
10.04.2025 - 05:01:11 - [TAB v5.1.0] Blocked attempt to add player Shanvir into team GRAY (expected team: 9ShanvirA)
10.04.2025 - 05:01:12 - [TAB v5.1.0] Blocked attempt to add player Shanvir into team DARK_GRAY (expected team: 9ShanvirA)
10.04.2025 - 05:01:12 - [TAB v5.1.0] Blocked attempt to add player Shanvir into team BLUE (expected team: 9ShanvirA)
10.04.2025 - 05:01:13 - [TAB v5.1.0] Blocked attempt to add player Shanvir into team GREEN (expected team: 9ShanvirA)
10.04.2025 - 05:01:13 - [TAB v5.1.0] Blocked attempt to add player Shanvir into team AQUA (expected team: 9ShanvirA)
10.04.2025 - 05:01:14 - [TAB v5.1.0] Blocked attempt to add player Shanvir into team RED (expected team: 9ShanvirA)
10.04.2025 - 05:02:24 - [TAB v5.1.0] Blocked attempt to add player Shanvir into team BLACK (expected team: 9ShanvirA)
10.04.2025 - 05:02:30 - [TAB v5.1.0] Blocked attempt to add player Shanvir into team DARK_BLUE (expected team: 9ShanvirA)
10.04.2025 - 05:02:31 - [TAB v5.1.0] Blocked attempt to add player Shanvir into team DARK_GREEN (expected team: 9ShanvirA)
10.04.2025 - 05:02:31 - [TAB v5.1.0] Blocked attempt to add player Shanvir into team DARK_AQUA (expected team: 9ShanvirA)
10.04.2025 - 05:02:32 - [TAB v5.1.0] Blocked attempt to add player Shanvir into team DARK_RED (expected team: 9ShanvirA)
10.04.2025 - 05:02:32 - [TAB v5.1.0] Blocked attempt to add player Shanvir into team DARK_PURPLE (expected team: 9ShanvirA)
10.04.2025 - 05:03:02 - [TAB v5.1.0] Blocked attempt to add player Shanvir into team RED (expected team: 9ShanvirA)
10.04.2025 - 05:03:21 - [TAB v5.1.0] Blocked attempt to add player Shanvir into team GOLD (expected team: 9ShanvirA)
10.04.2025 - 05:03:22 - [TAB v5.1.0] Blocked attempt to add player Shanvir into team GRAY (expected team: 9ShanvirA)
10.04.2025 - 05:03:22 - [TAB v5.1.0] Blocked attempt to add player Shanvir into team DARK_GRAY (expected team: 9ShanvirA)
10.04.2025 - 05:03:23 - [TAB v5.1.0] Blocked attempt to add player Shanvir into team BLUE (expected team: 9ShanvirA)
10.04.2025 - 05:03:23 - [TAB v5.1.0] Blocked attempt to add player Shanvir into team GREEN (expected team: 9ShanvirA)
10.04.2025 - 05:03:24 - [TAB v5.1.0] Blocked attempt to add player Shanvir into team AQUA (expected team: 9ShanvirA)
10.04.2025 - 05:03:24 - [TAB v5.1.0] Blocked attempt to add player Shanvir into team RED (expected team: 9ShanvirA)
10.04.2025 - 05:03:25 - [TAB v5.1.0] Blocked attempt to add player Shanvir into team LIGHT_PURPLE (expected team: 9ShanvirA)
10.04.2025 - 05:03:25 - [TAB v5.1.0] Blocked attempt to add player Shanvir into team YELLOW (expected team: 9ShanvirA)
10.04.2025 - 05:03:26 - [TAB v5.1.0] Blocked attempt to add player Shanvir into team WHITE (expected team: 9ShanvirA)
10.04.2025 - 05:03:26 - [TAB v5.1.0] Blocked attempt to add player Shanvir into team BLACK (expected team: 9ShanvirA)
10.04.2025 - 05:03:27 - [TAB v5.1.0] Blocked attempt to add player Shanvir into team DARK_BLUE (expected team: 9ShanvirA)
10.04.2025 - 05:03:27 - [TAB v5.1.0] Blocked attempt to add player Shanvir into team DARK_GREEN (expected team: 9ShanvirA)
10.04.2025 - 05:03:28 - [TAB v5.1.0] Blocked attempt to add player Shanvir into team DARK_AQUA (expected team: 9ShanvirA)
10.04.2025 - 05:03:28 - [TAB v5.1.0] Blocked attempt to add player Shanvir into team DARK_RED (expected team: 9ShanvirA)
10.04.2025 - 05:03:29 - [TAB v5.1.0] Blocked attempt to add player Shanvir into team DARK_PURPLE (expected team: 9ShanvirA)
10.04.2025 - 05:03:29 - [TAB v5.1.0] Blocked attempt to add player Shanvir into team GOLD (expected team: 9ShanvirA)
10.04.2025 - 05:03:30 - [TAB v5.1.0] Blocked attempt to add player Shanvir into team GRAY (expected team: 9ShanvirA)
10.04.2025 - 05:03:30 - [TAB v5.1.0] Blocked attempt to add player Shanvir into team DARK_GRAY (expected team: 9ShanvirA)
10.04.2025 - 05:03:31 - [TAB v5.1.0] Blocked attempt to add player Shanvir into team BLUE (expected team: 9ShanvirA)
10.04.2025 - 05:03:31 - [TAB v5.1.0] Blocked attempt to add player Shanvir into team GREEN (expected team: 9ShanvirA)
10.04.2025 - 05:03:32 - [TAB v5.1.0] Blocked attempt to add player Shanvir into team AQUA (expected team: 9ShanvirA)
10.04.2025 - 05:03:32 - [TAB v5.1.0] Blocked attempt to add player Shanvir into team RED (expected team: 9ShanvirA)
10.04.2025 - 05:03:33 - [TAB v5.1.0] Blocked attempt to add player Shanvir into team LIGHT_PURPLE (expected team: 9ShanvirA)
10.04.2025 - 05:03:33 - [TAB v5.1.0] Blocked attempt to add player Shanvir into team YELLOW (expected team: 9ShanvirA)
10.04.2025 - 05:03:34 - [TAB v5.1.0] Blocked attempt to add player Shanvir into team WHITE (expected team: 9ShanvirA)
10.04.2025 - 05:03:34 - [TAB v5.1.0] Blocked attempt to add player Shanvir into team BLACK (expected team: 9ShanvirA)
10.04.2025 - 05:03:35 - [TAB v5.1.0] Blocked attempt to add player Shanvir into team DARK_BLUE (expected team: 9ShanvirA)
10.04.2025 - 05:03:35 - [TAB v5.1.0] Blocked attempt to add player Shanvir into team DARK_GREEN (expected team: 9ShanvirA)
10.04.2025 - 05:04:17 - [TAB v5.1.0] Blocked attempt to add player Shanvir into team DARK_AQUA (expected team: 9ShanvirA)
10.04.2025 - 05:04:17 - [TAB v5.1.0] Blocked attempt to add player Shanvir into team DARK_RED (expected team: 9ShanvirA)
10.04.2025 - 05:04:18 - [TAB v5.1.0] Blocked attempt to add player Shanvir into team DARK_PURPLE (expected team: 9ShanvirA)
10.04.2025 - 05:04:18 - [TAB v5.1.0] Blocked attempt to add player Shanvir into team GOLD (expected team: 9ShanvirA)
10.04.2025 - 05:04:19 - [TAB v5.1.0] Blocked attempt to add player Shanvir into team GRAY (expected team: 9ShanvirA)
10.04.2025 - 05:04:19 - [TAB v5.1.0] Blocked attempt to add player Shanvir into team DARK_GRAY (expected team: 9ShanvirA)
10.04.2025 - 05:04:20 - [TAB v5.1.0] Blocked attempt to add player Shanvir into team BLUE (expected team: 9ShanvirA)
10.04.2025 - 05:04:20 - [TAB v5.1.0] Blocked attempt to add player Shanvir into team GREEN (expected team: 9ShanvirA)
10.04.2025 - 05:04:21 - [TAB v5.1.0] Blocked attempt to add player Shanvir into team AQUA (expected team: 9ShanvirA)
10.04.2025 - 05:04:21 - [TAB v5.1.0] Blocked attempt to add player Shanvir into team RED (expected team: 9ShanvirA)
10.04.2025 - 05:04:22 - [TAB v5.1.0] Blocked attempt to add player Shanvir into team LIGHT_PURPLE (expected team: 9ShanvirA)
10.04.2025 - 05:04:22 - [TAB v5.1.0] Blocked attempt to add player Shanvir into team YELLOW (expected team: 9ShanvirA)
10.04.2025 - 05:04:23 - [TAB v5.1.0] Blocked attempt to add player Shanvir into team WHITE (expected team: 9ShanvirA)
10.04.2025 - 05:04:23 - [TAB v5.1.0] Blocked attempt to add player Shanvir into team BLACK (expected team: 9ShanvirA)
10.04.2025 - 05:04:24 - [TAB v5.1.0] Blocked attempt to add player Shanvir into team DARK_BLUE (expected team: 9ShanvirA)
10.04.2025 - 05:04:24 - [TAB v5.1.0] Blocked attempt to add player Shanvir into team DARK_GREEN (expected team: 9ShanvirA)
10.04.2025 - 05:04:25 - [TAB v5.1.0] Blocked attempt to add player Shanvir into team DARK_AQUA (expected team: 9ShanvirA)
10.04.2025 - 05:04:25 - [TAB v5.1.0] Blocked attempt to add player Shanvir into team DARK_RED (expected team: 9ShanvirA)
10.04.2025 - 05:04:26 - [TAB v5.1.0] Blocked attempt to add player Shanvir into team DARK_PURPLE (expected team: 9ShanvirA)
10.04.2025 - 05:04:26 - [TAB v5.1.0] Blocked attempt to add player Shanvir into team GOLD (expected team: 9ShanvirA)
10.04.2025 - 05:04:27 - [TAB v5.1.0] Blocked attempt to add player Shanvir into team GRAY (expected team: 9ShanvirA)
10.04.2025 - 05:04:27 - [TAB v5.1.0] Blocked attempt to add player Shanvir into team DARK_GRAY (expected team: 9ShanvirA)
10.04.2025 - 05:04:28 - [TAB v5.1.0] Blocked attempt to add player Shanvir into team BLUE (expected team: 9ShanvirA)
10.04.2025 - 05:04:28 - [TAB v5.1.0] Blocked attempt to add player Shanvir into team GREEN (expected team: 9ShanvirA)
10.04.2025 - 05:04:29 - [TAB v5.1.0] Blocked attempt to add player Shanvir into team AQUA (expected team: 9ShanvirA)
10.04.2025 - 05:04:29 - [TAB v5.1.0] Blocked attempt to add player Shanvir into team RED (expected team: 9ShanvirA)
10.04.2025 - 05:04:30 - [TAB v5.1.0] Blocked attempt to add player Shanvir into team LIGHT_PURPLE (expected team: 9ShanvirA)
10.04.2025 - 05:04:30 - [TAB v5.1.0] Blocked attempt to add player Shanvir into team YELLOW (expected team: 9ShanvirA)
10.04.2025 - 05:04:31 - [TAB v5.1.0] Blocked attempt to add player Shanvir into team WHITE (expected team: 9ShanvirA)
10.04.2025 - 05:04:31 - [TAB v5.1.0] Blocked attempt to add player Shanvir into team BLACK (expected team: 9ShanvirA)
10.04.2025 - 05:04:32 - [TAB v5.1.0] Blocked attempt to add player Shanvir into team DARK_BLUE (expected team: 9ShanvirA)
10.04.2025 - 05:04:32 - [TAB v5.1.0] Blocked attempt to add player Shanvir into team DARK_GREEN (expected team: 9ShanvirA)
10.04.2025 - 05:04:33 - [TAB v5.1.0] Blocked attempt to add player Shanvir into team DARK_AQUA (expected team: 9ShanvirA)
10.04.2025 - 05:04:33 - [TAB v5.1.0] Blocked attempt to add player Shanvir into team DARK_RED (expected team: 9ShanvirA)
10.04.2025 - 05:04:34 - [TAB v5.1.0] Blocked attempt to add player Shanvir into team DARK_PURPLE (expected team: 9ShanvirA)
12.04.2025 - 19:09:19 - [TAB v5.1.0] Blocked attempt to add player Shanvir into team GOLD (expected team: :ShanvirA)
13.04.2025 - 10:12:08 - [TAB v5.1.0] Blocked attempt to add player Shanvir into team BLACK (expected team: 5ShanvirA)
13.04.2025 - 10:12:09 - [TAB v5.1.0] Blocked attempt to add player Shanvir into team DARK_BLUE (expected team: 5ShanvirA)
13.04.2025 - 10:12:09 - [TAB v5.1.0] Blocked attempt to add player Shanvir into team DARK_GREEN (expected team: 5ShanvirA)
13.04.2025 - 10:12:10 - [TAB v5.1.0] Blocked attempt to add player Shanvir into team DARK_AQUA (expected team: 5ShanvirA)
13.04.2025 - 10:12:10 - [TAB v5.1.0] Blocked attempt to add player Shanvir into team DARK_RED (expected team: 5ShanvirA)
13.04.2025 - 10:12:11 - [TAB v5.1.0] Blocked attempt to add player Shanvir into team DARK_PURPLE (expected team: 5ShanvirA)
13.04.2025 - 10:12:11 - [TAB v5.1.0] Blocked attempt to add player Shanvir into team GOLD (expected team: 5ShanvirA)
17.04.2025 - 12:43:19 - [TAB v5.1.0] Blocked attempt to add player Shanvir into team GREEN (expected team: 5ShanvirA)
24.04.2025 - 16:50:03 - [TAB v5.1.0] Blocked attempt to add player Shanvir into team DARK_RED (expected team: 6ShanvirA)
22.05.2025 - 14:06:40 - [TAB v5.1.0] Blocked attempt to add player Shanvir into team YELLOW (expected team: 5ShanvirA)
22.05.2025 - 14:06:40 - [TAB v5.1.0] Blocked attempt to add player Shanvir into team YELLOW (expected team: 5ShanvirA)
01.06.2025 - 11:57:37 - [TAB v5.1.0] Blocked attempt to add player Shanvir into team BLACK (expected team: 6ShanvirA)
01.06.2025 - 11:57:38 - [TAB v5.1.0] Blocked attempt to add player Shanvir into team DARK_BLUE (expected team: 6ShanvirA)
01.06.2025 - 11:57:38 - [TAB v5.1.0] Blocked attempt to add player Shanvir into team DARK_GREEN (expected team: 6ShanvirA)
01.06.2025 - 11:57:39 - [TAB v5.1.0] Blocked attempt to add player Shanvir into team DARK_AQUA (expected team: 6ShanvirA)
01.06.2025 - 11:57:39 - [TAB v5.1.0] Blocked attempt to add player Shanvir into team DARK_RED (expected team: 6ShanvirA)
01.06.2025 - 11:57:40 - [TAB v5.1.0] Blocked attempt to add player Shanvir into team DARK_PURPLE (expected team: 6ShanvirA)
01.06.2025 - 11:57:40 - [TAB v5.1.0] Blocked attempt to add player Shanvir into team GOLD (expected team: 6ShanvirA)
01.06.2025 - 11:57:41 - [TAB v5.1.0] Blocked attempt to add player Shanvir into team GRAY (expected team: 6ShanvirA)
01.06.2025 - 11:57:41 - [TAB v5.1.0] Blocked attempt to add player Shanvir into team DARK_GRAY (expected team: 6ShanvirA)
01.06.2025 - 11:57:42 - [TAB v5.1.0] Blocked attempt to add player Shanvir into team BLUE (expected team: 6ShanvirA)
01.06.2025 - 11:57:42 - [TAB v5.1.0] Blocked attempt to add player Shanvir into team GREEN (expected team: 6ShanvirA)
01.06.2025 - 11:57:43 - [TAB v5.1.0] Blocked attempt to add player Shanvir into team AQUA (expected team: 6ShanvirA)
01.06.2025 - 11:57:43 - [TAB v5.1.0] Blocked attempt to add player Shanvir into team RED (expected team: 6ShanvirA)
01.06.2025 - 11:57:44 - [TAB v5.1.0] Blocked attempt to add player Shanvir into team LIGHT_PURPLE (expected team: 6ShanvirA)
01.06.2025 - 11:57:44 - [TAB v5.1.0] Blocked attempt to add player Shanvir into team YELLOW (expected team: 6ShanvirA)
01.06.2025 - 11:57:45 - [TAB v5.1.0] Blocked attempt to add player Shanvir into team WHITE (expected team: 6ShanvirA)
01.06.2025 - 11:57:45 - [TAB v5.1.0] Blocked attempt to add player Shanvir into team BLACK (expected team: 6ShanvirA)
01.06.2025 - 11:57:46 - [TAB v5.1.0] Blocked attempt to add player Shanvir into team DARK_BLUE (expected team: 6ShanvirA)
01.06.2025 - 11:57:46 - [TAB v5.1.0] Blocked attempt to add player Shanvir into team DARK_GREEN (expected team: 6ShanvirA)
01.06.2025 - 11:57:47 - [TAB v5.1.0] Blocked attempt to add player Shanvir into team DARK_AQUA (expected team: 6ShanvirA)
01.06.2025 - 11:57:47 - [TAB v5.1.0] Blocked attempt to add player Shanvir into team DARK_RED (expected team: 6ShanvirA)
01.06.2025 - 11:57:48 - [TAB v5.1.0] Blocked attempt to add player Shanvir into team DARK_PURPLE (expected team: 6ShanvirA)
01.06.2025 - 11:57:48 - [TAB v5.1.0] Blocked attempt to add player Shanvir into team GOLD (expected team: 6ShanvirA)
01.06.2025 - 11:57:49 - [TAB v5.1.0] Blocked attempt to add player Shanvir into team GRAY (expected team: 6ShanvirA)
01.06.2025 - 11:57:49 - [TAB v5.1.0] Blocked attempt to add player Shanvir into team DARK_GRAY (expected team: 6ShanvirA)
01.06.2025 - 11:57:50 - [TAB v5.1.0] Blocked attempt to add player Shanvir into team BLUE (expected team: 6ShanvirA)
01.06.2025 - 11:57:50 - [TAB v5.1.0] Blocked attempt to add player Shanvir into team GREEN (expected team: 6ShanvirA)
01.06.2025 - 11:57:51 - [TAB v5.1.0] Blocked attempt to add player Shanvir into team AQUA (expected team: 6ShanvirA)
01.06.2025 - 11:57:51 - [TAB v5.1.0] Blocked attempt to add player Shanvir into team RED (expected team: 6ShanvirA)
01.06.2025 - 11:57:52 - [TAB v5.1.0] Blocked attempt to add player Shanvir into team LIGHT_PURPLE (expected team: 6ShanvirA)
01.06.2025 - 11:57:52 - [TAB v5.1.0] Blocked attempt to add player Shanvir into team YELLOW (expected team: 6ShanvirA)
02.06.2025 - 10:31:54 - [TAB v5.1.0] Blocked attempt to add player Shanvir into team BLACK (expected team: 6ShanvirA)
02.06.2025 - 10:31:54 - [TAB v5.1.0] Blocked attempt to add player Shanvir into team DARK_BLUE (expected team: 6ShanvirA)
02.06.2025 - 10:31:55 - [TAB v5.1.0] Blocked attempt to add player Shanvir into team DARK_GREEN (expected team: 6ShanvirA)
02.06.2025 - 10:31:55 - [TAB v5.1.0] Blocked attempt to add player Shanvir into team DARK_AQUA (expected team: 6ShanvirA)
02.06.2025 - 10:31:56 - [TAB v5.1.0] Blocked attempt to add player Shanvir into team DARK_RED (expected team: 6ShanvirA)
02.06.2025 - 10:31:56 - [TAB v5.1.0] Blocked attempt to add player Shanvir into team DARK_PURPLE (expected team: 6ShanvirA)
02.06.2025 - 10:31:57 - [TAB v5.1.0] Blocked attempt to add player Shanvir into team GOLD (expected team: 6ShanvirA)
02.06.2025 - 10:31:57 - [TAB v5.1.0] Blocked attempt to add player Shanvir into team GRAY (expected team: 6ShanvirA)
02.06.2025 - 10:31:58 - [TAB v5.1.0] Blocked attempt to add player Shanvir into team DARK_GRAY (expected team: 6ShanvirA)
15.06.2025 - 19:02:51 - [TAB v5.1.0] Blocked attempt to add player Shanvir into team BLACK (expected team: ;ShanvirA)
15.06.2025 - 19:02:52 - [TAB v5.1.0] Blocked attempt to add player Shanvir into team DARK_BLUE (expected team: ;ShanvirA)
15.06.2025 - 19:02:52 - [TAB v5.1.0] Blocked attempt to add player Shanvir into team DARK_GREEN (expected team: ;ShanvirA)
15.06.2025 - 19:02:53 - [TAB v5.1.0] Blocked attempt to add player Shanvir into team DARK_AQUA (expected team: ;ShanvirA)
15.06.2025 - 19:02:53 - [TAB v5.1.0] Blocked attempt to add player Shanvir into team DARK_RED (expected team: ;ShanvirA)
15.06.2025 - 19:02:54 - [TAB v5.1.0] Blocked attempt to add player Shanvir into team DARK_PURPLE (expected team: ;ShanvirA)
15.06.2025 - 19:02:54 - [TAB v5.1.0] Blocked attempt to add player Shanvir into team GOLD (expected team: ;ShanvirA)
15.06.2025 - 19:02:55 - [TAB v5.1.0] Blocked attempt to add player Shanvir into team GRAY (expected team: ;ShanvirA)
15.06.2025 - 19:02:55 - [TAB v5.1.0] Blocked attempt to add player Shanvir into team DARK_GRAY (expected team: ;ShanvirA)
15.06.2025 - 19:02:56 - [TAB v5.1.0] Blocked attempt to add player Shanvir into team BLUE (expected team: ;ShanvirA)
15.06.2025 - 19:02:56 - [TAB v5.1.0] Blocked attempt to add player Shanvir into team GREEN (expected team: ;ShanvirA)
15.06.2025 - 19:02:57 - [TAB v5.1.0] Blocked attempt to add player Shanvir into team AQUA (expected team: ;ShanvirA)
15.06.2025 - 19:02:57 - [TAB v5.1.0] Blocked attempt to add player Shanvir into team RED (expected team: ;ShanvirA)
15.06.2025 - 19:02:58 - [TAB v5.1.0] Blocked attempt to add player Shanvir into team LIGHT_PURPLE (expected team: ;ShanvirA)
15.06.2025 - 19:02:58 - [TAB v5.1.0] Blocked attempt to add player Shanvir into team YELLOW (expected team: ;ShanvirA)
15.06.2025 - 19:02:59 - [TAB v5.1.0] Blocked attempt to add player Shanvir into team WHITE (expected team: ;ShanvirA)
15.06.2025 - 19:02:59 - [TAB v5.1.0] Blocked attempt to add player Shanvir into team BLACK (expected team: ;ShanvirA)
15.06.2025 - 19:03:00 - [TAB v5.1.0] Blocked attempt to add player Shanvir into team DARK_BLUE (expected team: ;ShanvirA)
15.06.2025 - 19:03:00 - [TAB v5.1.0] Blocked attempt to add player Shanvir into team DARK_GREEN (expected team: ;ShanvirA)
15.06.2025 - 19:03:01 - [TAB v5.1.0] Blocked attempt to add player Shanvir into team DARK_AQUA (expected team: ;ShanvirA)
15.06.2025 - 19:03:01 - [TAB v5.1.0] Blocked attempt to add player Shanvir into team DARK_RED (expected team: ;ShanvirA)
15.06.2025 - 19:03:02 - [TAB v5.1.0] Blocked attempt to add player Shanvir into team DARK_PURPLE (expected team: ;ShanvirA)
15.06.2025 - 19:03:02 - [TAB v5.1.0] Blocked attempt to add player Shanvir into team GOLD (expected team: ;ShanvirA)
15.06.2025 - 19:03:03 - [TAB v5.1.0] Blocked attempt to add player Shanvir into team GRAY (expected team: ;ShanvirA)
15.06.2025 - 19:03:03 - [TAB v5.1.0] Blocked attempt to add player Shanvir into team DARK_GRAY (expected team: ;ShanvirA)
15.06.2025 - 19:03:04 - [TAB v5.1.0] Blocked attempt to add player Shanvir into team BLUE (expected team: ;ShanvirA)
15.06.2025 - 19:03:04 - [TAB v5.1.0] Blocked attempt to add player Shanvir into team GREEN (expected team: ;ShanvirA)
15.06.2025 - 19:03:05 - [TAB v5.1.0] Blocked attempt to add player Shanvir into team AQUA (expected team: ;ShanvirA)
15.06.2025 - 19:03:05 - [TAB v5.1.0] Blocked attempt to add player Shanvir into team RED (expected team: ;ShanvirA)
15.06.2025 - 19:03:06 - [TAB v5.1.0] Blocked attempt to add player Shanvir into team LIGHT_PURPLE (expected team: ;ShanvirA)
15.06.2025 - 19:03:06 - [TAB v5.1.0] Blocked attempt to add player Shanvir into team YELLOW (expected team: ;ShanvirA)
15.06.2025 - 19:03:07 - [TAB v5.1.0] Blocked attempt to add player Shanvir into team WHITE (expected team: ;ShanvirA)
15.06.2025 - 19:03:07 - [TAB v5.1.0] Blocked attempt to add player Shanvir into team BLACK (expected team: ;ShanvirA)
15.06.2025 - 19:03:08 - [TAB v5.1.0] Blocked attempt to add player Shanvir into team DARK_BLUE (expected team: ;ShanvirA)
15.06.2025 - 19:03:08 - [TAB v5.1.0] Blocked attempt to add player Shanvir into team DARK_GREEN (expected team: ;ShanvirA)
15.06.2025 - 19:03:09 - [TAB v5.1.0] Blocked attempt to add player Shanvir into team DARK_AQUA (expected team: ;ShanvirA)
15.06.2025 - 19:03:09 - [TAB v5.1.0] Blocked attempt to add player Shanvir into team DARK_RED (expected team: ;ShanvirA)
15.06.2025 - 19:03:10 - [TAB v5.1.0] Blocked attempt to add player Shanvir into team DARK_PURPLE (expected team: ;ShanvirA)
15.06.2025 - 19:03:10 - [TAB v5.1.0] Blocked attempt to add player Shanvir into team GOLD (expected team: ;ShanvirA)
15.06.2025 - 19:03:11 - [TAB v5.1.0] Blocked attempt to add player Shanvir into team GRAY (expected team: ;ShanvirA)
15.06.2025 - 19:03:11 - [TAB v5.1.0] Blocked attempt to add player Shanvir into team DARK_GRAY (expected team: ;ShanvirA)
15.06.2025 - 19:03:12 - [TAB v5.1.0] Blocked attempt to add player Shanvir into team BLUE (expected team: ;ShanvirA)
15.06.2025 - 19:03:12 - [TAB v5.1.0] Blocked attempt to add player Shanvir into team GREEN (expected team: ;ShanvirA)
15.06.2025 - 19:03:13 - [TAB v5.1.0] Blocked attempt to add player Shanvir into team AQUA (expected team: ;ShanvirA)
15.06.2025 - 19:03:13 - [TAB v5.1.0] Blocked attempt to add player Shanvir into team RED (expected team: ;ShanvirA)
15.06.2025 - 19:03:14 - [TAB v5.1.0] Blocked attempt to add player Shanvir into team LIGHT_PURPLE (expected team: ;ShanvirA)
15.06.2025 - 19:03:14 - [TAB v5.1.0] Blocked attempt to add player Shanvir into team YELLOW (expected team: ;ShanvirA)
15.06.2025 - 19:03:15 - [TAB v5.1.0] Blocked attempt to add player Shanvir into team WHITE (expected team: ;ShanvirA)
15.06.2025 - 19:03:15 - [TAB v5.1.0] Blocked attempt to add player Shanvir into team BLACK (expected team: ;ShanvirA)
15.06.2025 - 19:03:16 - [TAB v5.1.0] Blocked attempt to add player Shanvir into team DARK_BLUE (expected team: ;ShanvirA)
15.06.2025 - 19:03:16 - [TAB v5.1.0] Blocked attempt to add player Shanvir into team DARK_GREEN (expected team: ;ShanvirA)
15.06.2025 - 19:03:17 - [TAB v5.1.0] Blocked attempt to add player Shanvir into team DARK_AQUA (expected team: ;ShanvirA)
15.06.2025 - 19:03:17 - [TAB v5.1.0] Blocked attempt to add player Shanvir into team DARK_RED (expected team: ;ShanvirA)
15.06.2025 - 19:03:18 - [TAB v5.1.0] Blocked attempt to add player Shanvir into team DARK_PURPLE (expected team: ;ShanvirA)
15.06.2025 - 19:03:18 - [TAB v5.1.0] Blocked attempt to add player Shanvir into team GOLD (expected team: ;ShanvirA)
15.06.2025 - 19:03:19 - [TAB v5.1.0] Blocked attempt to add player Shanvir into team GRAY (expected team: ;ShanvirA)
15.06.2025 - 19:03:19 - [TAB v5.1.0] Blocked attempt to add player Shanvir into team DARK_GRAY (expected team: ;ShanvirA)
15.06.2025 - 19:03:20 - [TAB v5.1.0] Blocked attempt to add player Shanvir into team BLUE (expected team: ;ShanvirA)
15.06.2025 - 19:03:20 - [TAB v5.1.0] Blocked attempt to add player Shanvir into team GREEN (expected team: ;ShanvirA)
15.06.2025 - 19:03:21 - [TAB v5.1.0] Blocked attempt to add player Shanvir into team AQUA (expected team: ;ShanvirA)
15.06.2025 - 19:03:21 - [TAB v5.1.0] Blocked attempt to add player Shanvir into team RED (expected team: ;ShanvirA)
15.06.2025 - 19:03:22 - [TAB v5.1.0] Blocked attempt to add player Shanvir into team LIGHT_PURPLE (expected team: ;ShanvirA)
15.06.2025 - 19:03:22 - [TAB v5.1.0] Blocked attempt to add player Shanvir into team YELLOW (expected team: ;ShanvirA)
15.06.2025 - 19:03:23 - [TAB v5.1.0] Blocked attempt to add player Shanvir into team WHITE (expected team: ;ShanvirA)
15.06.2025 - 19:03:23 - [TAB v5.1.0] Blocked attempt to add player Shanvir into team BLACK (expected team: ;ShanvirA)
15.06.2025 - 19:03:24 - [TAB v5.1.0] Blocked attempt to add player Shanvir into team DARK_BLUE (expected team: ;ShanvirA)
15.06.2025 - 19:03:24 - [TAB v5.1.0] Blocked attempt to add player Shanvir into team DARK_GREEN (expected team: ;ShanvirA)
15.06.2025 - 19:03:25 - [TAB v5.1.0] Blocked attempt to add player Shanvir into team DARK_AQUA (expected team: ;ShanvirA)
15.06.2025 - 19:03:25 - [TAB v5.1.0] Blocked attempt to add player Shanvir into team DARK_RED (expected team: ;ShanvirA)
15.06.2025 - 19:03:26 - [TAB v5.1.0] Blocked attempt to add player Shanvir into team DARK_PURPLE (expected team: ;ShanvirA)
15.06.2025 - 19:03:26 - [TAB v5.1.0] Blocked attempt to add player Shanvir into team GOLD (expected team: ;ShanvirA)
15.06.2025 - 19:03:27 - [TAB v5.1.0] Blocked attempt to add player Shanvir into team GRAY (expected team: ;ShanvirA)
15.06.2025 - 19:03:27 - [TAB v5.1.0] Blocked attempt to add player Shanvir into team DARK_GRAY (expected team: ;ShanvirA)
15.06.2025 - 19:03:28 - [TAB v5.1.0] Blocked attempt to add player Shanvir into team BLUE (expected team: ;ShanvirA)
15.06.2025 - 19:03:28 - [TAB v5.1.0] Blocked attempt to add player Shanvir into team GREEN (expected team: ;ShanvirA)
15.06.2025 - 19:03:29 - [TAB v5.1.0] Blocked attempt to add player Shanvir into team AQUA (expected team: ;ShanvirA)
15.06.2025 - 19:03:29 - [TAB v5.1.0] Blocked attempt to add player Shanvir into team RED (expected team: ;ShanvirA)
15.06.2025 - 19:03:30 - [TAB v5.1.0] Blocked attempt to add player Shanvir into team LIGHT_PURPLE (expected team: ;ShanvirA)
15.06.2025 - 19:03:30 - [TAB v5.1.0] Blocked attempt to add player Shanvir into team YELLOW (expected team: ;ShanvirA)
15.06.2025 - 19:03:31 - [TAB v5.1.0] Blocked attempt to add player Shanvir into team WHITE (expected team: ;ShanvirA)
15.06.2025 - 19:03:31 - [TAB v5.1.0] Blocked attempt to add player Shanvir into team BLACK (expected team: ;ShanvirA)
15.06.2025 - 19:03:32 - [TAB v5.1.0] Blocked attempt to add player Shanvir into team DARK_BLUE (expected team: ;ShanvirA)
15.06.2025 - 19:03:32 - [TAB v5.1.0] Blocked attempt to add player Shanvir into team DARK_GREEN (expected team: ;ShanvirA)
15.06.2025 - 19:03:33 - [TAB v5.1.0] Blocked attempt to add player Shanvir into team DARK_AQUA (expected team: ;ShanvirA)
15.06.2025 - 19:03:33 - [TAB v5.1.0] Blocked attempt to add player Shanvir into team DARK_RED (expected team: ;ShanvirA)
15.06.2025 - 19:03:34 - [TAB v5.1.0] Blocked attempt to add player Shanvir into team DARK_PURPLE (expected team: ;ShanvirA)
15.06.2025 - 19:03:34 - [TAB v5.1.0] Blocked attempt to add player Shanvir into team GOLD (expected team: ;ShanvirA)
15.06.2025 - 19:03:35 - [TAB v5.1.0] Blocked attempt to add player Shanvir into team GRAY (expected team: ;ShanvirA)
15.06.2025 - 19:03:35 - [TAB v5.1.0] Blocked attempt to add player Shanvir into team DARK_GRAY (expected team: ;ShanvirA)
15.06.2025 - 19:03:36 - [TAB v5.1.0] Blocked attempt to add player Shanvir into team BLUE (expected team: ;ShanvirA)
15.06.2025 - 19:03:36 - [TAB v5.1.0] Blocked attempt to add player Shanvir into team GREEN (expected team: ;ShanvirA)
15.06.2025 - 19:03:37 - [TAB v5.1.0] Blocked attempt to add player Shanvir into team AQUA (expected team: ;ShanvirA)
15.06.2025 - 19:03:37 - [TAB v5.1.0] Blocked attempt to add player Shanvir into team RED (expected team: ;ShanvirA)
15.06.2025 - 19:03:38 - [TAB v5.1.0] Blocked attempt to add player Shanvir into team LIGHT_PURPLE (expected team: ;ShanvirA)
15.06.2025 - 19:03:38 - [TAB v5.1.0] Blocked attempt to add player Shanvir into team YELLOW (expected team: ;ShanvirA)
15.06.2025 - 19:03:39 - [TAB v5.1.0] Blocked attempt to add player Shanvir into team WHITE (expected team: ;ShanvirA)
15.06.2025 - 19:03:39 - [TAB v5.1.0] Blocked attempt to add player Shanvir into team BLACK (expected team: ;ShanvirA)
15.06.2025 - 19:03:40 - [TAB v5.1.0] Blocked attempt to add player Shanvir into team DARK_BLUE (expected team: ;ShanvirA)
15.06.2025 - 19:03:40 - [TAB v5.1.0] Blocked attempt to add player Shanvir into team DARK_GREEN (expected team: ;ShanvirA)
15.06.2025 - 19:03:41 - [TAB v5.1.0] Blocked attempt to add player Shanvir into team DARK_AQUA (expected team: ;ShanvirA)
15.06.2025 - 19:03:41 - [TAB v5.1.0] Blocked attempt to add player Shanvir into team DARK_RED (expected team: ;ShanvirA)
15.06.2025 - 19:03:42 - [TAB v5.1.0] Blocked attempt to add player Shanvir into team DARK_PURPLE (expected team: ;ShanvirA)
15.06.2025 - 19:03:42 - [TAB v5.1.0] Blocked attempt to add player Shanvir into team GOLD (expected team: ;ShanvirA)
15.06.2025 - 19:03:43 - [TAB v5.1.0] Blocked attempt to add player Shanvir into team GRAY (expected team: ;ShanvirA)
15.06.2025 - 19:03:43 - [TAB v5.1.0] Blocked attempt to add player Shanvir into team DARK_GRAY (expected team: ;ShanvirA)
15.06.2025 - 19:03:44 - [TAB v5.1.0] Blocked attempt to add player Shanvir into team BLUE (expected team: ;ShanvirA)
15.06.2025 - 19:03:44 - [TAB v5.1.0] Blocked attempt to add player Shanvir into team GREEN (expected team: ;ShanvirA)
15.06.2025 - 19:03:45 - [TAB v5.1.0] Blocked attempt to add player Shanvir into team AQUA (expected team: ;ShanvirA)
15.06.2025 - 19:03:45 - [TAB v5.1.0] Blocked attempt to add player Shanvir into team RED (expected team: ;ShanvirA)
15.06.2025 - 19:03:46 - [TAB v5.1.0] Blocked attempt to add player Shanvir into team LIGHT_PURPLE (expected team: ;ShanvirA)
15.06.2025 - 19:03:46 - [TAB v5.1.0] Blocked attempt to add player Shanvir into team YELLOW (expected team: ;ShanvirA)
15.06.2025 - 19:03:47 - [TAB v5.1.0] Blocked attempt to add player Shanvir into team WHITE (expected team: ;ShanvirA)
15.06.2025 - 19:03:47 - [TAB v5.1.0] Blocked attempt to add player Shanvir into team BLACK (expected team: ;ShanvirA)
15.06.2025 - 19:03:48 - [TAB v5.1.0] Blocked attempt to add player Shanvir into team DARK_BLUE (expected team: ;ShanvirA)
15.06.2025 - 19:03:48 - [TAB v5.1.0] Blocked attempt to add player Shanvir into team DARK_GREEN (expected team: ;ShanvirA)
15.06.2025 - 19:03:49 - [TAB v5.1.0] Blocked attempt to add player Shanvir into team DARK_AQUA (expected team: ;ShanvirA)
15.06.2025 - 19:03:49 - [TAB v5.1.0] Blocked attempt to add player Shanvir into team DARK_RED (expected team: ;ShanvirA)
15.06.2025 - 19:03:50 - [TAB v5.1.0] Blocked attempt to add player Shanvir into team DARK_PURPLE (expected team: ;ShanvirA)
15.06.2025 - 19:03:50 - [TAB v5.1.0] Blocked attempt to add player Shanvir into team GOLD (expected team: ;ShanvirA)
15.06.2025 - 19:03:51 - [TAB v5.1.0] Blocked attempt to add player Shanvir into team GRAY (expected team: ;ShanvirA)
15.06.2025 - 19:03:51 - [TAB v5.1.0] Blocked attempt to add player Shanvir into team DARK_GRAY (expected team: ;ShanvirA)
15.06.2025 - 19:03:52 - [TAB v5.1.0] Blocked attempt to add player Shanvir into team BLUE (expected team: ;ShanvirA)
15.06.2025 - 19:03:52 - [TAB v5.1.0] Blocked attempt to add player Shanvir into team GREEN (expected team: ;ShanvirA)
15.06.2025 - 19:03:53 - [TAB v5.1.0] Blocked attempt to add player Shanvir into team AQUA (expected team: ;ShanvirA)
15.06.2025 - 19:03:53 - [TAB v5.1.0] Blocked attempt to add player Shanvir into team RED (expected team: ;ShanvirA)
15.06.2025 - 19:03:54 - [TAB v5.1.0] Blocked attempt to add player Shanvir into team LIGHT_PURPLE (expected team: ;ShanvirA)
15.06.2025 - 19:03:54 - [TAB v5.1.0] Blocked attempt to add player Shanvir into team YELLOW (expected team: ;ShanvirA)
15.06.2025 - 19:03:55 - [TAB v5.1.0] Blocked attempt to add player Shanvir into team WHITE (expected team: ;ShanvirA)
15.06.2025 - 19:03:55 - [TAB v5.1.0] Blocked attempt to add player Shanvir into team BLACK (expected team: ;ShanvirA)
15.06.2025 - 19:03:56 - [TAB v5.1.0] Blocked attempt to add player Shanvir into team DARK_BLUE (expected team: ;ShanvirA)
15.06.2025 - 19:03:56 - [TAB v5.1.0] Blocked attempt to add player Shanvir into team DARK_GREEN (expected team: ;ShanvirA)
15.06.2025 - 19:03:57 - [TAB v5.1.0] Blocked attempt to add player Shanvir into team DARK_AQUA (expected team: ;ShanvirA)
15.06.2025 - 19:03:57 - [TAB v5.1.0] Blocked attempt to add player Shanvir into team DARK_RED (expected team: ;ShanvirA)
15.06.2025 - 19:03:58 - [TAB v5.1.0] Blocked attempt to add player Shanvir into team DARK_PURPLE (expected team: ;ShanvirA)
15.06.2025 - 19:03:58 - [TAB v5.1.0] Blocked attempt to add player Shanvir into team GOLD (expected team: ;ShanvirA)
15.06.2025 - 19:03:59 - [TAB v5.1.0] Blocked attempt to add player Shanvir into team GRAY (expected team: ;ShanvirA)
15.06.2025 - 19:03:59 - [TAB v5.1.0] Blocked attempt to add player Shanvir into team DARK_GRAY (expected team: ;ShanvirA)
15.06.2025 - 19:04:00 - [TAB v5.1.0] Blocked attempt to add player Shanvir into team BLUE (expected team: ;ShanvirA)
15.06.2025 - 19:04:00 - [TAB v5.1.0] Blocked attempt to add player Shanvir into team GREEN (expected team: ;ShanvirA)
15.06.2025 - 19:04:01 - [TAB v5.1.0] Blocked attempt to add player Shanvir into team AQUA (expected team: ;ShanvirA)
15.06.2025 - 19:04:01 - [TAB v5.1.0] Blocked attempt to add player Shanvir into team RED (expected team: ;ShanvirA)
15.06.2025 - 19:04:02 - [TAB v5.1.0] Blocked attempt to add player Shanvir into team LIGHT_PURPLE (expected team: ;ShanvirA)
15.06.2025 - 19:04:02 - [TAB v5.1.0] Blocked attempt to add player Shanvir into team YELLOW (expected team: ;ShanvirA)
15.06.2025 - 19:04:03 - [TAB v5.1.0] Blocked attempt to add player Shanvir into team WHITE (expected team: ;ShanvirA)
15.06.2025 - 19:04:03 - [TAB v5.1.0] Blocked attempt to add player Shanvir into team BLACK (expected team: ;ShanvirA)
15.06.2025 - 19:04:04 - [TAB v5.1.0] Blocked attempt to add player Shanvir into team DARK_BLUE (expected team: ;ShanvirA)
15.06.2025 - 19:04:04 - [TAB v5.1.0] Blocked attempt to add player Shanvir into team DARK_GREEN (expected team: ;ShanvirA)
15.06.2025 - 19:04:05 - [TAB v5.1.0] Blocked attempt to add player Shanvir into team DARK_AQUA (expected team: ;ShanvirA)
15.06.2025 - 19:04:05 - [TAB v5.1.0] Blocked attempt to add player Shanvir into team DARK_RED (expected team: ;ShanvirA)
15.06.2025 - 19:04:06 - [TAB v5.1.0] Blocked attempt to add player Shanvir into team DARK_PURPLE (expected team: ;ShanvirA)
15.06.2025 - 19:04:06 - [TAB v5.1.0] Blocked attempt to add player Shanvir into team GOLD (expected team: ;ShanvirA)
15.06.2025 - 19:04:07 - [TAB v5.1.0] Blocked attempt to add player Shanvir into team GRAY (expected team: ;ShanvirA)
15.06.2025 - 19:04:07 - [TAB v5.1.0] Blocked attempt to add player Shanvir into team DARK_GRAY (expected team: ;ShanvirA)
15.06.2025 - 19:04:08 - [TAB v5.1.0] Blocked attempt to add player Shanvir into team BLUE (expected team: ;ShanvirA)
15.06.2025 - 19:04:08 - [TAB v5.1.0] Blocked attempt to add player Shanvir into team GREEN (expected team: ;ShanvirA)
15.06.2025 - 19:04:09 - [TAB v5.1.0] Blocked attempt to add player Shanvir into team AQUA (expected team: ;ShanvirA)
15.06.2025 - 19:04:09 - [TAB v5.1.0] Blocked attempt to add player Shanvir into team RED (expected team: ;ShanvirA)
15.06.2025 - 19:04:10 - [TAB v5.1.0] Blocked attempt to add player Shanvir into team LIGHT_PURPLE (expected team: ;ShanvirA)
15.06.2025 - 19:04:10 - [TAB v5.1.0] Blocked attempt to add player Shanvir into team YELLOW (expected team: ;ShanvirA)
15.06.2025 - 19:04:11 - [TAB v5.1.0] Blocked attempt to add player Shanvir into team WHITE (expected team: ;ShanvirA)
15.06.2025 - 19:04:11 - [TAB v5.1.0] Blocked attempt to add player Shanvir into team BLACK (expected team: ;ShanvirA)
15.06.2025 - 19:04:12 - [TAB v5.1.0] Blocked attempt to add player Shanvir into team DARK_BLUE (expected team: ;ShanvirA)
15.06.2025 - 19:04:12 - [TAB v5.1.0] Blocked attempt to add player Shanvir into team DARK_GREEN (expected team: ;ShanvirA)
15.06.2025 - 19:04:13 - [TAB v5.1.0] Blocked attempt to add player Shanvir into team DARK_AQUA (expected team: ;ShanvirA)
15.06.2025 - 19:04:13 - [TAB v5.1.0] Blocked attempt to add player Shanvir into team DARK_RED (expected team: ;ShanvirA)
15.06.2025 - 19:04:14 - [TAB v5.1.0] Blocked attempt to add player Shanvir into team DARK_PURPLE (expected team: ;ShanvirA)
15.06.2025 - 19:04:14 - [TAB v5.1.0] Blocked attempt to add player Shanvir into team GOLD (expected team: ;ShanvirA)
15.06.2025 - 19:04:15 - [TAB v5.1.0] Blocked attempt to add player Shanvir into team GRAY (expected team: ;ShanvirA)
15.06.2025 - 19:04:15 - [TAB v5.1.0] Blocked attempt to add player Shanvir into team DARK_GRAY (expected team: ;ShanvirA)
15.06.2025 - 19:04:16 - [TAB v5.1.0] Blocked attempt to add player Shanvir into team BLUE (expected team: ;ShanvirA)
15.06.2025 - 19:04:16 - [TAB v5.1.0] Blocked attempt to add player Shanvir into team GREEN (expected team: ;ShanvirA)
15.06.2025 - 19:04:17 - [TAB v5.1.0] Blocked attempt to add player Shanvir into team AQUA (expected team: ;ShanvirA)
15.06.2025 - 19:04:17 - [TAB v5.1.0] Blocked attempt to add player Shanvir into team RED (expected team: ;ShanvirA)
15.06.2025 - 19:04:18 - [TAB v5.1.0] Blocked attempt to add player Shanvir into team LIGHT_PURPLE (expected team: ;ShanvirA)
15.06.2025 - 19:04:18 - [TAB v5.1.0] Blocked attempt to add player Shanvir into team YELLOW (expected team: ;ShanvirA)
15.06.2025 - 19:04:19 - [TAB v5.1.0] Blocked attempt to add player Shanvir into team WHITE (expected team: ;ShanvirA)
15.06.2025 - 19:04:19 - [TAB v5.1.0] Blocked attempt to add player Shanvir into team BLACK (expected team: ;ShanvirA)
15.06.2025 - 19:04:20 - [TAB v5.1.0] Blocked attempt to add player Shanvir into team DARK_BLUE (expected team: ;ShanvirA)
15.06.2025 - 19:04:20 - [TAB v5.1.0] Blocked attempt to add player Shanvir into team DARK_GREEN (expected team: ;ShanvirA)
15.06.2025 - 19:04:21 - [TAB v5.1.0] Blocked attempt to add player Shanvir into team DARK_AQUA (expected team: ;ShanvirA)
15.06.2025 - 19:04:21 - [TAB v5.1.0] Blocked attempt to add player Shanvir into team DARK_RED (expected team: ;ShanvirA)
15.06.2025 - 19:04:22 - [TAB v5.1.0] Blocked attempt to add player Shanvir into team DARK_PURPLE (expected team: ;ShanvirA)
15.06.2025 - 19:04:22 - [TAB v5.1.0] Blocked attempt to add player Shanvir into team GOLD (expected team: ;ShanvirA)
15.06.2025 - 19:04:23 - [TAB v5.1.0] Blocked attempt to add player Shanvir into team GRAY (expected team: ;ShanvirA)
15.06.2025 - 19:04:23 - [TAB v5.1.0] Blocked attempt to add player Shanvir into team DARK_GRAY (expected team: ;ShanvirA)
15.06.2025 - 19:04:24 - [TAB v5.1.0] Blocked attempt to add player Shanvir into team BLUE (expected team: ;ShanvirA)
15.06.2025 - 19:04:24 - [TAB v5.1.0] Blocked attempt to add player Shanvir into team GREEN (expected team: ;ShanvirA)
15.06.2025 - 19:04:25 - [TAB v5.1.0] Blocked attempt to add player Shanvir into team AQUA (expected team: ;ShanvirA)
15.06.2025 - 19:04:25 - [TAB v5.1.0] Blocked attempt to add player Shanvir into team RED (expected team: ;ShanvirA)
15.06.2025 - 19:04:26 - [TAB v5.1.0] Blocked attempt to add player Shanvir into team LIGHT_PURPLE (expected team: ;ShanvirA)
15.06.2025 - 19:04:26 - [TAB v5.1.0] Blocked attempt to add player Shanvir into team YELLOW (expected team: ;ShanvirA)
15.06.2025 - 19:04:27 - [TAB v5.1.0] Blocked attempt to add player Shanvir into team WHITE (expected team: ;ShanvirA)
15.06.2025 - 19:04:27 - [TAB v5.1.0] Blocked attempt to add player Shanvir into team BLACK (expected team: ;ShanvirA)
15.06.2025 - 19:04:28 - [TAB v5.1.0] Blocked attempt to add player Shanvir into team DARK_BLUE (expected team: ;ShanvirA)
15.06.2025 - 19:04:28 - [TAB v5.1.0] Blocked attempt to add player Shanvir into team DARK_GREEN (expected team: ;ShanvirA)
15.06.2025 - 19:04:29 - [TAB v5.1.0] Blocked attempt to add player Shanvir into team DARK_AQUA (expected team: ;ShanvirA)
15.06.2025 - 19:04:29 - [TAB v5.1.0] Blocked attempt to add player Shanvir into team DARK_RED (expected team: ;ShanvirA)
15.06.2025 - 19:04:30 - [TAB v5.1.0] Blocked attempt to add player Shanvir into team DARK_PURPLE (expected team: ;ShanvirA)
15.06.2025 - 19:04:30 - [TAB v5.1.0] Blocked attempt to add player Shanvir into team GOLD (expected team: ;ShanvirA)
15.06.2025 - 19:04:31 - [TAB v5.1.0] Blocked attempt to add player Shanvir into team GRAY (expected team: ;ShanvirA)
15.06.2025 - 19:04:31 - [TAB v5.1.0] Blocked attempt to add player Shanvir into team DARK_GRAY (expected team: ;ShanvirA)
15.06.2025 - 19:04:32 - [TAB v5.1.0] Blocked attempt to add player Shanvir into team BLUE (expected team: ;ShanvirA)
15.06.2025 - 19:04:32 - [TAB v5.1.0] Blocked attempt to add player Shanvir into team GREEN (expected team: ;ShanvirA)
15.06.2025 - 19:04:33 - [TAB v5.1.0] Blocked attempt to add player Shanvir into team AQUA (expected team: ;ShanvirA)
15.06.2025 - 19:04:33 - [TAB v5.1.0] Blocked attempt to add player Shanvir into team RED (expected team: ;ShanvirA)
15.06.2025 - 19:04:34 - [TAB v5.1.0] Blocked attempt to add player Shanvir into team LIGHT_PURPLE (expected team: ;ShanvirA)
15.06.2025 - 19:04:34 - [TAB v5.1.0] Blocked attempt to add player Shanvir into team YELLOW (expected team: ;ShanvirA)
15.06.2025 - 19:04:35 - [TAB v5.1.0] Blocked attempt to add player Shanvir into team WHITE (expected team: ;ShanvirA)
15.06.2025 - 19:04:35 - [TAB v5.1.0] Blocked attempt to add player Shanvir into team BLACK (expected team: ;ShanvirA)
15.06.2025 - 19:04:36 - [TAB v5.1.0] Blocked attempt to add player Shanvir into team DARK_BLUE (expected team: ;ShanvirA)
15.06.2025 - 19:04:36 - [TAB v5.1.0] Blocked attempt to add player Shanvir into team DARK_GREEN (expected team: ;ShanvirA)
15.06.2025 - 19:04:37 - [TAB v5.1.0] Blocked attempt to add player Shanvir into team DARK_AQUA (expected team: ;ShanvirA)
15.06.2025 - 19:04:37 - [TAB v5.1.0] Blocked attempt to add player Shanvir into team DARK_RED (expected team: ;ShanvirA)
15.06.2025 - 19:04:38 - [TAB v5.1.0] Blocked attempt to add player Shanvir into team DARK_PURPLE (expected team: ;ShanvirA)
15.06.2025 - 19:04:38 - [TAB v5.1.0] Blocked attempt to add player Shanvir into team GOLD (expected team: ;ShanvirA)
15.06.2025 - 19:04:39 - [TAB v5.1.0] Blocked attempt to add player Shanvir into team GRAY (expected team: ;ShanvirA)
15.06.2025 - 19:04:39 - [TAB v5.1.0] Blocked attempt to add player Shanvir into team DARK_GRAY (expected team: ;ShanvirA)
15.06.2025 - 19:04:40 - [TAB v5.1.0] Blocked attempt to add player Shanvir into team BLUE (expected team: ;ShanvirA)
15.06.2025 - 19:04:40 - [TAB v5.1.0] Blocked attempt to add player Shanvir into team GREEN (expected team: ;ShanvirA)
15.06.2025 - 19:04:41 - [TAB v5.1.0] Blocked attempt to add player Shanvir into team AQUA (expected team: ;ShanvirA)
15.06.2025 - 19:04:41 - [TAB v5.1.0] Blocked attempt to add player Shanvir into team RED (expected team: ;ShanvirA)
15.06.2025 - 19:04:42 - [TAB v5.1.0] Blocked attempt to add player Shanvir into team LIGHT_PURPLE (expected team: ;ShanvirA)
15.06.2025 - 19:04:42 - [TAB v5.1.0] Blocked attempt to add player Shanvir into team YELLOW (expected team: ;ShanvirA)
15.06.2025 - 19:04:43 - [TAB v5.1.0] Blocked attempt to add player Shanvir into team WHITE (expected team: ;ShanvirA)
15.06.2025 - 19:04:43 - [TAB v5.1.0] Blocked attempt to add player Shanvir into team BLACK (expected team: ;ShanvirA)
15.06.2025 - 19:04:44 - [TAB v5.1.0] Blocked attempt to add player Shanvir into team DARK_BLUE (expected team: ;ShanvirA)
15.06.2025 - 19:04:44 - [TAB v5.1.0] Blocked attempt to add player Shanvir into team DARK_GREEN (expected team: ;ShanvirA)
15.06.2025 - 19:04:45 - [TAB v5.1.0] Blocked attempt to add player Shanvir into team DARK_AQUA (expected team: ;ShanvirA)
15.06.2025 - 19:04:45 - [TAB v5.1.0] Blocked attempt to add player Shanvir into team DARK_RED (expected team: ;ShanvirA)
15.06.2025 - 19:04:46 - [TAB v5.1.0] Blocked attempt to add player Shanvir into team DARK_PURPLE (expected team: ;ShanvirA)
15.06.2025 - 19:04:46 - [TAB v5.1.0] Blocked attempt to add player Shanvir into team GOLD (expected team: ;ShanvirA)
15.06.2025 - 19:04:47 - [TAB v5.1.0] Blocked attempt to add player Shanvir into team GRAY (expected team: ;ShanvirA)
15.06.2025 - 19:04:47 - [TAB v5.1.0] Blocked attempt to add player Shanvir into team DARK_GRAY (expected team: ;ShanvirA)
15.06.2025 - 19:04:48 - [TAB v5.1.0] Blocked attempt to add player Shanvir into team BLUE (expected team: ;ShanvirA)
15.06.2025 - 19:04:48 - [TAB v5.1.0] Blocked attempt to add player Shanvir into team GREEN (expected team: ;ShanvirA)
15.06.2025 - 19:04:49 - [TAB v5.1.0] Blocked attempt to add player Shanvir into team AQUA (expected team: ;ShanvirA)
15.06.2025 - 19:04:49 - [TAB v5.1.0] Blocked attempt to add player Shanvir into team RED (expected team: ;ShanvirA)
15.06.2025 - 19:04:50 - [TAB v5.1.0] Blocked attempt to add player Shanvir into team LIGHT_PURPLE (expected team: ;ShanvirA)
15.06.2025 - 19:04:50 - [TAB v5.1.0] Blocked attempt to add player Shanvir into team YELLOW (expected team: ;ShanvirA)
15.06.2025 - 19:04:51 - [TAB v5.1.0] Blocked attempt to add player Shanvir into team WHITE (expected team: ;ShanvirA)
15.06.2025 - 19:04:51 - [TAB v5.1.0] Blocked attempt to add player Shanvir into team BLACK (expected team: ;ShanvirA)
15.06.2025 - 19:04:52 - [TAB v5.1.0] Blocked attempt to add player Shanvir into team DARK_BLUE (expected team: ;ShanvirA)
15.06.2025 - 19:04:52 - [TAB v5.1.0] Blocked attempt to add player Shanvir into team DARK_GREEN (expected team: ;ShanvirA)
15.06.2025 - 19:04:53 - [TAB v5.1.0] Blocked attempt to add player Shanvir into team DARK_AQUA (expected team: ;ShanvirA)
15.06.2025 - 19:04:53 - [TAB v5.1.0] Blocked attempt to add player Shanvir into team DARK_RED (expected team: ;ShanvirA)
15.06.2025 - 19:04:54 - [TAB v5.1.0] Blocked attempt to add player Shanvir into team DARK_PURPLE (expected team: ;ShanvirA)
15.06.2025 - 19:04:54 - [TAB v5.1.0] Blocked attempt to add player Shanvir into team GOLD (expected team: ;ShanvirA)
15.06.2025 - 19:04:55 - [TAB v5.1.0] Blocked attempt to add player Shanvir into team GRAY (expected team: ;ShanvirA)
15.06.2025 - 19:04:55 - [TAB v5.1.0] Blocked attempt to add player Shanvir into team DARK_GRAY (expected team: ;ShanvirA)
15.06.2025 - 19:04:56 - [TAB v5.1.0] Blocked attempt to add player Shanvir into team BLUE (expected team: ;ShanvirA)
15.06.2025 - 19:04:56 - [TAB v5.1.0] Blocked attempt to add player Shanvir into team GREEN (expected team: ;ShanvirA)
15.06.2025 - 19:04:57 - [TAB v5.1.0] Blocked attempt to add player Shanvir into team AQUA (expected team: ;ShanvirA)
15.06.2025 - 19:04:57 - [TAB v5.1.0] Blocked attempt to add player Shanvir into team RED (expected team: ;ShanvirA)
15.06.2025 - 19:04:58 - [TAB v5.1.0] Blocked attempt to add player Shanvir into team LIGHT_PURPLE (expected team: ;ShanvirA)
15.06.2025 - 19:04:58 - [TAB v5.1.0] Blocked attempt to add player Shanvir into team YELLOW (expected team: ;ShanvirA)
15.06.2025 - 19:04:59 - [TAB v5.1.0] Blocked attempt to add player Shanvir into team WHITE (expected team: ;ShanvirA)
15.06.2025 - 19:04:59 - [TAB v5.1.0] Blocked attempt to add player Shanvir into team BLACK (expected team: ;ShanvirA)
15.06.2025 - 19:05:00 - [TAB v5.1.0] Blocked attempt to add player Shanvir into team DARK_BLUE (expected team: ;ShanvirA)
15.06.2025 - 19:05:00 - [TAB v5.1.0] Blocked attempt to add player Shanvir into team DARK_GREEN (expected team: ;ShanvirA)
15.06.2025 - 19:05:01 - [TAB v5.1.0] Blocked attempt to add player Shanvir into team DARK_AQUA (expected team: ;ShanvirA)
15.06.2025 - 19:05:01 - [TAB v5.1.0] Blocked attempt to add player Shanvir into team DARK_RED (expected team: ;ShanvirA)
15.06.2025 - 19:05:02 - [TAB v5.1.0] Blocked attempt to add player Shanvir into team DARK_PURPLE (expected team: ;ShanvirA)
15.06.2025 - 19:05:02 - [TAB v5.1.0] Blocked attempt to add player Shanvir into team GOLD (expected team: ;ShanvirA)
15.06.2025 - 19:05:03 - [TAB v5.1.0] Blocked attempt to add player Shanvir into team GRAY (expected team: ;ShanvirA)
15.06.2025 - 19:05:03 - [TAB v5.1.0] Blocked attempt to add player Shanvir into team DARK_GRAY (expected team: ;ShanvirA)
15.06.2025 - 19:05:04 - [TAB v5.1.0] Blocked attempt to add player Shanvir into team BLUE (expected team: ;ShanvirA)
15.06.2025 - 19:05:04 - [TAB v5.1.0] Blocked attempt to add player Shanvir into team GREEN (expected team: ;ShanvirA)
15.06.2025 - 19:05:05 - [TAB v5.1.0] Blocked attempt to add player Shanvir into team AQUA (expected team: ;ShanvirA)
15.06.2025 - 19:05:05 - [TAB v5.1.0] Blocked attempt to add player Shanvir into team RED (expected team: ;ShanvirA)
15.06.2025 - 19:05:06 - [TAB v5.1.0] Blocked attempt to add player Shanvir into team LIGHT_PURPLE (expected team: ;ShanvirA)
15.06.2025 - 19:05:06 - [TAB v5.1.0] Blocked attempt to add player Shanvir into team YELLOW (expected team: ;ShanvirA)
15.06.2025 - 19:05:07 - [TAB v5.1.0] Blocked attempt to add player Shanvir into team WHITE (expected team: ;ShanvirA)
15.06.2025 - 19:05:07 - [TAB v5.1.0] Blocked attempt to add player Shanvir into team BLACK (expected team: ;ShanvirA)
15.06.2025 - 19:05:08 - [TAB v5.1.0] Blocked attempt to add player Shanvir into team DARK_BLUE (expected team: ;ShanvirA)
15.06.2025 - 19:05:08 - [TAB v5.1.0] Blocked attempt to add player Shanvir into team DARK_GREEN (expected team: ;ShanvirA)
15.06.2025 - 19:05:09 - [TAB v5.1.0] Blocked attempt to add player Shanvir into team DARK_AQUA (expected team: ;ShanvirA)
15.06.2025 - 19:05:09 - [TAB v5.1.0] Blocked attempt to add player Shanvir into team DARK_RED (expected team: ;ShanvirA)
15.06.2025 - 19:05:10 - [TAB v5.1.0] Blocked attempt to add player Shanvir into team DARK_PURPLE (expected team: ;ShanvirA)
15.06.2025 - 19:05:10 - [TAB v5.1.0] Blocked attempt to add player Shanvir into team GOLD (expected team: ;ShanvirA)
15.06.2025 - 19:05:11 - [TAB v5.1.0] Blocked attempt to add player Shanvir into team GRAY (expected team: ;ShanvirA)
15.06.2025 - 19:05:11 - [TAB v5.1.0] Blocked attempt to add player Shanvir into team DARK_GRAY (expected team: ;ShanvirA)
15.06.2025 - 19:05:12 - [TAB v5.1.0] Blocked attempt to add player Shanvir into team BLUE (expected team: ;ShanvirA)
15.06.2025 - 19:05:12 - [TAB v5.1.0] Blocked attempt to add player Shanvir into team GREEN (expected team: ;ShanvirA)
15.06.2025 - 19:05:13 - [TAB v5.1.0] Blocked attempt to add player Shanvir into team AQUA (expected team: ;ShanvirA)
15.06.2025 - 19:05:13 - [TAB v5.1.0] Blocked attempt to add player Shanvir into team RED (expected team: ;ShanvirA)
15.06.2025 - 19:05:14 - [TAB v5.1.0] Blocked attempt to add player Shanvir into team LIGHT_PURPLE (expected team: ;ShanvirA)
15.06.2025 - 19:05:14 - [TAB v5.1.0] Blocked attempt to add player Shanvir into team YELLOW (expected team: ;ShanvirA)
15.06.2025 - 19:05:15 - [TAB v5.1.0] Blocked attempt to add player Shanvir into team WHITE (expected team: ;ShanvirA)
15.06.2025 - 19:05:15 - [TAB v5.1.0] Blocked attempt to add player Shanvir into team BLACK (expected team: ;ShanvirA)
15.06.2025 - 19:05:16 - [TAB v5.1.0] Blocked attempt to add player Shanvir into team DARK_BLUE (expected team: ;ShanvirA)
15.06.2025 - 19:05:16 - [TAB v5.1.0] Blocked attempt to add player Shanvir into team DARK_GREEN (expected team: ;ShanvirA)
15.06.2025 - 19:05:17 - [TAB v5.1.0] Blocked attempt to add player Shanvir into team DARK_AQUA (expected team: ;ShanvirA)
15.06.2025 - 19:05:17 - [TAB v5.1.0] Blocked attempt to add player Shanvir into team DARK_RED (expected team: ;ShanvirA)
15.06.2025 - 19:05:18 - [TAB v5.1.0] Blocked attempt to add player Shanvir into team DARK_PURPLE (expected team: ;ShanvirA)
15.06.2025 - 19:05:18 - [TAB v5.1.0] Blocked attempt to add player Shanvir into team GOLD (expected team: ;ShanvirA)
15.06.2025 - 19:05:19 - [TAB v5.1.0] Blocked attempt to add player Shanvir into team GRAY (expected team: ;ShanvirA)
15.06.2025 - 19:05:19 - [TAB v5.1.0] Blocked attempt to add player Shanvir into team DARK_GRAY (expected team: ;ShanvirA)
15.06.2025 - 19:05:20 - [TAB v5.1.0] Blocked attempt to add player Shanvir into team BLUE (expected team: ;ShanvirA)
15.06.2025 - 19:05:20 - [TAB v5.1.0] Blocked attempt to add player Shanvir into team GREEN (expected team: ;ShanvirA)
15.06.2025 - 19:05:21 - [TAB v5.1.0] Blocked attempt to add player Shanvir into team AQUA (expected team: ;ShanvirA)
15.06.2025 - 19:05:21 - [TAB v5.1.0] Blocked attempt to add player Shanvir into team RED (expected team: ;ShanvirA)
15.06.2025 - 19:05:22 - [TAB v5.1.0] Blocked attempt to add player Shanvir into team LIGHT_PURPLE (expected team: ;ShanvirA)
15.06.2025 - 19:05:22 - [TAB v5.1.0] Blocked attempt to add player Shanvir into team YELLOW (expected team: ;ShanvirA)
15.06.2025 - 19:05:23 - [TAB v5.1.0] Blocked attempt to add player Shanvir into team WHITE (expected team: ;ShanvirA)
15.06.2025 - 19:05:23 - [TAB v5.1.0] Blocked attempt to add player Shanvir into team BLACK (expected team: ;ShanvirA)
15.06.2025 - 19:05:24 - [TAB v5.1.0] Blocked attempt to add player Shanvir into team DARK_BLUE (expected team: ;ShanvirA)
15.06.2025 - 19:05:24 - [TAB v5.1.0] Blocked attempt to add player Shanvir into team DARK_GREEN (expected team: ;ShanvirA)
15.06.2025 - 19:05:25 - [TAB v5.1.0] Blocked attempt to add player Shanvir into team DARK_AQUA (expected team: ;ShanvirA)
15.06.2025 - 19:05:25 - [TAB v5.1.0] Blocked attempt to add player Shanvir into team DARK_RED (expected team: ;ShanvirA)
15.06.2025 - 19:05:26 - [TAB v5.1.0] Blocked attempt to add player Shanvir into team DARK_PURPLE (expected team: ;ShanvirA)
15.06.2025 - 19:05:26 - [TAB v5.1.0] Blocked attempt to add player Shanvir into team GOLD (expected team: ;ShanvirA)
15.06.2025 - 19:05:27 - [TAB v5.1.0] Blocked attempt to add player Shanvir into team GRAY (expected team: ;ShanvirA)
15.06.2025 - 19:05:27 - [TAB v5.1.0] Blocked attempt to add player Shanvir into team DARK_GRAY (expected team: ;ShanvirA)
15.06.2025 - 19:05:28 - [TAB v5.1.0] Blocked attempt to add player Shanvir into team BLUE (expected team: ;ShanvirA)
15.06.2025 - 19:05:28 - [TAB v5.1.0] Blocked attempt to add player Shanvir into team GREEN (expected team: ;ShanvirA)
15.06.2025 - 19:05:29 - [TAB v5.1.0] Blocked attempt to add player Shanvir into team AQUA (expected team: ;ShanvirA)
15.06.2025 - 19:05:30 - [TAB v5.1.0] Blocked attempt to add player Shanvir into team RED (expected team: ;ShanvirA)
15.06.2025 - 19:05:30 - [TAB v5.1.0] Blocked attempt to add player Shanvir into team LIGHT_PURPLE (expected team: ;ShanvirA)
15.06.2025 - 19:05:30 - [TAB v5.1.0] Blocked attempt to add player Shanvir into team YELLOW (expected team: ;ShanvirA)
15.06.2025 - 19:05:31 - [TAB v5.1.0] Blocked attempt to add player Shanvir into team WHITE (expected team: ;ShanvirA)
15.06.2025 - 19:05:31 - [TAB v5.1.0] Blocked attempt to add player Shanvir into team BLACK (expected team: ;ShanvirA)
15.06.2025 - 19:05:32 - [TAB v5.1.0] Blocked attempt to add player Shanvir into team DARK_BLUE (expected team: ;ShanvirA)
15.06.2025 - 19:05:32 - [TAB v5.1.0] Blocked attempt to add player Shanvir into team DARK_GREEN (expected team: ;ShanvirA)
15.06.2025 - 19:05:33 - [TAB v5.1.0] Blocked attempt to add player Shanvir into team DARK_AQUA (expected team: ;ShanvirA)
15.06.2025 - 19:05:34 - [TAB v5.1.0] Blocked attempt to add player Shanvir into team DARK_RED (expected team: ;ShanvirA)
15.06.2025 - 19:05:35 - [TAB v5.1.0] Blocked attempt to add player Shanvir into team DARK_PURPLE (expected team: ;ShanvirA)
15.06.2025 - 19:05:35 - [TAB v5.1.0] Blocked attempt to add player Shanvir into team GOLD (expected team: ;ShanvirA)
15.06.2025 - 19:05:35 - [TAB v5.1.0] Blocked attempt to add player Shanvir into team GRAY (expected team: ;ShanvirA)
15.06.2025 - 19:05:35 - [TAB v5.1.0] Blocked attempt to add player Shanvir into team DARK_GRAY (expected team: ;ShanvirA)
15.06.2025 - 19:05:36 - [TAB v5.1.0] Blocked attempt to add player Shanvir into team BLUE (expected team: ;ShanvirA)
15.06.2025 - 19:05:36 - [TAB v5.1.0] Blocked attempt to add player Shanvir into team GREEN (expected team: ;ShanvirA)
15.06.2025 - 19:05:37 - [TAB v5.1.0] Blocked attempt to add player Shanvir into team AQUA (expected team: ;ShanvirA)
15.06.2025 - 19:05:38 - [TAB v5.1.0] Blocked attempt to add player Shanvir into team RED (expected team: ;ShanvirA)
15.06.2025 - 19:05:38 - [TAB v5.1.0] Blocked attempt to add player Shanvir into team LIGHT_PURPLE (expected team: ;ShanvirA)
15.06.2025 - 19:05:46 - [TAB v5.1.0] Blocked attempt to add player Shanvir into team YELLOW (expected team: ;ShanvirA)
15.06.2025 - 19:05:53 - [TAB v5.1.0] Blocked attempt to add player Shanvir into team WHITE (expected team: ;ShanvirA)
15.06.2025 - 19:05:56 - [TAB v5.1.0] Blocked attempt to add player Shanvir into team BLACK (expected team: ;ShanvirA)
15.06.2025 - 19:05:56 - [TAB v5.1.0] Blocked attempt to add player Shanvir into team DARK_BLUE (expected team: ;ShanvirA)
15.06.2025 - 19:06:03 - [TAB v5.1.0] Blocked attempt to add player Shanvir into team DARK_GREEN (expected team: ;ShanvirA)
15.06.2025 - 19:06:03 - [TAB v5.1.0] Blocked attempt to add player Shanvir into team DARK_AQUA (expected team: ;ShanvirA)
15.06.2025 - 19:06:03 - [TAB v5.1.0] Blocked attempt to add player Shanvir into team DARK_RED (expected team: ;ShanvirA)
15.06.2025 - 19:06:03 - [TAB v5.1.0] Blocked attempt to add player Shanvir into team DARK_PURPLE (expected team: ;ShanvirA)
15.06.2025 - 19:06:03 - [TAB v5.1.0] Blocked attempt to add player Shanvir into team GOLD (expected team: ;ShanvirA)
15.06.2025 - 19:06:03 - [TAB v5.1.0] Blocked attempt to add player Shanvir into team GRAY (expected team: ;ShanvirA)
15.06.2025 - 19:06:03 - [TAB v5.1.0] Blocked attempt to add player Shanvir into team DARK_GRAY (expected team: ;ShanvirA)
15.06.2025 - 19:06:03 - [TAB v5.1.0] Blocked attempt to add player Shanvir into team BLUE (expected team: ;ShanvirA)
15.06.2025 - 19:06:03 - [TAB v5.1.0] Blocked attempt to add player Shanvir into team GREEN (expected team: ;ShanvirA)
15.06.2025 - 19:06:03 - [TAB v5.1.0] Blocked attempt to add player Shanvir into team AQUA (expected team: ;ShanvirA)
15.06.2025 - 19:06:03 - [TAB v5.1.0] Blocked attempt to add player Shanvir into team RED (expected team: ;ShanvirA)
15.06.2025 - 19:06:03 - [TAB v5.1.0] Blocked attempt to add player Shanvir into team LIGHT_PURPLE (expected team: ;ShanvirA)
15.06.2025 - 19:06:03 - [TAB v5.1.0] Blocked attempt to add player Shanvir into team YELLOW (expected team: ;ShanvirA)
15.06.2025 - 19:06:03 - [TAB v5.1.0] Blocked attempt to add player Shanvir into team WHITE (expected team: ;ShanvirA)
15.06.2025 - 19:06:03 - [TAB v5.1.0] Blocked attempt to add player Shanvir into team BLACK (expected team: ;ShanvirA)
15.06.2025 - 19:06:03 - [TAB v5.1.0] Blocked attempt to add player Shanvir into team DARK_BLUE (expected team: ;ShanvirA)
15.06.2025 - 19:06:03 - [TAB v5.1.0] Blocked attempt to add player Shanvir into team DARK_GREEN (expected team: ;ShanvirA)
15.06.2025 - 19:06:03 - [TAB v5.1.0] Blocked attempt to add player Shanvir into team DARK_AQUA (expected team: ;ShanvirA)
15.06.2025 - 19:06:03 - [TAB v5.1.0] Blocked attempt to add player Shanvir into team DARK_RED (expected team: ;ShanvirA)
15.06.2025 - 19:06:03 - [TAB v5.1.0] Blocked attempt to add player Shanvir into team DARK_PURPLE (expected team: ;ShanvirA)
15.06.2025 - 19:06:03 - [TAB v5.1.0] Blocked attempt to add player Shanvir into team GOLD (expected team: ;ShanvirA)
15.06.2025 - 19:06:03 - [TAB v5.1.0] Blocked attempt to add player Shanvir into team GRAY (expected team: ;ShanvirA)
15.06.2025 - 19:06:03 - [TAB v5.1.0] Blocked attempt to add player Shanvir into team DARK_GRAY (expected team: ;ShanvirA)
15.06.2025 - 19:06:03 - [TAB v5.1.0] Blocked attempt to add player Shanvir into team BLUE (expected team: ;ShanvirA)
15.06.2025 - 19:06:03 - [TAB v5.1.0] Blocked attempt to add player Shanvir into team GREEN (expected team: ;ShanvirA)
15.06.2025 - 19:06:03 - [TAB v5.1.0] Blocked attempt to add player Shanvir into team AQUA (expected team: ;ShanvirA)
15.06.2025 - 19:06:03 - [TAB v5.1.0] Blocked attempt to add player Shanvir into team RED (expected team: ;ShanvirA)
15.06.2025 - 19:06:04 - [TAB v5.1.0] Blocked attempt to add player Shanvir into team LIGHT_PURPLE (expected team: ;ShanvirA)
15.06.2025 - 19:06:04 - [TAB v5.1.0] Blocked attempt to add player Shanvir into team YELLOW (expected team: ;ShanvirA)
15.06.2025 - 19:06:05 - [TAB v5.1.0] Blocked attempt to add player Shanvir into team WHITE (expected team: ;ShanvirA)
15.06.2025 - 19:06:05 - [TAB v5.1.0] Blocked attempt to add player Shanvir into team BLACK (expected team: ;ShanvirA)
15.06.2025 - 19:06:06 - [TAB v5.1.0] Blocked attempt to add player Shanvir into team DARK_BLUE (expected team: ;ShanvirA)
15.06.2025 - 19:06:06 - [TAB v5.1.0] Blocked attempt to add player Shanvir into team DARK_GREEN (expected team: ;ShanvirA)
15.06.2025 - 19:06:07 - [TAB v5.1.0] Blocked attempt to add player Shanvir into team DARK_AQUA (expected team: ;ShanvirA)
15.06.2025 - 19:06:07 - [TAB v5.1.0] Blocked attempt to add player Shanvir into team DARK_RED (expected team: ;ShanvirA)
15.06.2025 - 19:06:08 - [TAB v5.1.0] Blocked attempt to add player Shanvir into team DARK_PURPLE (expected team: ;ShanvirA)
15.06.2025 - 19:06:08 - [TAB v5.1.0] Blocked attempt to add player Shanvir into team GOLD (expected team: ;ShanvirA)
15.06.2025 - 19:06:09 - [TAB v5.1.0] Blocked attempt to add player Shanvir into team GRAY (expected team: ;ShanvirA)
15.06.2025 - 19:06:09 - [TAB v5.1.0] Blocked attempt to add player Shanvir into team DARK_GRAY (expected team: ;ShanvirA)
15.06.2025 - 19:06:10 - [TAB v5.1.0] Blocked attempt to add player Shanvir into team BLUE (expected team: ;ShanvirA)
15.06.2025 - 19:06:10 - [TAB v5.1.0] Blocked attempt to add player Shanvir into team GREEN (expected team: ;ShanvirA)
15.06.2025 - 19:06:11 - [TAB v5.1.0] Blocked attempt to add player Shanvir into team AQUA (expected team: ;ShanvirA)
15.06.2025 - 19:06:11 - [TAB v5.1.0] Blocked attempt to add player Shanvir into team RED (expected team: ;ShanvirA)
15.06.2025 - 19:06:12 - [TAB v5.1.0] Blocked attempt to add player Shanvir into team LIGHT_PURPLE (expected team: ;ShanvirA)
15.06.2025 - 19:06:12 - [TAB v5.1.0] Blocked attempt to add player Shanvir into team YELLOW (expected team: ;ShanvirA)
15.06.2025 - 19:06:13 - [TAB v5.1.0] Blocked attempt to add player Shanvir into team WHITE (expected team: ;ShanvirA)
15.06.2025 - 19:06:13 - [TAB v5.1.0] Blocked attempt to add player Shanvir into team BLACK (expected team: ;ShanvirA)
15.06.2025 - 19:06:14 - [TAB v5.1.0] Blocked attempt to add player Shanvir into team DARK_BLUE (expected team: ;ShanvirA)
15.06.2025 - 19:06:14 - [TAB v5.1.0] Blocked attempt to add player Shanvir into team DARK_GREEN (expected team: ;ShanvirA)
15.06.2025 - 19:06:15 - [TAB v5.1.0] Blocked attempt to add player Shanvir into team DARK_AQUA (expected team: ;ShanvirA)
15.06.2025 - 19:06:15 - [TAB v5.1.0] Blocked attempt to add player Shanvir into team DARK_RED (expected team: ;ShanvirA)
15.06.2025 - 19:06:16 - [TAB v5.1.0] Blocked attempt to add player Shanvir into team DARK_PURPLE (expected team: ;ShanvirA)
15.06.2025 - 19:06:16 - [TAB v5.1.0] Blocked attempt to add player Shanvir into team GOLD (expected team: ;ShanvirA)
15.06.2025 - 19:06:17 - [TAB v5.1.0] Blocked attempt to add player Shanvir into team GRAY (expected team: ;ShanvirA)
15.06.2025 - 19:06:17 - [TAB v5.1.0] Blocked attempt to add player Shanvir into team DARK_GRAY (expected team: ;ShanvirA)
15.06.2025 - 19:06:18 - [TAB v5.1.0] Blocked attempt to add player Shanvir into team BLUE (expected team: ;ShanvirA)
15.06.2025 - 19:06:18 - [TAB v5.1.0] Blocked attempt to add player Shanvir into team GREEN (expected team: ;ShanvirA)
15.06.2025 - 19:06:19 - [TAB v5.1.0] Blocked attempt to add player Shanvir into team AQUA (expected team: ;ShanvirA)
15.06.2025 - 19:06:19 - [TAB v5.1.0] Blocked attempt to add player Shanvir into team RED (expected team: ;ShanvirA)
15.06.2025 - 19:06:20 - [TAB v5.1.0] Blocked attempt to add player Shanvir into team LIGHT_PURPLE (expected team: ;ShanvirA)
15.06.2025 - 19:06:20 - [TAB v5.1.0] Blocked attempt to add player Shanvir into team YELLOW (expected team: ;ShanvirA)
15.06.2025 - 19:06:21 - [TAB v5.1.0] Blocked attempt to add player Shanvir into team WHITE (expected team: ;ShanvirA)
15.06.2025 - 19:06:21 - [TAB v5.1.0] Blocked attempt to add player Shanvir into team BLACK (expected team: ;ShanvirA)
15.06.2025 - 19:06:22 - [TAB v5.1.0] Blocked attempt to add player Shanvir into team DARK_BLUE (expected team: ;ShanvirA)
15.06.2025 - 19:06:22 - [TAB v5.1.0] Blocked attempt to add player Shanvir into team DARK_GREEN (expected team: ;ShanvirA)
15.06.2025 - 19:06:23 - [TAB v5.1.0] Blocked attempt to add player Shanvir into team DARK_AQUA (expected team: ;ShanvirA)
15.06.2025 - 19:06:23 - [TAB v5.1.0] Blocked attempt to add player Shanvir into team DARK_RED (expected team: ;ShanvirA)
15.06.2025 - 19:06:24 - [TAB v5.1.0] Blocked attempt to add player Shanvir into team DARK_PURPLE (expected team: ;ShanvirA)
15.06.2025 - 19:06:24 - [TAB v5.1.0] Blocked attempt to add player Shanvir into team GOLD (expected team: ;ShanvirA)
15.06.2025 - 19:06:25 - [TAB v5.1.0] Blocked attempt to add player Shanvir into team GRAY (expected team: ;ShanvirA)
15.06.2025 - 19:06:25 - [TAB v5.1.0] Blocked attempt to add player Shanvir into team DARK_GRAY (expected team: ;ShanvirA)
15.06.2025 - 19:06:26 - [TAB v5.1.0] Blocked attempt to add player Shanvir into team BLUE (expected team: ;ShanvirA)
15.06.2025 - 19:06:26 - [TAB v5.1.0] Blocked attempt to add player Shanvir into team GREEN (expected team: ;ShanvirA)
15.06.2025 - 19:06:27 - [TAB v5.1.0] Blocked attempt to add player Shanvir into team AQUA (expected team: ;ShanvirA)
15.06.2025 - 19:06:27 - [TAB v5.1.0] Blocked attempt to add player Shanvir into team RED (expected team: ;ShanvirA)
15.06.2025 - 19:06:28 - [TAB v5.1.0] Blocked attempt to add player Shanvir into team LIGHT_PURPLE (expected team: ;ShanvirA)
15.06.2025 - 19:06:28 - [TAB v5.1.0] Blocked attempt to add player Shanvir into team YELLOW (expected team: ;ShanvirA)
15.06.2025 - 19:06:29 - [TAB v5.1.0] Blocked attempt to add player Shanvir into team WHITE (expected team: ;ShanvirA)
15.06.2025 - 19:06:29 - [TAB v5.1.0] Blocked attempt to add player Shanvir into team BLACK (expected team: ;ShanvirA)
15.06.2025 - 19:06:30 - [TAB v5.1.0] Blocked attempt to add player Shanvir into team DARK_BLUE (expected team: ;ShanvirA)
15.06.2025 - 19:06:30 - [TAB v5.1.0] Blocked attempt to add player Shanvir into team DARK_GREEN (expected team: ;ShanvirA)
15.06.2025 - 19:06:31 - [TAB v5.1.0] Blocked attempt to add player Shanvir into team DARK_AQUA (expected team: ;ShanvirA)
15.06.2025 - 19:06:31 - [TAB v5.1.0] Blocked attempt to add player Shanvir into team DARK_RED (expected team: ;ShanvirA)
15.06.2025 - 19:06:32 - [TAB v5.1.0] Blocked attempt to add player Shanvir into team DARK_PURPLE (expected team: ;ShanvirA)
15.06.2025 - 19:06:32 - [TAB v5.1.0] Blocked attempt to add player Shanvir into team GOLD (expected team: ;ShanvirA)
15.06.2025 - 19:06:33 - [TAB v5.1.0] Blocked attempt to add player Shanvir into team GRAY (expected team: ;ShanvirA)
15.06.2025 - 19:06:33 - [TAB v5.1.0] Blocked attempt to add player Shanvir into team DARK_GRAY (expected team: ;ShanvirA)
15.06.2025 - 19:06:34 - [TAB v5.1.0] Blocked attempt to add player Shanvir into team BLUE (expected team: ;ShanvirA)
15.06.2025 - 19:06:34 - [TAB v5.1.0] Blocked attempt to add player Shanvir into team GREEN (expected team: ;ShanvirA)
15.06.2025 - 19:06:35 - [TAB v5.1.0] Blocked attempt to add player Shanvir into team AQUA (expected team: ;ShanvirA)
15.06.2025 - 19:06:35 - [TAB v5.1.0] Blocked attempt to add player Shanvir into team RED (expected team: ;ShanvirA)
15.06.2025 - 19:06:36 - [TAB v5.1.0] Blocked attempt to add player Shanvir into team LIGHT_PURPLE (expected team: ;ShanvirA)
15.06.2025 - 19:06:36 - [TAB v5.1.0] Blocked attempt to add player Shanvir into team YELLOW (expected team: ;ShanvirA)
15.06.2025 - 19:06:37 - [TAB v5.1.0] Blocked attempt to add player Shanvir into team WHITE (expected team: ;ShanvirA)
15.06.2025 - 19:06:37 - [TAB v5.1.0] Blocked attempt to add player Shanvir into team BLACK (expected team: ;ShanvirA)
15.06.2025 - 19:06:38 - [TAB v5.1.0] Blocked attempt to add player Shanvir into team DARK_BLUE (expected team: ;ShanvirA)
15.06.2025 - 19:06:38 - [TAB v5.1.0] Blocked attempt to add player Shanvir into team DARK_GREEN (expected team: ;ShanvirA)
15.06.2025 - 19:06:39 - [TAB v5.1.0] Blocked attempt to add player Shanvir into team DARK_AQUA (expected team: ;ShanvirA)
15.06.2025 - 19:06:39 - [TAB v5.1.0] Blocked attempt to add player Shanvir into team DARK_RED (expected team: ;ShanvirA)
15.06.2025 - 19:06:40 - [TAB v5.1.0] Blocked attempt to add player Shanvir into team DARK_PURPLE (expected team: ;ShanvirA)
15.06.2025 - 19:06:40 - [TAB v5.1.0] Blocked attempt to add player Shanvir into team GOLD (expected team: ;ShanvirA)
15.06.2025 - 19:06:41 - [TAB v5.1.0] Blocked attempt to add player Shanvir into team GRAY (expected team: ;ShanvirA)
15.06.2025 - 19:06:41 - [TAB v5.1.0] Blocked attempt to add player Shanvir into team DARK_GRAY (expected team: ;ShanvirA)
15.06.2025 - 19:06:42 - [TAB v5.1.0] Blocked attempt to add player Shanvir into team BLUE (expected team: ;ShanvirA)
15.06.2025 - 19:06:42 - [TAB v5.1.0] Blocked attempt to add player Shanvir into team GREEN (expected team: ;ShanvirA)
15.06.2025 - 19:06:43 - [TAB v5.1.0] Blocked attempt to add player Shanvir into team AQUA (expected team: ;ShanvirA)
15.06.2025 - 19:06:43 - [TAB v5.1.0] Blocked attempt to add player Shanvir into team RED (expected team: ;ShanvirA)
15.06.2025 - 19:06:44 - [TAB v5.1.0] Blocked attempt to add player Shanvir into team LIGHT_PURPLE (expected team: ;ShanvirA)
15.06.2025 - 19:06:44 - [TAB v5.1.0] Blocked attempt to add player Shanvir into team YELLOW (expected team: ;ShanvirA)
15.06.2025 - 19:06:45 - [TAB v5.1.0] Blocked attempt to add player Shanvir into team WHITE (expected team: ;ShanvirA)
15.06.2025 - 19:06:45 - [TAB v5.1.0] Blocked attempt to add player Shanvir into team BLACK (expected team: ;ShanvirA)
15.06.2025 - 19:06:46 - [TAB v5.1.0] Blocked attempt to add player Shanvir into team DARK_BLUE (expected team: ;ShanvirA)
15.06.2025 - 19:06:46 - [TAB v5.1.0] Blocked attempt to add player Shanvir into team DARK_GREEN (expected team: ;ShanvirA)
15.06.2025 - 19:06:47 - [TAB v5.1.0] Blocked attempt to add player Shanvir into team DARK_AQUA (expected team: ;ShanvirA)
15.06.2025 - 19:06:47 - [TAB v5.1.0] Blocked attempt to add player Shanvir into team DARK_RED (expected team: ;ShanvirA)
15.06.2025 - 19:06:48 - [TAB v5.1.0] Blocked attempt to add player Shanvir into team DARK_PURPLE (expected team: ;ShanvirA)
15.06.2025 - 19:06:48 - [TAB v5.1.0] Blocked attempt to add player Shanvir into team GOLD (expected team: ;ShanvirA)
15.06.2025 - 19:06:49 - [TAB v5.1.0] Blocked attempt to add player Shanvir into team GRAY (expected team: ;ShanvirA)
15.06.2025 - 19:06:49 - [TAB v5.1.0] Blocked attempt to add player Shanvir into team DARK_GRAY (expected team: ;ShanvirA)
15.06.2025 - 19:06:50 - [TAB v5.1.0] Blocked attempt to add player Shanvir into team BLUE (expected team: ;ShanvirA)
15.06.2025 - 19:06:50 - [TAB v5.1.0] Blocked attempt to add player Shanvir into team GREEN (expected team: ;ShanvirA)
15.06.2025 - 19:06:51 - [TAB v5.1.0] Blocked attempt to add player Shanvir into team AQUA (expected team: ;ShanvirA)
15.06.2025 - 19:06:51 - [TAB v5.1.0] Blocked attempt to add player Shanvir into team RED (expected team: ;ShanvirA)
15.06.2025 - 19:06:52 - [TAB v5.1.0] Blocked attempt to add player Shanvir into team LIGHT_PURPLE (expected team: ;ShanvirA)
15.06.2025 - 19:06:52 - [TAB v5.1.0] Blocked attempt to add player Shanvir into team YELLOW (expected team: ;ShanvirA)
15.06.2025 - 19:06:53 - [TAB v5.1.0] Blocked attempt to add player Shanvir into team WHITE (expected team: ;ShanvirA)
15.06.2025 - 19:06:53 - [TAB v5.1.0] Blocked attempt to add player Shanvir into team BLACK (expected team: ;ShanvirA)
15.06.2025 - 19:06:54 - [TAB v5.1.0] Blocked attempt to add player Shanvir into team DARK_BLUE (expected team: ;ShanvirA)
15.06.2025 - 19:06:54 - [TAB v5.1.0] Blocked attempt to add player Shanvir into team DARK_GREEN (expected team: ;ShanvirA)
15.06.2025 - 19:06:55 - [TAB v5.1.0] Blocked attempt to add player Shanvir into team DARK_AQUA (expected team: ;ShanvirA)
15.06.2025 - 19:06:55 - [TAB v5.1.0] Blocked attempt to add player Shanvir into team DARK_RED (expected team: ;ShanvirA)
15.06.2025 - 19:06:56 - [TAB v5.1.0] Blocked attempt to add player Shanvir into team DARK_PURPLE (expected team: ;ShanvirA)
15.06.2025 - 19:06:56 - [TAB v5.1.0] Blocked attempt to add player Shanvir into team GOLD (expected team: ;ShanvirA)
15.06.2025 - 19:06:57 - [TAB v5.1.0] Blocked attempt to add player Shanvir into team GRAY (expected team: ;ShanvirA)
15.06.2025 - 19:06:57 - [TAB v5.1.0] Blocked attempt to add player Shanvir into team DARK_GRAY (expected team: ;ShanvirA)
15.06.2025 - 19:06:58 - [TAB v5.1.0] Blocked attempt to add player Shanvir into team BLUE (expected team: ;ShanvirA)
15.06.2025 - 19:06:58 - [TAB v5.1.0] Blocked attempt to add player Shanvir into team GREEN (expected team: ;ShanvirA)
15.06.2025 - 19:06:59 - [TAB v5.1.0] Blocked attempt to add player Shanvir into team AQUA (expected team: ;ShanvirA)
15.06.2025 - 19:06:59 - [TAB v5.1.0] Blocked attempt to add player Shanvir into team RED (expected team: ;ShanvirA)
15.06.2025 - 19:07:00 - [TAB v5.1.0] Blocked attempt to add player Shanvir into team LIGHT_PURPLE (expected team: ;ShanvirA)
15.06.2025 - 19:07:00 - [TAB v5.1.0] Blocked attempt to add player Shanvir into team YELLOW (expected team: ;ShanvirA)
15.06.2025 - 19:07:01 - [TAB v5.1.0] Blocked attempt to add player Shanvir into team WHITE (expected team: ;ShanvirA)
15.06.2025 - 19:07:01 - [TAB v5.1.0] Blocked attempt to add player Shanvir into team BLACK (expected team: ;ShanvirA)
15.06.2025 - 19:07:02 - [TAB v5.1.0] Blocked attempt to add player Shanvir into team DARK_BLUE (expected team: ;ShanvirA)
15.06.2025 - 19:07:02 - [TAB v5.1.0] Blocked attempt to add player Shanvir into team DARK_GREEN (expected team: ;ShanvirA)
15.06.2025 - 19:07:03 - [TAB v5.1.0] Blocked attempt to add player Shanvir into team DARK_AQUA (expected team: ;ShanvirA)
15.06.2025 - 19:07:03 - [TAB v5.1.0] Blocked attempt to add player Shanvir into team DARK_RED (expected team: ;ShanvirA)
15.06.2025 - 19:07:04 - [TAB v5.1.0] Blocked attempt to add player Shanvir into team DARK_PURPLE (expected team: ;ShanvirA)
15.06.2025 - 19:07:04 - [TAB v5.1.0] Blocked attempt to add player Shanvir into team GOLD (expected team: ;ShanvirA)
15.06.2025 - 19:07:05 - [TAB v5.1.0] Blocked attempt to add player Shanvir into team GRAY (expected team: ;ShanvirA)
15.06.2025 - 19:07:05 - [TAB v5.1.0] Blocked attempt to add player Shanvir into team DARK_GRAY (expected team: ;ShanvirA)
15.06.2025 - 19:07:06 - [TAB v5.1.0] Blocked attempt to add player Shanvir into team BLUE (expected team: ;ShanvirA)
15.06.2025 - 19:07:06 - [TAB v5.1.0] Blocked attempt to add player Shanvir into team GREEN (expected team: ;ShanvirA)
15.06.2025 - 19:07:07 - [TAB v5.1.0] Blocked attempt to add player Shanvir into team AQUA (expected team: ;ShanvirA)
15.06.2025 - 19:07:07 - [TAB v5.1.0] Blocked attempt to add player Shanvir into team RED (expected team: ;ShanvirA)
15.06.2025 - 19:07:08 - [TAB v5.1.0] Blocked attempt to add player Shanvir into team LIGHT_PURPLE (expected team: ;ShanvirA)
15.06.2025 - 19:07:08 - [TAB v5.1.0] Blocked attempt to add player Shanvir into team YELLOW (expected team: ;ShanvirA)
15.06.2025 - 19:07:09 - [TAB v5.1.0] Blocked attempt to add player Shanvir into team WHITE (expected team: ;ShanvirA)
15.06.2025 - 19:07:09 - [TAB v5.1.0] Blocked attempt to add player Shanvir into team BLACK (expected team: ;ShanvirA)
15.06.2025 - 19:07:10 - [TAB v5.1.0] Blocked attempt to add player Shanvir into team DARK_BLUE (expected team: ;ShanvirA)
15.06.2025 - 19:07:10 - [TAB v5.1.0] Blocked attempt to add player Shanvir into team DARK_GREEN (expected team: ;ShanvirA)
15.06.2025 - 19:07:11 - [TAB v5.1.0] Blocked attempt to add player Shanvir into team DARK_AQUA (expected team: ;ShanvirA)
15.06.2025 - 19:07:11 - [TAB v5.1.0] Blocked attempt to add player Shanvir into team DARK_RED (expected team: ;ShanvirA)
15.06.2025 - 19:07:12 - [TAB v5.1.0] Blocked attempt to add player Shanvir into team DARK_PURPLE (expected team: ;ShanvirA)
15.06.2025 - 19:07:12 - [TAB v5.1.0] Blocked attempt to add player Shanvir into team GOLD (expected team: ;ShanvirA)
15.06.2025 - 19:07:13 - [TAB v5.1.0] Blocked attempt to add player Shanvir into team GRAY (expected team: ;ShanvirA)
15.06.2025 - 19:07:13 - [TAB v5.1.0] Blocked attempt to add player Shanvir into team DARK_GRAY (expected team: ;ShanvirA)
15.06.2025 - 19:07:14 - [TAB v5.1.0] Blocked attempt to add player Shanvir into team BLUE (expected team: ;ShanvirA)
15.06.2025 - 19:07:14 - [TAB v5.1.0] Blocked attempt to add player Shanvir into team GREEN (expected team: ;ShanvirA)
15.06.2025 - 19:07:15 - [TAB v5.1.0] Blocked attempt to add player Shanvir into team AQUA (expected team: ;ShanvirA)
15.06.2025 - 19:07:15 - [TAB v5.1.0] Blocked attempt to add player Shanvir into team RED (expected team: ;ShanvirA)
15.06.2025 - 19:07:16 - [TAB v5.1.0] Blocked attempt to add player Shanvir into team LIGHT_PURPLE (expected team: ;ShanvirA)
15.06.2025 - 19:07:16 - [TAB v5.1.0] Blocked attempt to add player Shanvir into team YELLOW (expected team: ;ShanvirA)
15.06.2025 - 19:07:17 - [TAB v5.1.0] Blocked attempt to add player Shanvir into team WHITE (expected team: ;ShanvirA)
15.06.2025 - 19:07:17 - [TAB v5.1.0] Blocked attempt to add player Shanvir into team BLACK (expected team: ;ShanvirA)
15.06.2025 - 19:07:18 - [TAB v5.1.0] Blocked attempt to add player Shanvir into team DARK_BLUE (expected team: ;ShanvirA)
15.06.2025 - 19:07:18 - [TAB v5.1.0] Blocked attempt to add player Shanvir into team DARK_GREEN (expected team: ;ShanvirA)
15.06.2025 - 19:07:19 - [TAB v5.1.0] Blocked attempt to add player Shanvir into team DARK_AQUA (expected team: ;ShanvirA)
15.06.2025 - 19:07:19 - [TAB v5.1.0] Blocked attempt to add player Shanvir into team DARK_RED (expected team: ;ShanvirA)
15.06.2025 - 19:07:20 - [TAB v5.1.0] Blocked attempt to add player Shanvir into team DARK_PURPLE (expected team: ;ShanvirA)
15.06.2025 - 19:07:20 - [TAB v5.1.0] Blocked attempt to add player Shanvir into team GOLD (expected team: ;ShanvirA)
15.06.2025 - 19:07:21 - [TAB v5.1.0] Blocked attempt to add player Shanvir into team GRAY (expected team: ;ShanvirA)
15.06.2025 - 19:07:21 - [TAB v5.1.0] Blocked attempt to add player Shanvir into team DARK_GRAY (expected team: ;ShanvirA)
15.06.2025 - 19:07:22 - [TAB v5.1.0] Blocked attempt to add player Shanvir into team BLUE (expected team: ;ShanvirA)
15.06.2025 - 19:07:22 - [TAB v5.1.0] Blocked attempt to add player Shanvir into team GREEN (expected team: ;ShanvirA)
15.06.2025 - 19:07:23 - [TAB v5.1.0] Blocked attempt to add player Shanvir into team AQUA (expected team: ;ShanvirA)
15.06.2025 - 19:07:23 - [TAB v5.1.0] Blocked attempt to add player Shanvir into team RED (expected team: ;ShanvirA)
15.06.2025 - 19:07:24 - [TAB v5.1.0] Blocked attempt to add player Shanvir into team LIGHT_PURPLE (expected team: ;ShanvirA)
15.06.2025 - 19:07:24 - [TAB v5.1.0] Blocked attempt to add player Shanvir into team YELLOW (expected team: ;ShanvirA)
15.06.2025 - 19:07:25 - [TAB v5.1.0] Blocked attempt to add player Shanvir into team WHITE (expected team: ;ShanvirA)
15.06.2025 - 19:07:25 - [TAB v5.1.0] Blocked attempt to add player Shanvir into team BLACK (expected team: ;ShanvirA)
15.06.2025 - 19:07:26 - [TAB v5.1.0] Blocked attempt to add player Shanvir into team DARK_BLUE (expected team: ;ShanvirA)
15.06.2025 - 19:07:26 - [TAB v5.1.0] Blocked attempt to add player Shanvir into team DARK_GREEN (expected team: ;ShanvirA)
15.06.2025 - 19:07:27 - [TAB v5.1.0] Blocked attempt to add player Shanvir into team DARK_AQUA (expected team: ;ShanvirA)
15.06.2025 - 19:07:27 - [TAB v5.1.0] Blocked attempt to add player Shanvir into team DARK_RED (expected team: ;ShanvirA)
15.06.2025 - 19:07:28 - [TAB v5.1.0] Blocked attempt to add player Shanvir into team DARK_PURPLE (expected team: ;ShanvirA)
15.06.2025 - 19:07:28 - [TAB v5.1.0] Blocked attempt to add player Shanvir into team GOLD (expected team: ;ShanvirA)
15.06.2025 - 19:07:29 - [TAB v5.1.0] Blocked attempt to add player Shanvir into team GRAY (expected team: ;ShanvirA)
15.06.2025 - 19:07:29 - [TAB v5.1.0] Blocked attempt to add player Shanvir into team DARK_GRAY (expected team: ;ShanvirA)
15.06.2025 - 19:07:30 - [TAB v5.1.0] Blocked attempt to add player Shanvir into team BLUE (expected team: ;ShanvirA)
15.06.2025 - 19:07:30 - [TAB v5.1.0] Blocked attempt to add player Shanvir into team GREEN (expected team: ;ShanvirA)
15.06.2025 - 19:07:31 - [TAB v5.1.0] Blocked attempt to add player Shanvir into team AQUA (expected team: ;ShanvirA)
15.06.2025 - 19:07:31 - [TAB v5.1.0] Blocked attempt to add player Shanvir into team RED (expected team: ;ShanvirA)
15.06.2025 - 19:07:32 - [TAB v5.1.0] Blocked attempt to add player Shanvir into team LIGHT_PURPLE (expected team: ;ShanvirA)
15.06.2025 - 19:07:32 - [TAB v5.1.0] Blocked attempt to add player Shanvir into team YELLOW (expected team: ;ShanvirA)
15.06.2025 - 19:07:33 - [TAB v5.1.0] Blocked attempt to add player Shanvir into team WHITE (expected team: ;ShanvirA)
15.06.2025 - 19:07:33 - [TAB v5.1.0] Blocked attempt to add player Shanvir into team BLACK (expected team: ;ShanvirA)
15.06.2025 - 19:07:34 - [TAB v5.1.0] Blocked attempt to add player Shanvir into team DARK_BLUE (expected team: ;ShanvirA)
15.06.2025 - 19:07:34 - [TAB v5.1.0] Blocked attempt to add player Shanvir into team DARK_GREEN (expected team: ;ShanvirA)
15.06.2025 - 19:07:35 - [TAB v5.1.0] Blocked attempt to add player Shanvir into team DARK_AQUA (expected team: ;ShanvirA)
15.06.2025 - 19:07:35 - [TAB v5.1.0] Blocked attempt to add player Shanvir into team DARK_RED (expected team: ;ShanvirA)
15.06.2025 - 19:07:36 - [TAB v5.1.0] Blocked attempt to add player Shanvir into team DARK_PURPLE (expected team: ;ShanvirA)
15.06.2025 - 19:07:36 - [TAB v5.1.0] Blocked attempt to add player Shanvir into team GOLD (expected team: ;ShanvirA)
15.06.2025 - 19:07:37 - [TAB v5.1.0] Blocked attempt to add player Shanvir into team GRAY (expected team: ;ShanvirA)
15.06.2025 - 19:07:37 - [TAB v5.1.0] Blocked attempt to add player Shanvir into team DARK_GRAY (expected team: ;ShanvirA)
15.06.2025 - 19:07:38 - [TAB v5.1.0] Blocked attempt to add player Shanvir into team BLUE (expected team: ;ShanvirA)
15.06.2025 - 19:07:38 - [TAB v5.1.0] Blocked attempt to add player Shanvir into team GREEN (expected team: ;ShanvirA)
15.06.2025 - 19:07:39 - [TAB v5.1.0] Blocked attempt to add player Shanvir into team AQUA (expected team: ;ShanvirA)
15.06.2025 - 19:07:39 - [TAB v5.1.0] Blocked attempt to add player Shanvir into team RED (expected team: ;ShanvirA)
15.06.2025 - 19:07:40 - [TAB v5.1.0] Blocked attempt to add player Shanvir into team LIGHT_PURPLE (expected team: ;ShanvirA)
15.06.2025 - 19:07:40 - [TAB v5.1.0] Blocked attempt to add player Shanvir into team YELLOW (expected team: ;ShanvirA)
15.06.2025 - 19:07:41 - [TAB v5.1.0] Blocked attempt to add player Shanvir into team WHITE (expected team: ;ShanvirA)
15.06.2025 - 19:07:41 - [TAB v5.1.0] Blocked attempt to add player Shanvir into team BLACK (expected team: ;ShanvirA)
15.06.2025 - 19:07:42 - [TAB v5.1.0] Blocked attempt to add player Shanvir into team DARK_BLUE (expected team: ;ShanvirA)
15.06.2025 - 19:07:42 - [TAB v5.1.0] Blocked attempt to add player Shanvir into team DARK_GREEN (expected team: ;ShanvirA)
15.06.2025 - 19:07:43 - [TAB v5.1.0] Blocked attempt to add player Shanvir into team DARK_AQUA (expected team: ;ShanvirA)
15.06.2025 - 19:07:43 - [TAB v5.1.0] Blocked attempt to add player Shanvir into team DARK_RED (expected team: ;ShanvirA)
15.06.2025 - 19:07:44 - [TAB v5.1.0] Blocked attempt to add player Shanvir into team DARK_PURPLE (expected team: ;ShanvirA)
15.06.2025 - 19:07:44 - [TAB v5.1.0] Blocked attempt to add player Shanvir into team GOLD (expected team: ;ShanvirA)
15.06.2025 - 19:07:45 - [TAB v5.1.0] Blocked attempt to add player Shanvir into team GRAY (expected team: ;ShanvirA)
15.06.2025 - 19:07:45 - [TAB v5.1.0] Blocked attempt to add player Shanvir into team DARK_GRAY (expected team: ;ShanvirA)
15.06.2025 - 19:07:46 - [TAB v5.1.0] Blocked attempt to add player Shanvir into team BLUE (expected team: ;ShanvirA)
15.06.2025 - 19:07:46 - [TAB v5.1.0] Blocked attempt to add player Shanvir into team GREEN (expected team: ;ShanvirA)
15.06.2025 - 19:07:47 - [TAB v5.1.0] Blocked attempt to add player Shanvir into team AQUA (expected team: ;ShanvirA)
15.06.2025 - 19:07:47 - [TAB v5.1.0] Blocked attempt to add player Shanvir into team RED (expected team: ;ShanvirA)
15.06.2025 - 19:07:48 - [TAB v5.1.0] Blocked attempt to add player Shanvir into team LIGHT_PURPLE (expected team: ;ShanvirA)
15.06.2025 - 19:07:48 - [TAB v5.1.0] Blocked attempt to add player Shanvir into team YELLOW (expected team: ;ShanvirA)
15.06.2025 - 19:07:49 - [TAB v5.1.0] Blocked attempt to add player Shanvir into team WHITE (expected team: ;ShanvirA)
15.06.2025 - 19:07:49 - [TAB v5.1.0] Blocked attempt to add player Shanvir into team BLACK (expected team: ;ShanvirA)
15.06.2025 - 19:07:50 - [TAB v5.1.0] Blocked attempt to add player Shanvir into team DARK_BLUE (expected team: ;ShanvirA)
15.06.2025 - 19:07:50 - [TAB v5.1.0] Blocked attempt to add player Shanvir into team DARK_GREEN (expected team: ;ShanvirA)
15.06.2025 - 19:07:51 - [TAB v5.1.0] Blocked attempt to add player Shanvir into team DARK_AQUA (expected team: ;ShanvirA)
15.06.2025 - 19:07:51 - [TAB v5.1.0] Blocked attempt to add player Shanvir into team DARK_RED (expected team: ;ShanvirA)
15.06.2025 - 19:07:52 - [TAB v5.1.0] Blocked attempt to add player Shanvir into team DARK_PURPLE (expected team: ;ShanvirA)
15.06.2025 - 19:07:52 - [TAB v5.1.0] Blocked attempt to add player Shanvir into team GOLD (expected team: ;ShanvirA)
15.06.2025 - 19:07:53 - [TAB v5.1.0] Blocked attempt to add player Shanvir into team GRAY (expected team: ;ShanvirA)
15.06.2025 - 19:07:53 - [TAB v5.1.0] Blocked attempt to add player Shanvir into team DARK_GRAY (expected team: ;ShanvirA)
15.06.2025 - 19:07:54 - [TAB v5.1.0] Blocked attempt to add player Shanvir into team BLUE (expected team: ;ShanvirA)
15.06.2025 - 19:07:54 - [TAB v5.1.0] Blocked attempt to add player Shanvir into team GREEN (expected team: ;ShanvirA)
15.06.2025 - 19:07:55 - [TAB v5.1.0] Blocked attempt to add player Shanvir into team AQUA (expected team: ;ShanvirA)
15.06.2025 - 19:07:55 - [TAB v5.1.0] Blocked attempt to add player Shanvir into team RED (expected team: ;ShanvirA)
15.06.2025 - 19:07:56 - [TAB v5.1.0] Blocked attempt to add player Shanvir into team LIGHT_PURPLE (expected team: ;ShanvirA)
15.06.2025 - 19:07:56 - [TAB v5.1.0] Blocked attempt to add player Shanvir into team YELLOW (expected team: ;ShanvirA)
15.06.2025 - 19:07:57 - [TAB v5.1.0] Blocked attempt to add player Shanvir into team WHITE (expected team: ;ShanvirA)
15.06.2025 - 19:07:57 - [TAB v5.1.0] Blocked attempt to add player Shanvir into team BLACK (expected team: ;ShanvirA)
15.06.2025 - 19:07:58 - [TAB v5.1.0] Blocked attempt to add player Shanvir into team DARK_BLUE (expected team: ;ShanvirA)
15.06.2025 - 19:07:58 - [TAB v5.1.0] Blocked attempt to add player Shanvir into team DARK_GREEN (expected team: ;ShanvirA)
15.06.2025 - 19:07:59 - [TAB v5.1.0] Blocked attempt to add player Shanvir into team DARK_AQUA (expected team: ;ShanvirA)
15.06.2025 - 19:07:59 - [TAB v5.1.0] Blocked attempt to add player Shanvir into team DARK_RED (expected team: ;ShanvirA)
15.06.2025 - 19:08:00 - [TAB v5.1.0] Blocked attempt to add player Shanvir into team DARK_PURPLE (expected team: ;ShanvirA)
15.06.2025 - 19:08:00 - [TAB v5.1.0] Blocked attempt to add player Shanvir into team GOLD (expected team: ;ShanvirA)
15.06.2025 - 19:08:01 - [TAB v5.1.0] Blocked attempt to add player Shanvir into team GRAY (expected team: ;ShanvirA)
15.06.2025 - 19:08:01 - [TAB v5.1.0] Blocked attempt to add player Shanvir into team DARK_GRAY (expected team: ;ShanvirA)
15.06.2025 - 19:08:02 - [TAB v5.1.0] Blocked attempt to add player Shanvir into team BLUE (expected team: ;ShanvirA)
15.06.2025 - 19:08:02 - [TAB v5.1.0] Blocked attempt to add player Shanvir into team GREEN (expected team: ;ShanvirA)
15.06.2025 - 19:08:03 - [TAB v5.1.0] Blocked attempt to add player Shanvir into team AQUA (expected team: ;ShanvirA)
15.06.2025 - 19:08:03 - [TAB v5.1.0] Blocked attempt to add player Shanvir into team RED (expected team: ;ShanvirA)
15.06.2025 - 19:08:04 - [TAB v5.1.0] Blocked attempt to add player Shanvir into team LIGHT_PURPLE (expected team: ;ShanvirA)
15.06.2025 - 19:08:04 - [TAB v5.1.0] Blocked attempt to add player Shanvir into team YELLOW (expected team: ;ShanvirA)
15.06.2025 - 19:08:05 - [TAB v5.1.0] Blocked attempt to add player Shanvir into team WHITE (expected team: ;ShanvirA)
15.06.2025 - 19:08:05 - [TAB v5.1.0] Blocked attempt to add player Shanvir into team BLACK (expected team: ;ShanvirA)
15.06.2025 - 19:08:06 - [TAB v5.1.0] Blocked attempt to add player Shanvir into team DARK_BLUE (expected team: ;ShanvirA)
15.06.2025 - 19:08:06 - [TAB v5.1.0] Blocked attempt to add player Shanvir into team DARK_GREEN (expected team: ;ShanvirA)
15.06.2025 - 19:08:07 - [TAB v5.1.0] Blocked attempt to add player Shanvir into team DARK_AQUA (expected team: ;ShanvirA)
15.06.2025 - 19:08:07 - [TAB v5.1.0] Blocked attempt to add player Shanvir into team DARK_RED (expected team: ;ShanvirA)
15.06.2025 - 19:08:08 - [TAB v5.1.0] Blocked attempt to add player Shanvir into team DARK_PURPLE (expected team: ;ShanvirA)
15.06.2025 - 19:08:08 - [TAB v5.1.0] Blocked attempt to add player Shanvir into team GOLD (expected team: ;ShanvirA)
15.06.2025 - 19:08:09 - [TAB v5.1.0] Blocked attempt to add player Shanvir into team GRAY (expected team: ;ShanvirA)
15.06.2025 - 19:08:09 - [TAB v5.1.0] Blocked attempt to add player Shanvir into team DARK_GRAY (expected team: ;ShanvirA)
15.06.2025 - 19:08:10 - [TAB v5.1.0] Blocked attempt to add player Shanvir into team BLUE (expected team: ;ShanvirA)
15.06.2025 - 19:08:10 - [TAB v5.1.0] Blocked attempt to add player Shanvir into team GREEN (expected team: ;ShanvirA)
15.06.2025 - 19:08:11 - [TAB v5.1.0] Blocked attempt to add player Shanvir into team AQUA (expected team: ;ShanvirA)
15.06.2025 - 19:08:11 - [TAB v5.1.0] Blocked attempt to add player Shanvir into team RED (expected team: ;ShanvirA)
15.06.2025 - 19:08:12 - [TAB v5.1.0] Blocked attempt to add player Shanvir into team LIGHT_PURPLE (expected team: ;ShanvirA)
15.06.2025 - 19:08:12 - [TAB v5.1.0] Blocked attempt to add player Shanvir into team YELLOW (expected team: ;ShanvirA)
15.06.2025 - 19:08:13 - [TAB v5.1.0] Blocked attempt to add player Shanvir into team WHITE (expected team: ;ShanvirA)
15.06.2025 - 19:08:13 - [TAB v5.1.0] Blocked attempt to add player Shanvir into team BLACK (expected team: ;ShanvirA)
15.06.2025 - 19:08:14 - [TAB v5.1.0] Blocked attempt to add player Shanvir into team DARK_BLUE (expected team: ;ShanvirA)
15.06.2025 - 19:08:14 - [TAB v5.1.0] Blocked attempt to add player Shanvir into team DARK_GREEN (expected team: ;ShanvirA)
15.06.2025 - 19:08:15 - [TAB v5.1.0] Blocked attempt to add player Shanvir into team DARK_AQUA (expected team: ;ShanvirA)
15.06.2025 - 19:08:15 - [TAB v5.1.0] Blocked attempt to add player Shanvir into team DARK_RED (expected team: ;ShanvirA)
15.06.2025 - 19:08:16 - [TAB v5.1.0] Blocked attempt to add player Shanvir into team DARK_PURPLE (expected team: ;ShanvirA)
15.06.2025 - 19:08:16 - [TAB v5.1.0] Blocked attempt to add player Shanvir into team GOLD (expected team: ;ShanvirA)
15.06.2025 - 19:08:17 - [TAB v5.1.0] Blocked attempt to add player Shanvir into team GRAY (expected team: ;ShanvirA)
15.06.2025 - 19:08:17 - [TAB v5.1.0] Blocked attempt to add player Shanvir into team DARK_GRAY (expected team: ;ShanvirA)
15.06.2025 - 19:08:18 - [TAB v5.1.0] Blocked attempt to add player Shanvir into team BLUE (expected team: ;ShanvirA)
15.06.2025 - 19:08:18 - [TAB v5.1.0] Blocked attempt to add player Shanvir into team GREEN (expected team: ;ShanvirA)
15.06.2025 - 19:08:19 - [TAB v5.1.0] Blocked attempt to add player Shanvir into team AQUA (expected team: ;ShanvirA)
15.06.2025 - 19:08:19 - [TAB v5.1.0] Blocked attempt to add player Shanvir into team RED (expected team: ;ShanvirA)
15.06.2025 - 19:08:20 - [TAB v5.1.0] Blocked attempt to add player Shanvir into team LIGHT_PURPLE (expected team: ;ShanvirA)
15.06.2025 - 19:08:20 - [TAB v5.1.0] Blocked attempt to add player Shanvir into team YELLOW (expected team: ;ShanvirA)
15.06.2025 - 19:08:21 - [TAB v5.1.0] Blocked attempt to add player Shanvir into team WHITE (expected team: ;ShanvirA)
15.06.2025 - 19:08:21 - [TAB v5.1.0] Blocked attempt to add player Shanvir into team BLACK (expected team: ;ShanvirA)
15.06.2025 - 19:08:22 - [TAB v5.1.0] Blocked attempt to add player Shanvir into team DARK_BLUE (expected team: ;ShanvirA)
15.06.2025 - 19:08:22 - [TAB v5.1.0] Blocked attempt to add player Shanvir into team DARK_GREEN (expected team: ;ShanvirA)
15.06.2025 - 19:08:23 - [TAB v5.1.0] Blocked attempt to add player Shanvir into team DARK_AQUA (expected team: ;ShanvirA)
15.06.2025 - 19:08:23 - [TAB v5.1.0] Blocked attempt to add player Shanvir into team DARK_RED (expected team: ;ShanvirA)
15.06.2025 - 19:08:24 - [TAB v5.1.0] Blocked attempt to add player Shanvir into team DARK_PURPLE (expected team: ;ShanvirA)
15.06.2025 - 19:08:24 - [TAB v5.1.0] Blocked attempt to add player Shanvir into team GOLD (expected team: ;ShanvirA)
15.06.2025 - 19:08:25 - [TAB v5.1.0] Blocked attempt to add player Shanvir into team GRAY (expected team: ;ShanvirA)
15.06.2025 - 19:08:25 - [TAB v5.1.0] Blocked attempt to add player Shanvir into team DARK_GRAY (expected team: ;ShanvirA)
15.06.2025 - 19:08:26 - [TAB v5.1.0] Blocked attempt to add player Shanvir into team BLUE (expected team: ;ShanvirA)
15.06.2025 - 19:08:26 - [TAB v5.1.0] Blocked attempt to add player Shanvir into team GREEN (expected team: ;ShanvirA)
15.06.2025 - 19:08:27 - [TAB v5.1.0] Blocked attempt to add player Shanvir into team AQUA (expected team: ;ShanvirA)
15.06.2025 - 19:08:27 - [TAB v5.1.0] Blocked attempt to add player Shanvir into team RED (expected team: ;ShanvirA)
15.06.2025 - 19:08:28 - [TAB v5.1.0] Blocked attempt to add player Shanvir into team LIGHT_PURPLE (expected team: ;ShanvirA)
15.06.2025 - 19:08:28 - [TAB v5.1.0] Blocked attempt to add player Shanvir into team YELLOW (expected team: ;ShanvirA)
15.06.2025 - 19:08:29 - [TAB v5.1.0] Blocked attempt to add player Shanvir into team WHITE (expected team: ;ShanvirA)
15.06.2025 - 19:08:29 - [TAB v5.1.0] Blocked attempt to add player Shanvir into team BLACK (expected team: ;ShanvirA)
15.06.2025 - 19:08:30 - [TAB v5.1.0] Blocked attempt to add player Shanvir into team DARK_BLUE (expected team: ;ShanvirA)
15.06.2025 - 19:08:30 - [TAB v5.1.0] Blocked attempt to add player Shanvir into team DARK_GREEN (expected team: ;ShanvirA)
15.06.2025 - 19:08:31 - [TAB v5.1.0] Blocked attempt to add player Shanvir into team DARK_AQUA (expected team: ;ShanvirA)
15.06.2025 - 19:08:31 - [TAB v5.1.0] Blocked attempt to add player Shanvir into team DARK_RED (expected team: ;ShanvirA)
15.06.2025 - 19:08:32 - [TAB v5.1.0] Blocked attempt to add player Shanvir into team DARK_PURPLE (expected team: ;ShanvirA)
15.06.2025 - 19:08:32 - [TAB v5.1.0] Blocked attempt to add player Shanvir into team GOLD (expected team: ;ShanvirA)
15.06.2025 - 19:08:33 - [TAB v5.1.0] Blocked attempt to add player Shanvir into team GRAY (expected team: ;ShanvirA)
15.06.2025 - 19:08:33 - [TAB v5.1.0] Blocked attempt to add player Shanvir into team DARK_GRAY (expected team: ;ShanvirA)
15.06.2025 - 19:08:34 - [TAB v5.1.0] Blocked attempt to add player Shanvir into team BLUE (expected team: ;ShanvirA)
15.06.2025 - 19:08:34 - [TAB v5.1.0] Blocked attempt to add player Shanvir into team GREEN (expected team: ;ShanvirA)
15.06.2025 - 19:08:35 - [TAB v5.1.0] Blocked attempt to add player Shanvir into team AQUA (expected team: ;ShanvirA)
15.06.2025 - 19:08:35 - [TAB v5.1.0] Blocked attempt to add player Shanvir into team RED (expected team: ;ShanvirA)
15.06.2025 - 19:08:36 - [TAB v5.1.0] Blocked attempt to add player Shanvir into team LIGHT_PURPLE (expected team: ;ShanvirA)
15.06.2025 - 19:08:36 - [TAB v5.1.0] Blocked attempt to add player Shanvir into team YELLOW (expected team: ;ShanvirA)
15.06.2025 - 19:08:37 - [TAB v5.1.0] Blocked attempt to add player Shanvir into team WHITE (expected team: ;ShanvirA)
15.06.2025 - 19:08:37 - [TAB v5.1.0] Blocked attempt to add player Shanvir into team BLACK (expected team: ;ShanvirA)
15.06.2025 - 19:08:38 - [TAB v5.1.0] Blocked attempt to add player Shanvir into team DARK_BLUE (expected team: ;ShanvirA)
15.06.2025 - 19:08:38 - [TAB v5.1.0] Blocked attempt to add player Shanvir into team DARK_GREEN (expected team: ;ShanvirA)
15.06.2025 - 19:08:39 - [TAB v5.1.0] Blocked attempt to add player Shanvir into team DARK_AQUA (expected team: ;ShanvirA)
15.06.2025 - 19:08:39 - [TAB v5.1.0] Blocked attempt to add player Shanvir into team DARK_RED (expected team: ;ShanvirA)
15.06.2025 - 19:08:40 - [TAB v5.1.0] Blocked attempt to add player Shanvir into team DARK_PURPLE (expected team: ;ShanvirA)
15.06.2025 - 19:08:40 - [TAB v5.1.0] Blocked attempt to add player Shanvir into team GOLD (expected team: ;ShanvirA)
15.06.2025 - 19:08:41 - [TAB v5.1.0] Blocked attempt to add player Shanvir into team GRAY (expected team: ;ShanvirA)
15.06.2025 - 19:08:41 - [TAB v5.1.0] Blocked attempt to add player Shanvir into team DARK_GRAY (expected team: ;ShanvirA)
15.06.2025 - 19:08:42 - [TAB v5.1.0] Blocked attempt to add player Shanvir into team BLUE (expected team: ;ShanvirA)
15.06.2025 - 19:08:42 - [TAB v5.1.0] Blocked attempt to add player Shanvir into team GREEN (expected team: ;ShanvirA)
15.06.2025 - 19:08:43 - [TAB v5.1.0] Blocked attempt to add player Shanvir into team AQUA (expected team: ;ShanvirA)
15.06.2025 - 19:08:43 - [TAB v5.1.0] Blocked attempt to add player Shanvir into team RED (expected team: ;ShanvirA)
15.06.2025 - 19:08:44 - [TAB v5.1.0] Blocked attempt to add player Shanvir into team LIGHT_PURPLE (expected team: ;ShanvirA)
15.06.2025 - 19:08:44 - [TAB v5.1.0] Blocked attempt to add player Shanvir into team YELLOW (expected team: ;ShanvirA)
15.06.2025 - 19:08:45 - [TAB v5.1.0] Blocked attempt to add player Shanvir into team WHITE (expected team: ;ShanvirA)
15.06.2025 - 19:08:45 - [TAB v5.1.0] Blocked attempt to add player Shanvir into team BLACK (expected team: ;ShanvirA)
15.06.2025 - 19:08:46 - [TAB v5.1.0] Blocked attempt to add player Shanvir into team DARK_BLUE (expected team: ;ShanvirA)
15.06.2025 - 19:08:46 - [TAB v5.1.0] Blocked attempt to add player Shanvir into team DARK_GREEN (expected team: ;ShanvirA)
15.06.2025 - 19:08:47 - [TAB v5.1.0] Blocked attempt to add player Shanvir into team DARK_AQUA (expected team: ;ShanvirA)
15.06.2025 - 19:08:47 - [TAB v5.1.0] Blocked attempt to add player Shanvir into team DARK_RED (expected team: ;ShanvirA)
15.06.2025 - 19:08:48 - [TAB v5.1.0] Blocked attempt to add player Shanvir into team DARK_PURPLE (expected team: ;ShanvirA)
15.06.2025 - 19:08:48 - [TAB v5.1.0] Blocked attempt to add player Shanvir into team GOLD (expected team: ;ShanvirA)
15.06.2025 - 19:08:49 - [TAB v5.1.0] Blocked attempt to add player Shanvir into team GRAY (expected team: ;ShanvirA)
15.06.2025 - 19:08:49 - [TAB v5.1.0] Blocked attempt to add player Shanvir into team DARK_GRAY (expected team: ;ShanvirA)
15.06.2025 - 19:08:50 - [TAB v5.1.0] Blocked attempt to add player Shanvir into team BLUE (expected team: ;ShanvirA)
15.06.2025 - 19:08:50 - [TAB v5.1.0] Blocked attempt to add player Shanvir into team GREEN (expected team: ;ShanvirA)
15.06.2025 - 19:08:51 - [TAB v5.1.0] Blocked attempt to add player Shanvir into team AQUA (expected team: ;ShanvirA)
15.06.2025 - 19:08:51 - [TAB v5.1.0] Blocked attempt to add player Shanvir into team RED (expected team: ;ShanvirA)
15.06.2025 - 19:08:52 - [TAB v5.1.0] Blocked attempt to add player Shanvir into team LIGHT_PURPLE (expected team: ;ShanvirA)
15.06.2025 - 19:08:52 - [TAB v5.1.0] Blocked attempt to add player Shanvir into team YELLOW (expected team: ;ShanvirA)
15.06.2025 - 19:08:53 - [TAB v5.1.0] Blocked attempt to add player Shanvir into team WHITE (expected team: ;ShanvirA)
15.06.2025 - 19:08:53 - [TAB v5.1.0] Blocked attempt to add player Shanvir into team BLACK (expected team: ;ShanvirA)
15.06.2025 - 19:08:54 - [TAB v5.1.0] Blocked attempt to add player Shanvir into team DARK_BLUE (expected team: ;ShanvirA)
15.06.2025 - 19:08:54 - [TAB v5.1.0] Blocked attempt to add player Shanvir into team DARK_GREEN (expected team: ;ShanvirA)
15.06.2025 - 19:08:55 - [TAB v5.1.0] Blocked attempt to add player Shanvir into team DARK_AQUA (expected team: ;ShanvirA)
15.06.2025 - 19:08:55 - [TAB v5.1.0] Blocked attempt to add player Shanvir into team DARK_RED (expected team: ;ShanvirA)
15.06.2025 - 19:08:56 - [TAB v5.1.0] Blocked attempt to add player Shanvir into team DARK_PURPLE (expected team: ;ShanvirA)
15.06.2025 - 19:08:56 - [TAB v5.1.0] Blocked attempt to add player Shanvir into team GOLD (expected team: ;ShanvirA)
15.06.2025 - 19:08:57 - [TAB v5.1.0] Blocked attempt to add player Shanvir into team GRAY (expected team: ;ShanvirA)
15.06.2025 - 19:08:57 - [TAB v5.1.0] Blocked attempt to add player Shanvir into team DARK_GRAY (expected team: ;ShanvirA)
15.06.2025 - 19:08:58 - [TAB v5.1.0] Blocked attempt to add player Shanvir into team BLUE (expected team: ;ShanvirA)
15.06.2025 - 19:08:58 - [TAB v5.1.0] Blocked attempt to add player Shanvir into team GREEN (expected team: ;ShanvirA)
15.06.2025 - 19:08:59 - [TAB v5.1.0] Blocked attempt to add player Shanvir into team AQUA (expected team: ;ShanvirA)
15.06.2025 - 19:08:59 - [TAB v5.1.0] Blocked attempt to add player Shanvir into team RED (expected team: ;ShanvirA)
15.06.2025 - 19:09:00 - [TAB v5.1.0] Blocked attempt to add player Shanvir into team LIGHT_PURPLE (expected team: ;ShanvirA)
15.06.2025 - 19:09:00 - [TAB v5.1.0] Blocked attempt to add player Shanvir into team YELLOW (expected team: ;ShanvirA)
15.06.2025 - 19:09:01 - [TAB v5.1.0] Blocked attempt to add player Shanvir into team WHITE (expected team: ;ShanvirA)
15.06.2025 - 19:09:01 - [TAB v5.1.0] Blocked attempt to add player Shanvir into team BLACK (expected team: ;ShanvirA)
15.06.2025 - 19:09:02 - [TAB v5.1.0] Blocked attempt to add player Shanvir into team DARK_BLUE (expected team: ;ShanvirA)
15.06.2025 - 19:09:02 - [TAB v5.1.0] Blocked attempt to add player Shanvir into team DARK_GREEN (expected team: ;ShanvirA)
15.06.2025 - 19:09:03 - [TAB v5.1.0] Blocked attempt to add player Shanvir into team DARK_AQUA (expected team: ;ShanvirA)
15.06.2025 - 19:09:03 - [TAB v5.1.0] Blocked attempt to add player Shanvir into team DARK_RED (expected team: ;ShanvirA)
15.06.2025 - 19:09:04 - [TAB v5.1.0] Blocked attempt to add player Shanvir into team DARK_PURPLE (expected team: ;ShanvirA)
15.06.2025 - 19:09:04 - [TAB v5.1.0] Blocked attempt to add player Shanvir into team GOLD (expected team: ;ShanvirA)
15.06.2025 - 19:09:05 - [TAB v5.1.0] Blocked attempt to add player Shanvir into team GRAY (expected team: ;ShanvirA)
15.06.2025 - 19:09:05 - [TAB v5.1.0] Blocked attempt to add player Shanvir into team DARK_GRAY (expected team: ;ShanvirA)
15.06.2025 - 19:09:06 - [TAB v5.1.0] Blocked attempt to add player Shanvir into team BLUE (expected team: ;ShanvirA)
15.06.2025 - 19:09:06 - [TAB v5.1.0] Blocked attempt to add player Shanvir into team GREEN (expected team: ;ShanvirA)
15.06.2025 - 19:09:07 - [TAB v5.1.0] Blocked attempt to add player Shanvir into team AQUA (expected team: ;ShanvirA)
15.06.2025 - 19:09:07 - [TAB v5.1.0] Blocked attempt to add player Shanvir into team RED (expected team: ;ShanvirA)
15.06.2025 - 19:09:08 - [TAB v5.1.0] Blocked attempt to add player Shanvir into team LIGHT_PURPLE (expected team: ;ShanvirA)
15.06.2025 - 19:09:08 - [TAB v5.1.0] Blocked attempt to add player Shanvir into team YELLOW (expected team: ;ShanvirA)
15.06.2025 - 19:09:09 - [TAB v5.1.0] Blocked attempt to add player Shanvir into team WHITE (expected team: ;ShanvirA)
15.06.2025 - 19:09:09 - [TAB v5.1.0] Blocked attempt to add player Shanvir into team BLACK (expected team: ;ShanvirA)
15.06.2025 - 19:09:10 - [TAB v5.1.0] Blocked attempt to add player Shanvir into team DARK_BLUE (expected team: ;ShanvirA)
15.06.2025 - 19:09:10 - [TAB v5.1.0] Blocked attempt to add player Shanvir into team DARK_GREEN (expected team: ;ShanvirA)
15.06.2025 - 19:09:11 - [TAB v5.1.0] Blocked attempt to add player Shanvir into team DARK_AQUA (expected team: ;ShanvirA)
15.06.2025 - 19:09:11 - [TAB v5.1.0] Blocked attempt to add player Shanvir into team DARK_RED (expected team: ;ShanvirA)
15.06.2025 - 19:09:12 - [TAB v5.1.0] Blocked attempt to add player Shanvir into team DARK_PURPLE (expected team: ;ShanvirA)
15.06.2025 - 19:09:12 - [TAB v5.1.0] Blocked attempt to add player Shanvir into team GOLD (expected team: ;ShanvirA)
15.06.2025 - 19:09:13 - [TAB v5.1.0] Blocked attempt to add player Shanvir into team GRAY (expected team: ;ShanvirA)
15.06.2025 - 19:09:13 - [TAB v5.1.0] Blocked attempt to add player Shanvir into team DARK_GRAY (expected team: ;ShanvirA)
15.06.2025 - 19:09:14 - [TAB v5.1.0] Blocked attempt to add player Shanvir into team BLUE (expected team: ;ShanvirA)
15.06.2025 - 19:09:14 - [TAB v5.1.0] Blocked attempt to add player Shanvir into team GREEN (expected team: ;ShanvirA)
15.06.2025 - 19:09:15 - [TAB v5.1.0] Blocked attempt to add player Shanvir into team AQUA (expected team: ;ShanvirA)
15.06.2025 - 19:09:15 - [TAB v5.1.0] Blocked attempt to add player Shanvir into team RED (expected team: ;ShanvirA)
15.06.2025 - 19:09:16 - [TAB v5.1.0] Blocked attempt to add player Shanvir into team LIGHT_PURPLE (expected team: ;ShanvirA)
15.06.2025 - 19:09:16 - [TAB v5.1.0] Blocked attempt to add player Shanvir into team YELLOW (expected team: ;ShanvirA)
15.06.2025 - 19:09:17 - [TAB v5.1.0] Blocked attempt to add player Shanvir into team WHITE (expected team: ;ShanvirA)
15.06.2025 - 19:09:17 - [TAB v5.1.0] Blocked attempt to add player Shanvir into team BLACK (expected team: ;ShanvirA)
15.06.2025 - 19:09:18 - [TAB v5.1.0] Blocked attempt to add player Shanvir into team DARK_BLUE (expected team: ;ShanvirA)
15.06.2025 - 19:09:18 - [TAB v5.1.0] Blocked attempt to add player Shanvir into team DARK_GREEN (expected team: ;ShanvirA)
15.06.2025 - 19:09:19 - [TAB v5.1.0] Blocked attempt to add player Shanvir into team DARK_AQUA (expected team: ;ShanvirA)
15.06.2025 - 19:09:19 - [TAB v5.1.0] Blocked attempt to add player Shanvir into team DARK_RED (expected team: ;ShanvirA)
15.06.2025 - 19:09:20 - [TAB v5.1.0] Blocked attempt to add player Shanvir into team DARK_PURPLE (expected team: ;ShanvirA)
15.06.2025 - 19:09:20 - [TAB v5.1.0] Blocked attempt to add player Shanvir into team GOLD (expected team: ;ShanvirA)
15.06.2025 - 19:09:21 - [TAB v5.1.0] Blocked attempt to add player Shanvir into team GRAY (expected team: ;ShanvirA)
15.06.2025 - 19:09:21 - [TAB v5.1.0] Blocked attempt to add player Shanvir into team DARK_GRAY (expected team: ;ShanvirA)
15.06.2025 - 19:09:22 - [TAB v5.1.0] Blocked attempt to add player Shanvir into team BLUE (expected team: ;ShanvirA)
15.06.2025 - 19:09:22 - [TAB v5.1.0] Blocked attempt to add player Shanvir into team GREEN (expected team: ;ShanvirA)
15.06.2025 - 19:09:23 - [TAB v5.1.0] Blocked attempt to add player Shanvir into team AQUA (expected team: ;ShanvirA)
15.06.2025 - 19:09:23 - [TAB v5.1.0] Blocked attempt to add player Shanvir into team RED (expected team: ;ShanvirA)
15.06.2025 - 19:09:24 - [TAB v5.1.0] Blocked attempt to add player Shanvir into team LIGHT_PURPLE (expected team: ;ShanvirA)
15.06.2025 - 19:09:24 - [TAB v5.1.0] Blocked attempt to add player Shanvir into team YELLOW (expected team: ;ShanvirA)
15.06.2025 - 19:09:25 - [TAB v5.1.0] Blocked attempt to add player Shanvir into team WHITE (expected team: ;ShanvirA)
15.06.2025 - 19:09:25 - [TAB v5.1.0] Blocked attempt to add player Shanvir into team BLACK (expected team: ;ShanvirA)
15.06.2025 - 19:09:26 - [TAB v5.1.0] Blocked attempt to add player Shanvir into team DARK_BLUE (expected team: ;ShanvirA)
15.06.2025 - 19:09:26 - [TAB v5.1.0] Blocked attempt to add player Shanvir into team DARK_GREEN (expected team: ;ShanvirA)
15.06.2025 - 19:09:27 - [TAB v5.1.0] Blocked attempt to add player Shanvir into team DARK_AQUA (expected team: ;ShanvirA)
15.06.2025 - 19:09:27 - [TAB v5.1.0] Blocked attempt to add player Shanvir into team DARK_RED (expected team: ;ShanvirA)
15.06.2025 - 19:09:28 - [TAB v5.1.0] Blocked attempt to add player Shanvir into team DARK_PURPLE (expected team: ;ShanvirA)
15.06.2025 - 19:09:28 - [TAB v5.1.0] Blocked attempt to add player Shanvir into team GOLD (expected team: ;ShanvirA)
15.06.2025 - 19:09:29 - [TAB v5.1.0] Blocked attempt to add player Shanvir into team GRAY (expected team: ;ShanvirA)
15.06.2025 - 19:09:29 - [TAB v5.1.0] Blocked attempt to add player Shanvir into team DARK_GRAY (expected team: ;ShanvirA)
15.06.2025 - 19:09:30 - [TAB v5.1.0] Blocked attempt to add player Shanvir into team BLUE (expected team: ;ShanvirA)
15.06.2025 - 19:09:30 - [TAB v5.1.0] Blocked attempt to add player Shanvir into team GREEN (expected team: ;ShanvirA)
15.06.2025 - 19:09:31 - [TAB v5.1.0] Blocked attempt to add player Shanvir into team AQUA (expected team: ;ShanvirA)
15.06.2025 - 19:09:31 - [TAB v5.1.0] Blocked attempt to add player Shanvir into team RED (expected team: ;ShanvirA)
15.06.2025 - 19:09:32 - [TAB v5.1.0] Blocked attempt to add player Shanvir into team LIGHT_PURPLE (expected team: ;ShanvirA)
15.06.2025 - 19:09:32 - [TAB v5.1.0] Blocked attempt to add player Shanvir into team YELLOW (expected team: ;ShanvirA)
15.06.2025 - 19:09:33 - [TAB v5.1.0] Blocked attempt to add player Shanvir into team WHITE (expected team: ;ShanvirA)
15.06.2025 - 19:09:33 - [TAB v5.1.0] Blocked attempt to add player Shanvir into team BLACK (expected team: ;ShanvirA)
15.06.2025 - 19:09:34 - [TAB v5.1.0] Blocked attempt to add player Shanvir into team DARK_BLUE (expected team: ;ShanvirA)
15.06.2025 - 19:09:34 - [TAB v5.1.0] Blocked attempt to add player Shanvir into team DARK_GREEN (expected team: ;ShanvirA)
15.06.2025 - 19:09:35 - [TAB v5.1.0] Blocked attempt to add player Shanvir into team DARK_AQUA (expected team: ;ShanvirA)
15.06.2025 - 19:09:35 - [TAB v5.1.0] Blocked attempt to add player Shanvir into team DARK_RED (expected team: ;ShanvirA)
15.06.2025 - 19:09:36 - [TAB v5.1.0] Blocked attempt to add player Shanvir into team DARK_PURPLE (expected team: ;ShanvirA)
15.06.2025 - 19:09:36 - [TAB v5.1.0] Blocked attempt to add player Shanvir into team GOLD (expected team: ;ShanvirA)
15.06.2025 - 19:09:37 - [TAB v5.1.0] Blocked attempt to add player Shanvir into team GRAY (expected team: ;ShanvirA)
15.06.2025 - 19:09:37 - [TAB v5.1.0] Blocked attempt to add player Shanvir into team DARK_GRAY (expected team: ;ShanvirA)
15.06.2025 - 19:09:38 - [TAB v5.1.0] Blocked attempt to add player Shanvir into team BLUE (expected team: ;ShanvirA)
15.06.2025 - 19:09:38 - [TAB v5.1.0] Blocked attempt to add player Shanvir into team GREEN (expected team: ;ShanvirA)
15.06.2025 - 19:09:39 - [TAB v5.1.0] Blocked attempt to add player Shanvir into team AQUA (expected team: ;ShanvirA)
15.06.2025 - 19:09:39 - [TAB v5.1.0] Blocked attempt to add player Shanvir into team RED (expected team: ;ShanvirA)
15.06.2025 - 19:09:40 - [TAB v5.1.0] Blocked attempt to add player Shanvir into team LIGHT_PURPLE (expected team: ;ShanvirA)
15.06.2025 - 19:09:40 - [TAB v5.1.0] Blocked attempt to add player Shanvir into team YELLOW (expected team: ;ShanvirA)
15.06.2025 - 19:09:41 - [TAB v5.1.0] Blocked attempt to add player Shanvir into team WHITE (expected team: ;ShanvirA)
15.06.2025 - 19:09:41 - [TAB v5.1.0] Blocked attempt to add player Shanvir into team BLACK (expected team: ;ShanvirA)
15.06.2025 - 19:09:42 - [TAB v5.1.0] Blocked attempt to add player Shanvir into team DARK_BLUE (expected team: ;ShanvirA)
15.06.2025 - 19:09:42 - [TAB v5.1.0] Blocked attempt to add player Shanvir into team DARK_GREEN (expected team: ;ShanvirA)
15.06.2025 - 19:09:43 - [TAB v5.1.0] Blocked attempt to add player Shanvir into team DARK_AQUA (expected team: ;ShanvirA)
15.06.2025 - 19:09:43 - [TAB v5.1.0] Blocked attempt to add player Shanvir into team DARK_RED (expected team: ;ShanvirA)
15.06.2025 - 19:09:44 - [TAB v5.1.0] Blocked attempt to add player Shanvir into team DARK_PURPLE (expected team: ;ShanvirA)
15.06.2025 - 19:09:44 - [TAB v5.1.0] Blocked attempt to add player Shanvir into team GOLD (expected team: ;ShanvirA)
15.06.2025 - 19:09:45 - [TAB v5.1.0] Blocked attempt to add player Shanvir into team GRAY (expected team: ;ShanvirA)
15.06.2025 - 19:09:45 - [TAB v5.1.0] Blocked attempt to add player Shanvir into team DARK_GRAY (expected team: ;ShanvirA)
15.06.2025 - 19:09:46 - [TAB v5.1.0] Blocked attempt to add player Shanvir into team BLUE (expected team: ;ShanvirA)
15.06.2025 - 19:09:46 - [TAB v5.1.0] Blocked attempt to add player Shanvir into team GREEN (expected team: ;ShanvirA)
15.06.2025 - 19:09:47 - [TAB v5.1.0] Blocked attempt to add player Shanvir into team AQUA (expected team: ;ShanvirA)
15.06.2025 - 19:09:47 - [TAB v5.1.0] Blocked attempt to add player Shanvir into team RED (expected team: ;ShanvirA)
15.06.2025 - 19:09:48 - [TAB v5.1.0] Blocked attempt to add player Shanvir into team LIGHT_PURPLE (expected team: ;ShanvirA)
15.06.2025 - 19:09:48 - [TAB v5.1.0] Blocked attempt to add player Shanvir into team YELLOW (expected team: ;ShanvirA)
15.06.2025 - 19:09:49 - [TAB v5.1.0] Blocked attempt to add player Shanvir into team WHITE (expected team: ;ShanvirA)
15.06.2025 - 19:09:49 - [TAB v5.1.0] Blocked attempt to add player Shanvir into team BLACK (expected team: ;ShanvirA)
15.06.2025 - 19:09:50 - [TAB v5.1.0] Blocked attempt to add player Shanvir into team DARK_BLUE (expected team: ;ShanvirA)
15.06.2025 - 19:09:50 - [TAB v5.1.0] Blocked attempt to add player Shanvir into team DARK_GREEN (expected team: ;ShanvirA)
15.06.2025 - 19:09:51 - [TAB v5.1.0] Blocked attempt to add player Shanvir into team DARK_AQUA (expected team: ;ShanvirA)
15.06.2025 - 19:09:51 - [TAB v5.1.0] Blocked attempt to add player Shanvir into team DARK_RED (expected team: ;ShanvirA)
15.06.2025 - 19:09:52 - [TAB v5.1.0] Blocked attempt to add player Shanvir into team DARK_PURPLE (expected team: ;ShanvirA)
15.06.2025 - 19:09:52 - [TAB v5.1.0] Blocked attempt to add player Shanvir into team GOLD (expected team: ;ShanvirA)
15.06.2025 - 19:09:53 - [TAB v5.1.0] Blocked attempt to add player Shanvir into team GRAY (expected team: ;ShanvirA)
15.06.2025 - 19:09:54 - [TAB v5.1.0] Blocked attempt to add player Shanvir into team DARK_GRAY (expected team: ;ShanvirA)
15.06.2025 - 19:09:56 - [TAB v5.1.0] Blocked attempt to add player Shanvir into team BLUE (expected team: ;ShanvirA)
15.06.2025 - 19:09:56 - [TAB v5.1.0] Blocked attempt to add player Shanvir into team GREEN (expected team: ;ShanvirA)
15.06.2025 - 19:09:56 - [TAB v5.1.0] Blocked attempt to add player Shanvir into team AQUA (expected team: ;ShanvirA)
15.06.2025 - 19:09:56 - [TAB v5.1.0] Blocked attempt to add player Shanvir into team RED (expected team: ;ShanvirA)
15.06.2025 - 19:09:56 - [TAB v5.1.0] Blocked attempt to add player Shanvir into team LIGHT_PURPLE (expected team: ;ShanvirA)
15.06.2025 - 19:09:56 - [TAB v5.1.0] Blocked attempt to add player Shanvir into team YELLOW (expected team: ;ShanvirA)
15.06.2025 - 19:09:57 - [TAB v5.1.0] Blocked attempt to add player Shanvir into team WHITE (expected team: ;ShanvirA)
15.06.2025 - 19:09:57 - [TAB v5.1.0] Blocked attempt to add player Shanvir into team BLACK (expected team: ;ShanvirA)
15.06.2025 - 19:09:58 - [TAB v5.1.0] Blocked attempt to add player Shanvir into team DARK_BLUE (expected team: ;ShanvirA)
15.06.2025 - 19:09:58 - [TAB v5.1.0] Blocked attempt to add player Shanvir into team DARK_GREEN (expected team: ;ShanvirA)
15.06.2025 - 19:09:59 - [TAB v5.1.0] Blocked attempt to add player Shanvir into team DARK_AQUA (expected team: ;ShanvirA)
15.06.2025 - 19:09:59 - [TAB v5.1.0] Blocked attempt to add player Shanvir into team DARK_RED (expected team: ;ShanvirA)
15.06.2025 - 19:10:00 - [TAB v5.1.0] Blocked attempt to add player Shanvir into team DARK_PURPLE (expected team: ;ShanvirA)
15.06.2025 - 19:10:00 - [TAB v5.1.0] Blocked attempt to add player Shanvir into team GOLD (expected team: ;ShanvirA)
15.06.2025 - 19:10:01 - [TAB v5.1.0] Blocked attempt to add player Shanvir into team GRAY (expected team: ;ShanvirA)
15.06.2025 - 19:10:01 - [TAB v5.1.0] Blocked attempt to add player Shanvir into team DARK_GRAY (expected team: ;ShanvirA)
15.06.2025 - 19:10:02 - [TAB v5.1.0] Blocked attempt to add player Shanvir into team BLUE (expected team: ;ShanvirA)
15.06.2025 - 19:10:02 - [TAB v5.1.0] Blocked attempt to add player Shanvir into team GREEN (expected team: ;ShanvirA)
15.06.2025 - 19:10:03 - [TAB v5.1.0] Blocked attempt to add player Shanvir into team AQUA (expected team: ;ShanvirA)
15.06.2025 - 19:10:03 - [TAB v5.1.0] Blocked attempt to add player Shanvir into team RED (expected team: ;ShanvirA)
15.06.2025 - 19:10:04 - [TAB v5.1.0] Blocked attempt to add player Shanvir into team LIGHT_PURPLE (expected team: ;ShanvirA)
15.06.2025 - 19:10:04 - [TAB v5.1.0] Blocked attempt to add player Shanvir into team YELLOW (expected team: ;ShanvirA)
15.06.2025 - 19:10:05 - [TAB v5.1.0] Blocked attempt to add player Shanvir into team WHITE (expected team: ;ShanvirA)
15.06.2025 - 19:10:05 - [TAB v5.1.0] Blocked attempt to add player Shanvir into team BLACK (expected team: ;ShanvirA)
15.06.2025 - 19:10:06 - [TAB v5.1.0] Blocked attempt to add player Shanvir into team DARK_BLUE (expected team: ;ShanvirA)
15.06.2025 - 19:10:06 - [TAB v5.1.0] Blocked attempt to add player Shanvir into team DARK_GREEN (expected team: ;ShanvirA)
15.06.2025 - 19:10:07 - [TAB v5.1.0] Blocked attempt to add player Shanvir into team DARK_AQUA (expected team: ;ShanvirA)
15.06.2025 - 19:10:07 - [TAB v5.1.0] Blocked attempt to add player Shanvir into team DARK_RED (expected team: ;ShanvirA)
15.06.2025 - 19:10:08 - [TAB v5.1.0] Blocked attempt to add player Shanvir into team DARK_PURPLE (expected team: ;ShanvirA)
15.06.2025 - 19:10:08 - [TAB v5.1.0] Blocked attempt to add player Shanvir into team GOLD (expected team: ;ShanvirA)
15.06.2025 - 19:10:09 - [TAB v5.1.0] Blocked attempt to add player Shanvir into team GRAY (expected team: ;ShanvirA)
15.06.2025 - 19:10:09 - [TAB v5.1.0] Blocked attempt to add player Shanvir into team DARK_GRAY (expected team: ;ShanvirA)
15.06.2025 - 19:10:10 - [TAB v5.1.0] Blocked attempt to add player Shanvir into team BLUE (expected team: ;ShanvirA)
15.06.2025 - 19:10:10 - [TAB v5.1.0] Blocked attempt to add player Shanvir into team GREEN (expected team: ;ShanvirA)
15.06.2025 - 19:10:11 - [TAB v5.1.0] Blocked attempt to add player Shanvir into team AQUA (expected team: ;ShanvirA)
15.06.2025 - 19:10:11 - [TAB v5.1.0] Blocked attempt to add player Shanvir into team RED (expected team: ;ShanvirA)
15.06.2025 - 19:10:12 - [TAB v5.1.0] Blocked attempt to add player Shanvir into team LIGHT_PURPLE (expected team: ;ShanvirA)
15.06.2025 - 19:10:12 - [TAB v5.1.0] Blocked attempt to add player Shanvir into team YELLOW (expected team: ;ShanvirA)
15.06.2025 - 19:10:13 - [TAB v5.1.0] Blocked attempt to add player Shanvir into team WHITE (expected team: ;ShanvirA)
15.06.2025 - 19:10:13 - [TAB v5.1.0] Blocked attempt to add player Shanvir into team BLACK (expected team: ;ShanvirA)
15.06.2025 - 19:10:14 - [TAB v5.1.0] Blocked attempt to add player Shanvir into team DARK_BLUE (expected team: ;ShanvirA)
15.06.2025 - 19:10:14 - [TAB v5.1.0] Blocked attempt to add player Shanvir into team DARK_GREEN (expected team: ;ShanvirA)
15.06.2025 - 19:10:15 - [TAB v5.1.0] Blocked attempt to add player Shanvir into team DARK_AQUA (expected team: ;ShanvirA)
15.06.2025 - 19:10:15 - [TAB v5.1.0] Blocked attempt to add player Shanvir into team DARK_RED (expected team: ;ShanvirA)
15.06.2025 - 19:10:16 - [TAB v5.1.0] Blocked attempt to add player Shanvir into team DARK_PURPLE (expected team: ;ShanvirA)
15.06.2025 - 19:10:16 - [TAB v5.1.0] Blocked attempt to add player Shanvir into team GOLD (expected team: ;ShanvirA)
15.06.2025 - 19:10:17 - [TAB v5.1.0] Blocked attempt to add player Shanvir into team GRAY (expected team: ;ShanvirA)
15.06.2025 - 19:10:17 - [TAB v5.1.0] Blocked attempt to add player Shanvir into team DARK_GRAY (expected team: ;ShanvirA)
15.06.2025 - 19:10:18 - [TAB v5.1.0] Blocked attempt to add player Shanvir into team BLUE (expected team: ;ShanvirA)
15.06.2025 - 19:10:18 - [TAB v5.1.0] Blocked attempt to add player Shanvir into team GREEN (expected team: ;ShanvirA)
15.06.2025 - 19:10:19 - [TAB v5.1.0] Blocked attempt to add player Shanvir into team AQUA (expected team: ;ShanvirA)
15.06.2025 - 19:10:19 - [TAB v5.1.0] Blocked attempt to add player Shanvir into team RED (expected team: ;ShanvirA)
15.06.2025 - 19:10:20 - [TAB v5.1.0] Blocked attempt to add player Shanvir into team LIGHT_PURPLE (expected team: ;ShanvirA)
15.06.2025 - 19:10:20 - [TAB v5.1.0] Blocked attempt to add player Shanvir into team YELLOW (expected team: ;ShanvirA)
15.06.2025 - 19:10:21 - [TAB v5.1.0] Blocked attempt to add player Shanvir into team WHITE (expected team: ;ShanvirA)
15.06.2025 - 19:10:21 - [TAB v5.1.0] Blocked attempt to add player Shanvir into team BLACK (expected team: ;ShanvirA)
15.06.2025 - 19:10:22 - [TAB v5.1.0] Blocked attempt to add player Shanvir into team DARK_BLUE (expected team: ;ShanvirA)
15.06.2025 - 19:10:22 - [TAB v5.1.0] Blocked attempt to add player Shanvir into team DARK_GREEN (expected team: ;ShanvirA)
15.06.2025 - 19:10:23 - [TAB v5.1.0] Blocked attempt to add player Shanvir into team DARK_AQUA (expected team: ;ShanvirA)
15.06.2025 - 19:10:23 - [TAB v5.1.0] Blocked attempt to add player Shanvir into team DARK_RED (expected team: ;ShanvirA)
15.06.2025 - 19:10:24 - [TAB v5.1.0] Blocked attempt to add player Shanvir into team DARK_PURPLE (expected team: ;ShanvirA)
15.06.2025 - 19:10:24 - [TAB v5.1.0] Blocked attempt to add player Shanvir into team GOLD (expected team: ;ShanvirA)
15.06.2025 - 19:10:25 - [TAB v5.1.0] Blocked attempt to add player Shanvir into team GRAY (expected team: ;ShanvirA)
15.06.2025 - 19:10:25 - [TAB v5.1.0] Blocked attempt to add player Shanvir into team DARK_GRAY (expected team: ;ShanvirA)
15.06.2025 - 19:10:26 - [TAB v5.1.0] Blocked attempt to add player Shanvir into team BLUE (expected team: ;ShanvirA)
15.06.2025 - 19:10:26 - [TAB v5.1.0] Blocked attempt to add player Shanvir into team GREEN (expected team: ;ShanvirA)
15.06.2025 - 19:10:27 - [TAB v5.1.0] Blocked attempt to add player Shanvir into team AQUA (expected team: ;ShanvirA)
15.06.2025 - 19:10:27 - [TAB v5.1.0] Blocked attempt to add player Shanvir into team RED (expected team: ;ShanvirA)
15.06.2025 - 19:10:28 - [TAB v5.1.0] Blocked attempt to add player Shanvir into team LIGHT_PURPLE (expected team: ;ShanvirA)
15.06.2025 - 19:10:28 - [TAB v5.1.0] Blocked attempt to add player Shanvir into team YELLOW (expected team: ;ShanvirA)
15.06.2025 - 19:10:29 - [TAB v5.1.0] Blocked attempt to add player Shanvir into team WHITE (expected team: ;ShanvirA)
15.06.2025 - 19:10:29 - [TAB v5.1.0] Blocked attempt to add player Shanvir into team BLACK (expected team: ;ShanvirA)
15.06.2025 - 19:10:30 - [TAB v5.1.0] Blocked attempt to add player Shanvir into team DARK_BLUE (expected team: ;ShanvirA)
15.06.2025 - 19:10:30 - [TAB v5.1.0] Blocked attempt to add player Shanvir into team DARK_GREEN (expected team: ;ShanvirA)
15.06.2025 - 19:10:31 - [TAB v5.1.0] Blocked attempt to add player Shanvir into team DARK_AQUA (expected team: ;ShanvirA)
15.06.2025 - 19:10:31 - [TAB v5.1.0] Blocked attempt to add player Shanvir into team DARK_RED (expected team: ;ShanvirA)
15.06.2025 - 19:10:32 - [TAB v5.1.0] Blocked attempt to add player Shanvir into team DARK_PURPLE (expected team: ;ShanvirA)
15.06.2025 - 19:10:32 - [TAB v5.1.0] Blocked attempt to add player Shanvir into team GOLD (expected team: ;ShanvirA)
15.06.2025 - 19:10:33 - [TAB v5.1.0] Blocked attempt to add player Shanvir into team GRAY (expected team: ;ShanvirA)
15.06.2025 - 19:10:33 - [TAB v5.1.0] Blocked attempt to add player Shanvir into team DARK_GRAY (expected team: ;ShanvirA)
15.06.2025 - 19:10:34 - [TAB v5.1.0] Blocked attempt to add player Shanvir into team BLUE (expected team: ;ShanvirA)
15.06.2025 - 19:10:34 - [TAB v5.1.0] Blocked attempt to add player Shanvir into team GREEN (expected team: ;ShanvirA)
15.06.2025 - 19:10:35 - [TAB v5.1.0] Blocked attempt to add player Shanvir into team AQUA (expected team: ;ShanvirA)
15.06.2025 - 19:10:35 - [TAB v5.1.0] Blocked attempt to add player Shanvir into team RED (expected team: ;ShanvirA)
15.06.2025 - 19:10:36 - [TAB v5.1.0] Blocked attempt to add player Shanvir into team LIGHT_PURPLE (expected team: ;ShanvirA)
15.06.2025 - 19:10:36 - [TAB v5.1.0] Blocked attempt to add player Shanvir into team YELLOW (expected team: ;ShanvirA)
15.06.2025 - 19:10:37 - [TAB v5.1.0] Blocked attempt to add player Shanvir into team WHITE (expected team: ;ShanvirA)
15.06.2025 - 19:10:37 - [TAB v5.1.0] Blocked attempt to add player Shanvir into team BLACK (expected team: ;ShanvirA)
15.06.2025 - 19:10:38 - [TAB v5.1.0] Blocked attempt to add player Shanvir into team DARK_BLUE (expected team: ;ShanvirA)
15.06.2025 - 19:10:38 - [TAB v5.1.0] Blocked attempt to add player Shanvir into team DARK_GREEN (expected team: ;ShanvirA)
15.06.2025 - 19:10:39 - [TAB v5.1.0] Blocked attempt to add player Shanvir into team DARK_AQUA (expected team: ;ShanvirA)
15.06.2025 - 19:10:39 - [TAB v5.1.0] Blocked attempt to add player Shanvir into team DARK_RED (expected team: ;ShanvirA)
15.06.2025 - 19:10:40 - [TAB v5.1.0] Blocked attempt to add player Shanvir into team DARK_PURPLE (expected team: ;ShanvirA)
15.06.2025 - 19:10:40 - [TAB v5.1.0] Blocked attempt to add player Shanvir into team GOLD (expected team: ;ShanvirA)
15.06.2025 - 19:10:41 - [TAB v5.1.0] Blocked attempt to add player Shanvir into team GRAY (expected team: ;ShanvirA)
15.06.2025 - 19:10:41 - [TAB v5.1.0] Blocked attempt to add player Shanvir into team DARK_GRAY (expected team: ;ShanvirA)
15.06.2025 - 19:10:42 - [TAB v5.1.0] Blocked attempt to add player Shanvir into team BLUE (expected team: ;ShanvirA)
15.06.2025 - 19:10:42 - [TAB v5.1.0] Blocked attempt to add player Shanvir into team GREEN (expected team: ;ShanvirA)
15.06.2025 - 19:10:43 - [TAB v5.1.0] Blocked attempt to add player Shanvir into team AQUA (expected team: ;ShanvirA)
15.06.2025 - 19:10:43 - [TAB v5.1.0] Blocked attempt to add player Shanvir into team RED (expected team: ;ShanvirA)
15.06.2025 - 19:10:44 - [TAB v5.1.0] Blocked attempt to add player Shanvir into team LIGHT_PURPLE (expected team: ;ShanvirA)
15.06.2025 - 19:10:44 - [TAB v5.1.0] Blocked attempt to add player Shanvir into team YELLOW (expected team: ;ShanvirA)
15.06.2025 - 19:10:45 - [TAB v5.1.0] Blocked attempt to add player Shanvir into team WHITE (expected team: ;ShanvirA)
15.06.2025 - 19:10:45 - [TAB v5.1.0] Blocked attempt to add player Shanvir into team BLACK (expected team: ;ShanvirA)
15.06.2025 - 19:10:46 - [TAB v5.1.0] Blocked attempt to add player Shanvir into team DARK_BLUE (expected team: ;ShanvirA)
15.06.2025 - 19:10:46 - [TAB v5.1.0] Blocked attempt to add player Shanvir into team DARK_GREEN (expected team: ;ShanvirA)
15.06.2025 - 19:10:47 - [TAB v5.1.0] Blocked attempt to add player Shanvir into team DARK_AQUA (expected team: ;ShanvirA)
15.06.2025 - 19:10:47 - [TAB v5.1.0] Blocked attempt to add player Shanvir into team DARK_RED (expected team: ;ShanvirA)
15.06.2025 - 19:10:48 - [TAB v5.1.0] Blocked attempt to add player Shanvir into team DARK_PURPLE (expected team: ;ShanvirA)
15.06.2025 - 19:10:48 - [TAB v5.1.0] Blocked attempt to add player Shanvir into team GOLD (expected team: ;ShanvirA)
15.06.2025 - 19:10:49 - [TAB v5.1.0] Blocked attempt to add player Shanvir into team GRAY (expected team: ;ShanvirA)
15.06.2025 - 19:10:49 - [TAB v5.1.0] Blocked attempt to add player Shanvir into team DARK_GRAY (expected team: ;ShanvirA)
15.06.2025 - 19:10:50 - [TAB v5.1.0] Blocked attempt to add player Shanvir into team BLUE (expected team: ;ShanvirA)
15.06.2025 - 19:10:50 - [TAB v5.1.0] Blocked attempt to add player Shanvir into team GREEN (expected team: ;ShanvirA)
15.06.2025 - 19:10:51 - [TAB v5.1.0] Blocked attempt to add player Shanvir into team AQUA (expected team: ;ShanvirA)
15.06.2025 - 19:10:51 - [TAB v5.1.0] Blocked attempt to add player Shanvir into team RED (expected team: ;ShanvirA)
15.06.2025 - 19:10:52 - [TAB v5.1.0] Blocked attempt to add player Shanvir into team LIGHT_PURPLE (expected team: ;ShanvirA)
15.06.2025 - 19:10:52 - [TAB v5.1.0] Blocked attempt to add player Shanvir into team YELLOW (expected team: ;ShanvirA)
15.06.2025 - 19:10:53 - [TAB v5.1.0] Blocked attempt to add player Shanvir into team WHITE (expected team: ;ShanvirA)
15.06.2025 - 19:10:53 - [TAB v5.1.0] Blocked attempt to add player Shanvir into team BLACK (expected team: ;ShanvirA)
15.06.2025 - 19:10:54 - [TAB v5.1.0] Blocked attempt to add player Shanvir into team DARK_BLUE (expected team: ;ShanvirA)
15.06.2025 - 19:10:54 - [TAB v5.1.0] Blocked attempt to add player Shanvir into team DARK_GREEN (expected team: ;ShanvirA)
15.06.2025 - 19:10:55 - [TAB v5.1.0] Blocked attempt to add player Shanvir into team DARK_AQUA (expected team: ;ShanvirA)
15.06.2025 - 19:10:55 - [TAB v5.1.0] Blocked attempt to add player Shanvir into team DARK_RED (expected team: ;ShanvirA)
15.06.2025 - 19:10:56 - [TAB v5.1.0] Blocked attempt to add player Shanvir into team DARK_PURPLE (expected team: ;ShanvirA)
15.06.2025 - 19:10:56 - [TAB v5.1.0] Blocked attempt to add player Shanvir into team GOLD (expected team: ;ShanvirA)
15.06.2025 - 19:10:57 - [TAB v5.1.0] Blocked attempt to add player Shanvir into team GRAY (expected team: ;ShanvirA)
15.06.2025 - 19:10:57 - [TAB v5.1.0] Blocked attempt to add player Shanvir into team DARK_GRAY (expected team: ;ShanvirA)
15.06.2025 - 19:10:58 - [TAB v5.1.0] Blocked attempt to add player Shanvir into team BLUE (expected team: ;ShanvirA)
15.06.2025 - 19:10:58 - [TAB v5.1.0] Blocked attempt to add player Shanvir into team GREEN (expected team: ;ShanvirA)
15.06.2025 - 19:10:59 - [TAB v5.1.0] Blocked attempt to add player Shanvir into team AQUA (expected team: ;ShanvirA)
15.06.2025 - 19:10:59 - [TAB v5.1.0] Blocked attempt to add player Shanvir into team RED (expected team: ;ShanvirA)
15.06.2025 - 19:11:00 - [TAB v5.1.0] Blocked attempt to add player Shanvir into team LIGHT_PURPLE (expected team: ;ShanvirA)
15.06.2025 - 19:11:00 - [TAB v5.1.0] Blocked attempt to add player Shanvir into team YELLOW (expected team: ;ShanvirA)
15.06.2025 - 19:11:01 - [TAB v5.1.0] Blocked attempt to add player Shanvir into team WHITE (expected team: ;ShanvirA)
15.06.2025 - 19:11:01 - [TAB v5.1.0] Blocked attempt to add player Shanvir into team BLACK (expected team: ;ShanvirA)
15.06.2025 - 19:11:02 - [TAB v5.1.0] Blocked attempt to add player Shanvir into team DARK_BLUE (expected team: ;ShanvirA)
15.06.2025 - 19:11:02 - [TAB v5.1.0] Blocked attempt to add player Shanvir into team DARK_GREEN (expected team: ;ShanvirA)
15.06.2025 - 19:11:03 - [TAB v5.1.0] Blocked attempt to add player Shanvir into team DARK_AQUA (expected team: ;ShanvirA)
15.06.2025 - 19:11:03 - [TAB v5.1.0] Blocked attempt to add player Shanvir into team DARK_RED (expected team: ;ShanvirA)
15.06.2025 - 19:11:04 - [TAB v5.1.0] Blocked attempt to add player Shanvir into team DARK_PURPLE (expected team: ;ShanvirA)
15.06.2025 - 19:11:04 - [TAB v5.1.0] Blocked attempt to add player Shanvir into team GOLD (expected team: ;ShanvirA)
15.06.2025 - 19:11:05 - [TAB v5.1.0] Blocked attempt to add player Shanvir into team GRAY (expected team: ;ShanvirA)
15.06.2025 - 19:11:05 - [TAB v5.1.0] Blocked attempt to add player Shanvir into team DARK_GRAY (expected team: ;ShanvirA)
15.06.2025 - 19:11:06 - [TAB v5.1.0] Blocked attempt to add player Shanvir into team BLUE (expected team: ;ShanvirA)
15.06.2025 - 19:11:06 - [TAB v5.1.0] Blocked attempt to add player Shanvir into team GREEN (expected team: ;ShanvirA)
15.06.2025 - 19:11:07 - [TAB v5.1.0] Blocked attempt to add player Shanvir into team AQUA (expected team: ;ShanvirA)
15.06.2025 - 19:11:07 - [TAB v5.1.0] Blocked attempt to add player Shanvir into team RED (expected team: ;ShanvirA)
15.06.2025 - 19:11:08 - [TAB v5.1.0] Blocked attempt to add player Shanvir into team LIGHT_PURPLE (expected team: ;ShanvirA)
15.06.2025 - 19:11:08 - [TAB v5.1.0] Blocked attempt to add player Shanvir into team YELLOW (expected team: ;ShanvirA)
15.06.2025 - 19:11:09 - [TAB v5.1.0] Blocked attempt to add player Shanvir into team WHITE (expected team: ;ShanvirA)
15.06.2025 - 19:11:09 - [TAB v5.1.0] Blocked attempt to add player Shanvir into team BLACK (expected team: ;ShanvirA)
15.06.2025 - 19:11:10 - [TAB v5.1.0] Blocked attempt to add player Shanvir into team DARK_BLUE (expected team: ;ShanvirA)
15.06.2025 - 19:11:11 - [TAB v5.1.0] Blocked attempt to add player Shanvir into team DARK_GREEN (expected team: ;ShanvirA)
15.06.2025 - 19:11:11 - [TAB v5.1.0] Blocked attempt to add player Shanvir into team DARK_AQUA (expected team: ;ShanvirA)
15.06.2025 - 19:11:11 - [TAB v5.1.0] Blocked attempt to add player Shanvir into team DARK_RED (expected team: ;ShanvirA)
15.06.2025 - 19:11:12 - [TAB v5.1.0] Blocked attempt to add player Shanvir into team DARK_PURPLE (expected team: ;ShanvirA)
15.06.2025 - 19:11:12 - [TAB v5.1.0] Blocked attempt to add player Shanvir into team GOLD (expected team: ;ShanvirA)
15.06.2025 - 19:11:13 - [TAB v5.1.0] Blocked attempt to add player Shanvir into team GRAY (expected team: ;ShanvirA)
15.06.2025 - 19:11:13 - [TAB v5.1.0] Blocked attempt to add player Shanvir into team DARK_GRAY (expected team: ;ShanvirA)
25.06.2025 - 21:23:03 - [TAB v5.2.2] Blocked attempt to add player Shanvir into team LIGHT_PURPLE (expected team: 7ShanvirA)
25.06.2025 - 21:27:16 - [TAB v5.2.2] Blocked attempt to add player Shanvir into team YELLOW (expected team: 7ShanvirA)
25.06.2025 - 21:27:44 - [TAB v5.2.2] Blocked attempt to add player Shanvir into team LIGHT_PURPLE (expected team: 7ShanvirA)
12.04.2026 - 04:20:17 - [TAB v6.0.0] Blocked attempt to add player Shanvir into team BLACK (expected team: 7ShanvirA).
12.04.2026 - 04:20:18 - [TAB v6.0.0] Blocked attempt to add player Shanvir into team DARK_BLUE (expected team: 7ShanvirA).
12.04.2026 - 04:20:18 - [TAB v6.0.0] Blocked attempt to add player Shanvir into team DARK_GREEN (expected team: 7ShanvirA).
12.04.2026 - 04:20:19 - [TAB v6.0.0] Blocked attempt to add player Shanvir into team DARK_AQUA (expected team: 7ShanvirA).
12.04.2026 - 04:20:19 - [TAB v6.0.0] Blocked attempt to add player Shanvir into team DARK_RED (expected team: 7ShanvirA).
12.04.2026 - 04:20:20 - [TAB v6.0.0] Blocked attempt to add player Shanvir into team DARK_PURPLE (expected team: 7ShanvirA).
12.04.2026 - 04:20:20 - [TAB v6.0.0] Blocked attempt to add player Shanvir into team GOLD (expected team: 7ShanvirA).
12.04.2026 - 04:20:21 - [TAB v6.0.0] Blocked attempt to add player Shanvir into team GRAY (expected team: 7ShanvirA).
12.04.2026 - 04:20:21 - [TAB v6.0.0] Blocked attempt to add player Shanvir into team DARK_GRAY (expected team: 7ShanvirA).
12.04.2026 - 04:20:34 - [TAB v6.0.0] Blocked attempt to add player Shanvir into team GOLD (expected team: 7ShanvirA).
