[19:47:02] [ServerMain/INFO]: [bootstrap] Running Java 25 (OpenJDK 64-Bit Server VM 25.0.4+7-1-24.04-Ubuntu; Ubuntu null) on Linux 6.8.0-1052-azure (amd64)
[19:47:02] [ServerMain/INFO]: [bootstrap] Loading Paper 1.21.11-99-main@81b9122 (2026-01-20T19:08:30Z) for Minecraft 1.21.11
[19:47:02] [ServerMain/INFO]: [PluginInitializerManager] Initializing plugins...
[19:47:02] [Paper Plugin Remapper Thread - 2/INFO]: [PluginRemapper] Remapping plugin 'plugins/LPC-3.7.1.jar'...
[19:47:02] [Paper Plugin Remapper Thread - 3/INFO]: [PluginRemapper] Remapping plugin 'plugins/ExcellentCrates-6.6.1.jar'...
[19:47:03] [Paper Plugin Remapper Thread - 0/INFO]: [PluginRemapper] Remapping plugin 'plugins/ConditionalEvents-4.76.1.jar'...
[19:47:03] [Paper Plugin Remapper Thread - 1/INFO]: [PluginRemapper] Remapping plugin 'plugins/DiceFurniture-3.9.4.jar'...
[19:47:03] [Paper Plugin Remapper Thread - 2/INFO]: [PluginRemapper] Done remapping plugin 'plugins/LPC-3.7.1.jar' in 815ms.
[19:47:03] [Paper Plugin Remapper Thread - 2/INFO]: [PluginRemapper] Remapping plugin 'plugins/MOTD.jar'...
[19:47:03] [Paper Plugin Remapper Thread - 2/INFO]: [PluginRemapper] Done remapping plugin 'plugins/MOTD.jar' in 124ms.
[19:47:03] [Paper Plugin Remapper Thread - 2/INFO]: [PluginRemapper] Remapping plugin 'plugins/Jobs5.2.6.5.jar'...
[19:47:03] [Paper Plugin Remapper Thread - 1/INFO]: [PluginRemapper] Done remapping plugin 'plugins/DiceFurniture-3.9.4.jar' in 589ms.
[19:47:03] [Paper Plugin Remapper Thread - 1/INFO]: [PluginRemapper] Remapping plugin 'plugins/Quests-5.2.9.jar'...
[19:47:04] [Paper Plugin Remapper Thread - 0/INFO]: [PluginRemapper] Done remapping plugin 'plugins/ConditionalEvents-4.76.1.jar' in 805ms.
[19:47:04] [Paper Plugin Remapper Thread - 0/INFO]: [PluginRemapper] Remapping plugin 'plugins/RocketPlaceholders-2.4.jar'...
[19:47:04] [Paper Plugin Remapper Thread - 3/INFO]: [PluginRemapper] Done remapping plugin 'plugins/ExcellentCrates-6.6.1.jar' in 1340ms.
[19:47:04] [Paper Plugin Remapper Thread - 3/INFO]: [PluginRemapper] Remapping plugin 'plugins/GriefPrevention.jar'...
[19:47:04] [Paper Plugin Remapper Thread - 2/INFO]: [PluginRemapper] Done remapping plugin 'plugins/Jobs5.2.6.5.jar' in 645ms.
[19:47:04] [Paper Plugin Remapper Thread - 2/INFO]: [PluginRemapper] Remapping plugin 'plugins/VoidSpawn.jar'...
[19:47:04] [Paper Plugin Remapper Thread - 2/INFO]: [PluginRemapper] Done remapping plugin 'plugins/VoidSpawn.jar' in 87ms.
[19:47:04] [Paper Plugin Remapper Thread - 2/INFO]: [PluginRemapper] Remapping plugin 'plugins/DeluxeMenus-1.14.1-Release.jar'...
[19:47:04] [Paper Plugin Remapper Thread - 3/INFO]: [PluginRemapper] Done remapping plugin 'plugins/GriefPrevention.jar' in 335ms.
[19:47:04] [Paper Plugin Remapper Thread - 3/INFO]: [PluginRemapper] Remapping plugin 'plugins/BackpackPlus-3.2.0-dev-00005-all.jar'...
[19:47:05] [Paper Plugin Remapper Thread - 3/INFO]: [PluginRemapper] Done remapping plugin 'plugins/BackpackPlus-3.2.0-dev-00005-all.jar' in 534ms.
[19:47:05] [Paper Plugin Remapper Thread - 3/INFO]: [PluginRemapper] Remapping plugin 'plugins/multiverse-netherportals-5.0.4.jar'...
[19:47:05] [Paper Plugin Remapper Thread - 3/INFO]: [PluginRemapper] Done remapping plugin 'plugins/multiverse-netherportals-5.0.4.jar' in 186ms.
[19:47:05] [Paper Plugin Remapper Thread - 3/INFO]: [PluginRemapper] Remapping plugin 'plugins/CMILib1.5.9.0.jar'...
[19:47:05] [Paper Plugin Remapper Thread - 3/INFO]: [PluginRemapper] Done remapping plugin 'plugins/CMILib1.5.9.0.jar' in 620ms.
[19:47:05] [Paper Plugin Remapper Thread - 3/INFO]: [PluginRemapper] Remapping plugin 'plugins/UltimateShop-4.3.6.jar'...
[19:47:06] [Paper Plugin Remapper Thread - 1/INFO]: [PluginRemapper] Done remapping plugin 'plugins/Quests-5.2.9.jar' in 2322ms.
[19:47:06] [Paper Plugin Remapper Thread - 1/INFO]: [PluginRemapper] Remapping plugin 'plugins/ChatEmojis-2.4.2.jar'...
[19:47:06] [Paper Plugin Remapper Thread - 1/INFO]: [PluginRemapper] Done remapping plugin 'plugins/ChatEmojis-2.4.2.jar' in 135ms.
[19:47:06] [Paper Plugin Remapper Thread - 1/INFO]: [PluginRemapper] Remapping plugin 'plugins/WorldGuardEvents-1.18.1.jar'...
[19:47:06] [Paper Plugin Remapper Thread - 0/INFO]: [PluginRemapper] Done remapping plugin 'plugins/RocketPlaceholders-2.4.jar' in 2350ms.
[19:47:06] [Paper Plugin Remapper Thread - 0/INFO]: [PluginRemapper] Remapping plugin 'plugins/BestTools-2.3.0.jar'...
[19:47:06] [Paper Plugin Remapper Thread - 1/INFO]: [PluginRemapper] Done remapping plugin 'plugins/WorldGuardEvents-1.18.1.jar' in 89ms.
[19:47:06] [Paper Plugin Remapper Thread - 1/INFO]: [PluginRemapper] Remapping plugin 'plugins/UltraCosmetics-3.15.0.1-RELEASE.jar'...
[19:47:06] [Paper Plugin Remapper Thread - 3/INFO]: [PluginRemapper] Done remapping plugin 'plugins/UltimateShop-4.3.6.jar' in 643ms.
[19:47:06] [Paper Plugin Remapper Thread - 3/INFO]: [PluginRemapper] Remapping plugin 'plugins/floodgate-spigot.jar'...
[19:47:06] [Paper Plugin Remapper Thread - 2/INFO]: [PluginRemapper] Done remapping plugin 'plugins/DeluxeMenus-1.14.1-Release.jar' in 2061ms.
[19:47:06] [Paper Plugin Remapper Thread - 2/INFO]: [PluginRemapper] Remapping plugin 'plugins/CombatLogX.jar'...
[19:47:06] [Paper Plugin Remapper Thread - 2/INFO]: [PluginRemapper] Done remapping plugin 'plugins/CombatLogX.jar' in 284ms.
[19:47:06] [Paper Plugin Remapper Thread - 2/INFO]: [PluginRemapper] Remapping plugin 'plugins/economy-bridge-1.2.0.jar'...
[19:47:07] [Paper Plugin Remapper Thread - 2/INFO]: [PluginRemapper] Done remapping plugin 'plugins/economy-bridge-1.2.0.jar' in 160ms.
[19:47:07] [Paper Plugin Remapper Thread - 2/INFO]: [PluginRemapper] Remapping plugin 'plugins/infiniteannouncements-2.5.2.jar'...
[19:47:07] [Paper Plugin Remapper Thread - 0/INFO]: [PluginRemapper] Done remapping plugin 'plugins/BestTools-2.3.0.jar' in 892ms.
[19:47:07] [Paper Plugin Remapper Thread - 0/INFO]: [PluginRemapper] Remapping plugin 'plugins/ChatGames-v1.2.1.jar'...
[19:47:07] [Paper Plugin Remapper Thread - 0/INFO]: [PluginRemapper] Done remapping plugin 'plugins/ChatGames-v1.2.1.jar' in 92ms.
[19:47:07] [Paper Plugin Remapper Thread - 0/INFO]: [PluginRemapper] Remapping plugin 'plugins/TAB.v6.0.0.jar'...
[19:47:08] [Paper Plugin Remapper Thread - 2/INFO]: [PluginRemapper] Done remapping plugin 'plugins/infiniteannouncements-2.5.2.jar' in 1415ms.
[19:47:08] [Paper Plugin Remapper Thread - 2/INFO]: [PluginRemapper] Remapping plugin 'plugins/ExcellentEnchants-5.3.0.jar'...
[19:47:08] [Paper Plugin Remapper Thread - 2/INFO]: [PluginRemapper] Done remapping plugin 'plugins/ExcellentEnchants-5.3.0.jar' in 345ms.
[19:47:08] [Paper Plugin Remapper Thread - 2/INFO]: [PluginRemapper] Remapping plugin 'plugins/NotBounties-1.22.33.jar'...
[19:47:09] [Paper Plugin Remapper Thread - 1/INFO]: [PluginRemapper] Done remapping plugin 'plugins/UltraCosmetics-3.15.0.1-RELEASE.jar' in 2764ms.
[19:47:09] [Paper Plugin Remapper Thread - 1/INFO]: [PluginRemapper] Remapping plugin 'plugins/FancyGlow-2.10.3.jar'...
[19:47:09] [Paper Plugin Remapper Thread - 1/INFO]: [PluginRemapper] Done remapping plugin 'plugins/FancyGlow-2.10.3.jar' in 74ms.
[19:47:09] [Paper Plugin Remapper Thread - 1/INFO]: [PluginRemapper] Remapping plugin 'plugins/ODailyQuests-3.0.2.jar'...
[19:47:09] [Paper Plugin Remapper Thread - 1/INFO]: [PluginRemapper] Done remapping plugin 'plugins/ODailyQuests-3.0.2.jar' in 242ms.
[19:47:09] [Paper Plugin Remapper Thread - 1/INFO]: [PluginRemapper] Remapping plugin 'plugins/PlaceholderAPI-2.12.2.jar'...
[19:47:09] [Paper Plugin Remapper Thread - 2/INFO]: [PluginRemapper] Done remapping plugin 'plugins/NotBounties-1.22.33.jar' in 1146ms.
[19:47:09] [Paper Plugin Remapper Thread - 2/INFO]: [PluginRemapper] Remapping plugin 'plugins/DeathMessages-Modern-1.4.21-SNAPSHOT.jar'...
[19:47:10] [Paper Plugin Remapper Thread - 1/INFO]: [PluginRemapper] Done remapping plugin 'plugins/PlaceholderAPI-2.12.2.jar' in 688ms.
[19:47:10] [Paper Plugin Remapper Thread - 1/INFO]: [PluginRemapper] Remapping plugin 'plugins/Citizens-2.0.42-b4145.jar'...
[19:47:10] [Paper Plugin Remapper Thread - 2/INFO]: [PluginRemapper] Done remapping plugin 'plugins/DeathMessages-Modern-1.4.21-SNAPSHOT.jar' in 729ms.
[19:47:10] [Paper Plugin Remapper Thread - 2/INFO]: [PluginRemapper] Remapping plugin 'plugins/worldguard-bukkit-7.0.16.jar'...
[19:47:11] [Paper Plugin Remapper Thread - 0/INFO]: [PluginRemapper] Done remapping plugin 'plugins/TAB.v6.0.0.jar' in 3638ms.
[19:47:11] [Paper Plugin Remapper Thread - 0/INFO]: [PluginRemapper] Remapping plugin 'plugins/Bloons-1.1.6.jar'...
[19:47:11] [Paper Plugin Remapper Thread - 0/INFO]: [PluginRemapper] Done remapping plugin 'plugins/Bloons-1.1.6.jar' in 128ms.
[19:47:11] [Paper Plugin Remapper Thread - 0/INFO]: [PluginRemapper] Remapping plugin 'plugins/ItemJoin.jar'...
[19:47:11] [Paper Plugin Remapper Thread - 2/INFO]: [PluginRemapper] Done remapping plugin 'plugins/worldguard-bukkit-7.0.16.jar' in 704ms.
[19:47:11] [Paper Plugin Remapper Thread - 2/INFO]: [PluginRemapper] Remapping plugin 'plugins/BetterRTP-3.6.13.jar'...
[19:47:11] [Paper Plugin Remapper Thread - 2/INFO]: [PluginRemapper] Done remapping plugin 'plugins/BetterRTP-3.6.13.jar' in 402ms.
[19:47:11] [Paper Plugin Remapper Thread - 2/INFO]: [PluginRemapper] Remapping plugin 'plugins/MythicMobs-5.11.2.jar'...
[19:47:12] [Paper Plugin Remapper Thread - 0/INFO]: [PluginRemapper] Done remapping plugin 'plugins/ItemJoin.jar' in 1009ms.
[19:47:12] [Paper Plugin Remapper Thread - 0/INFO]: [PluginRemapper] Remapping plugin 'plugins/WorldGuardExtraFlags.jar'...
[19:47:12] [Paper Plugin Remapper Thread - 3/INFO]: [PluginRemapper] Done remapping plugin 'plugins/floodgate-spigot.jar' in 5684ms.
[19:47:12] [Paper Plugin Remapper Thread - 3/INFO]: [PluginRemapper] Remapping plugin 'plugins/FurnitureLib-3.2.9.2.jar'...
[19:47:12] [Paper Plugin Remapper Thread - 0/INFO]: [PluginRemapper] Done remapping plugin 'plugins/WorldGuardExtraFlags.jar' in 166ms.
[19:47:12] [Paper Plugin Remapper Thread - 0/INFO]: [PluginRemapper] Remapping plugin 'plugins/Vault.jar'...
[19:47:12] [Paper Plugin Remapper Thread - 0/INFO]: [PluginRemapper] Done remapping plugin 'plugins/Vault.jar' in 361ms.
[19:47:12] [Paper Plugin Remapper Thread - 0/INFO]: [PluginRemapper] Remapping plugin 'plugins/InteractiveChat-4.3.5.0.jar'...
[19:47:12] [Paper Plugin Remapper Thread - 1/INFO]: [PluginRemapper] Done remapping plugin 'plugins/Citizens-2.0.42-b4145.jar' in 2679ms.
[19:47:12] [Paper Plugin Remapper Thread - 1/INFO]: [PluginRemapper] Remapping plugin 'plugins/multiverse-core-5.6.0.jar'...
[19:47:13] [Paper Plugin Remapper Thread - 3/INFO]: [PluginRemapper] Done remapping plugin 'plugins/FurnitureLib-3.2.9.2.jar' in 884ms.
[19:47:13] [Paper Plugin Remapper Thread - 3/INFO]: [PluginRemapper] Remapping plugin 'plugins/AxAFKZone-1.10.1.jar'...
[19:47:15] [Paper Plugin Remapper Thread - 3/INFO]: [PluginRemapper] Done remapping plugin 'plugins/AxAFKZone-1.10.1.jar' in 1930ms.
[19:47:15] [Paper Plugin Remapper Thread - 3/INFO]: [PluginRemapper] Remapping plugin 'plugins/ProtectionLib-1.8.5.jar'...
[19:47:15] [Paper Plugin Remapper Thread - 1/INFO]: [PluginRemapper] Done remapping plugin 'plugins/multiverse-core-5.6.0.jar' in 2244ms.
[19:47:15] [Paper Plugin Remapper Thread - 1/INFO]: [PluginRemapper] Remapping plugin 'plugins/AuraSkills-2.3.12.jar'...
[19:47:15] [Paper Plugin Remapper Thread - 3/INFO]: [PluginRemapper] Done remapping plugin 'plugins/ProtectionLib-1.8.5.jar' in 104ms.
[19:47:15] [Paper Plugin Remapper Thread - 3/INFO]: [PluginRemapper] Remapping plugin 'plugins/ChatColor2-1.16.1.jar'...
[19:47:16] [Paper Plugin Remapper Thread - 0/INFO]: [PluginRemapper] Done remapping plugin 'plugins/InteractiveChat-4.3.5.0.jar' in 3564ms.
[19:47:16] [Paper Plugin Remapper Thread - 0/INFO]: [PluginRemapper] Remapping plugin 'plugins/PlayerAuctions 1.33.0.jar'...
[19:47:16] [Paper Plugin Remapper Thread - 3/INFO]: [PluginRemapper] Done remapping plugin 'plugins/ChatColor2-1.16.1.jar' in 1123ms.
[19:47:16] [Paper Plugin Remapper Thread - 3/INFO]: [PluginRemapper] Remapping plugin 'plugins/RaidSkins-1.0.0.jar'...
[19:47:16] [Paper Plugin Remapper Thread - 3/INFO]: [PluginRemapper] Done remapping plugin 'plugins/RaidSkins-1.0.0.jar' in 87ms.
[19:47:16] [Paper Plugin Remapper Thread - 3/INFO]: [PluginRemapper] Remapping plugin 'plugins/forcepack-1.3.75-SNAPSHOT-paper-velocity131.jar'...
[19:47:16] [Paper Plugin Remapper Thread - 0/INFO]: [PluginRemapper] Done remapping plugin 'plugins/PlayerAuctions 1.33.0.jar' in 306ms.
[19:47:16] [Paper Plugin Remapper Thread - 0/INFO]: [PluginRemapper] Remapping plugin 'plugins/PlayerProfiles-8.0.4.jar'...
[19:47:16] [Paper Plugin Remapper Thread - 1/INFO]: [PluginRemapper] Done remapping plugin 'plugins/AuraSkills-2.3.12.jar' in 1752ms.
[19:47:16] [Paper Plugin Remapper Thread - 1/INFO]: [PluginRemapper] Remapping plugin 'plugins/BlueSlimeCore.jar'...
[19:47:16] [Paper Plugin Remapper Thread - 0/INFO]: [PluginRemapper] Done remapping plugin 'plugins/PlayerProfiles-8.0.4.jar' in 355ms.
[19:47:16] [Paper Plugin Remapper Thread - 0/INFO]: [PluginRemapper] Remapping plugin 'plugins/AxTrade-1.24.0.jar'...
[19:47:17] [Paper Plugin Remapper Thread - 1/INFO]: [PluginRemapper] Done remapping plugin 'plugins/BlueSlimeCore.jar' in 918ms.
[19:47:17] [Paper Plugin Remapper Thread - 1/INFO]: [PluginRemapper] Remapping plugin 'plugins/PlayerWarps-4.2.1.jar'...
[19:47:18] [Paper Plugin Remapper Thread - 1/INFO]: [PluginRemapper] Done remapping plugin 'plugins/PlayerWarps-4.2.1.jar' in 790ms.
[19:47:18] [Paper Plugin Remapper Thread - 0/INFO]: [PluginRemapper] Done remapping plugin 'plugins/AxTrade-1.24.0.jar' in 1707ms.
[19:47:18] [Paper Plugin Remapper Thread - 3/INFO]: [PluginRemapper] Done remapping plugin 'plugins/forcepack-1.3.75-SNAPSHOT-paper-velocity131.jar' in 2371ms.
[19:47:19] [Paper Plugin Remapper Thread - 2/INFO]: [PluginRemapper] Done remapping plugin 'plugins/MythicMobs-5.11.2.jar' in 7702ms.
[19:47:20] [ServerMain/INFO]: [MavenLibraryResolver] Downloading https://maven-central.storage-download.googleapis.com/maven2/com/zaxxer/HikariCP/6.3.2/HikariCP-6.3.2.pom
[19:47:21] [ServerMain/INFO]: [MavenLibraryResolver] Downloading https://maven-central.storage-download.googleapis.com/maven2/org/slf4j/slf4j-api/2.0.17/slf4j-api-2.0.17.pom
[19:47:21] [ServerMain/INFO]: [MavenLibraryResolver] Downloading https://maven-central.storage-download.googleapis.com/maven2/org/slf4j/slf4j-parent/2.0.17/slf4j-parent-2.0.17.pom
[19:47:21] [ServerMain/INFO]: [MavenLibraryResolver] Downloading https://maven-central.storage-download.googleapis.com/maven2/org/slf4j/slf4j-bom/2.0.17/slf4j-bom-2.0.17.pom
[19:47:21] [ServerMain/INFO]: [MavenLibraryResolver] Downloading https://maven-central.storage-download.googleapis.com/maven2/it/unimi/dsi/fastutil-core/8.5.16/fastutil-core-8.5.16.pom
[19:47:21] [ServerMain/INFO]: [MavenLibraryResolver] Downloading https://maven-central.storage-download.googleapis.com/maven2/com/zaxxer/HikariCP/6.3.2/HikariCP-6.3.2.jar
[19:47:21] [BasicRepositoryConnector-maven-central.storage-download.googleapis.com-0-0/INFO]: [MavenLibraryResolver] Downloading https://maven-central.storage-download.googleapis.com/maven2/it/unimi/dsi/fastutil-core/8.5.16/fastutil-core-8.5.16.jar
[19:47:21] [ServerMain/INFO]: [PluginInitializerManager] Initialized 68 plugins
[19:47:21] [ServerMain/INFO]: [PluginInitializerManager] Paper plugins (6):
 - BlueSlimeCore (2.9.7.482), CrazyVouchers (5.1.6), ExcellentEconomy (2.8.0), ExcellentEnchants (5.3.0), FancyHolograms (2.9.1), nightcore (2.15.2)
[19:47:21] [ServerMain/INFO]: [PluginInitializerManager] Bukkit plugins (62):
 - AuraSkills (2.3.12), AxAFKZone (1.10.1), AxTrade (1.24.0), BackpackPlus (3.2.0-dev-00005), BestTools (2.3.0), BetterRTP (3.6.13), Bloons (1.1.6), CMILib (1.5.9.0), ChatColor2 (1.16.1), ChatEmojis (2.4.2), ChatGames (1.2.1), Citizens (2.0.42-SNAPSHOT (build 4145)), CombatLogX (11.6.0.0.1286), ConditionalEvents (4.76.1), DeathMessages (1.4.21-SNAPSHOT), DeluxeMenus (1.14.1-Release), DiceFurniture (3.9.4), EconomyBridge (1.2.0), Essentials (2.22.0-dev+104-87bde72), EssentialsSpawn (2.22.0-dev+104-87bde72), EvenMoreFish (2.2.1), ExcellentCrates (6.6.1), FancyGlow (2.10.3), ForcePack (1.3.75-SNAPSHOT), FurnitureLib (3.2.9.2), Geyser-Spigot (2.11.2-SNAPSHOT), GriefPrevention (16.18.7), Infiniteannouncements (2.5.2), InteractiveChat (4.3.5.0), ItemJoin (6.1.7-RELEASE-b1135), Jobs (5.2.6.5), LPC (3.7.1), LuckPerms (5.5.42), MOTD (1 b3), ModelEngine (R4.0.9), Multiverse-Core (5.6.0), Multiverse-NetherPortals (5.0.4), MythicMobs (5.11.2-6a371d59), NotBounties (1.22.33), ODailyQuests (3.0.2), PlaceholderAPI (2.12.2), PlayerAuctions (1.33.0), PlayerProfiles (8.0.3), PlayerWarps (4.2.1), ProtectionLib (1.8.5), ProtocolLib (5.5.0-SNAPSHOT-5a9afed), Quests (5.2.9-b560), RaidSkins (1.0.0), RocketPlaceholders (2.4), TAB (6.0.0), UltimateShop (4.3.6), UltraCosmetics (3.15.0.1-RELEASE), Vault (1.7.3-b131), ViaVersion (5.9.0), VoidSpawn (1.22.0), WorldEdit (7.4.2+7450-eb8e82c), WorldGuard (7.0.16+2355-f7fded2), WorldGuardEvents (1.18.1), WorldGuardExtraFlags (4.2.3), ajLeaderboards (2.10.1), floodgate (2.2.5-SNAPSHOT (b140-8780fa4)), packetevents (2.12.1)
[19:47:28] [ServerMain/INFO]: Environment: Environment[sessionHost=https://sessionserver.mojang.com, servicesHost=https://api.minecraftservices.com, profilesHost=https://api.mojang.com, name=PROD]
[19:47:28] [ServerMain/INFO]: [ca.spottedleaf.dataconverter.minecraft.datatypes.MCTypeRegistry] Initialising converters for DataConverter...
[19:47:29] [ServerMain/INFO]: [ca.spottedleaf.dataconverter.minecraft.datatypes.MCTypeRegistry] Finished initialising converters for DataConverter in 442.5ms
[19:47:31] [ServerMain/INFO]: Loaded 1470 recipes
[19:47:31] [ServerMain/INFO]: Loaded 1584 advancements
[19:47:31] [Server thread/INFO]: Starting minecraft server version 1.21.11
[19:47:31] [Server thread/INFO]: Loading properties
[19:47:31] [Server thread/INFO]: This server is running Paper version 1.21.11-99-main@81b9122 (2026-01-20T19:08:30Z) (Implementing API version 1.21.11-R0.1-SNAPSHOT)
[19:47:31] [Server thread/INFO]: [spark] This server bundles the spark profiler. For more information please visit https://docs.papermc.io/paper/profiling
[19:47:31] [Server thread/INFO]: Server Ping Player Sample Count: 12
[19:47:31] [Server thread/INFO]: Using 4 threads for Netty based IO
[19:47:32] [Server thread/INFO]: [MoonriseCommon] Paper is using 1 worker threads, 1 I/O threads
[19:47:32] [Server thread/INFO]: Default game type: SURVIVAL
[19:47:32] [Server thread/INFO]: Generating keypair
[19:47:32] [Server thread/INFO]: Starting Minecraft server on *:25565
[19:47:32] [Server thread/INFO]: Paper: Using libdeflate (Linux x86_64) compression from Velocity.
[19:47:32] [Server thread/INFO]: Paper: Using OpenSSL 3.x.x (Linux x86_64) cipher from Velocity.
[19:47:33] [Server thread/INFO]: [SpigotLibraryLoader] [MythicMobs] Loading 4 libraries... please wait
[19:47:33] [Server thread/INFO]: [SpigotLibraryLoader] Downloading https://maven-central.storage-download.googleapis.com/maven2/net/kyori/adventure-api/4.16.0/adventure-api-4.16.0.pom
[19:47:33] [Server thread/INFO]: [SpigotLibraryLoader] Downloading https://maven-central.storage-download.googleapis.com/maven2/net/kyori/adventure-bom/4.16.0/adventure-bom-4.16.0.pom
[19:47:33] [Server thread/INFO]: [SpigotLibraryLoader] Downloading https://maven-central.storage-download.googleapis.com/maven2/net/kyori/adventure-key/4.16.0/adventure-key-4.16.0.pom
[19:47:33] [Server thread/INFO]: [SpigotLibraryLoader] Downloading https://maven-central.storage-download.googleapis.com/maven2/net/kyori/examination-api/1.3.0/examination-api-1.3.0.pom
[19:47:33] [Server thread/INFO]: [SpigotLibraryLoader] Downloading https://maven-central.storage-download.googleapis.com/maven2/org/jetbrains/annotations/22.0.0/annotations-22.0.0.pom
[19:47:33] [Server thread/INFO]: [SpigotLibraryLoader] Downloading https://maven-central.storage-download.googleapis.com/maven2/net/kyori/examination-string/1.3.0/examination-string-1.3.0.pom
[19:47:33] [Server thread/INFO]: [SpigotLibraryLoader] Downloading https://maven-central.storage-download.googleapis.com/maven2/org/jetbrains/annotations/24.1.0/annotations-24.1.0.pom
[19:47:34] [Server thread/INFO]: [SpigotLibraryLoader] Downloading https://maven-central.storage-download.googleapis.com/maven2/net/kyori/adventure-platform-bukkit/4.3.2/adventure-platform-bukkit-4.3.2.pom
[19:47:34] [Server thread/INFO]: [SpigotLibraryLoader] Downloading https://maven-central.storage-download.googleapis.com/maven2/net/kyori/adventure-platform-api/4.3.2/adventure-platform-api-4.3.2.pom
[19:47:34] [Server thread/INFO]: [SpigotLibraryLoader] Downloading https://maven-central.storage-download.googleapis.com/maven2/net/kyori/adventure-api/4.13.1/adventure-api-4.13.1.pom
[19:47:34] [Server thread/INFO]: [SpigotLibraryLoader] Downloading https://maven-central.storage-download.googleapis.com/maven2/net/kyori/adventure-bom/4.13.1/adventure-bom-4.13.1.pom
[19:47:34] [Server thread/INFO]: [SpigotLibraryLoader] Downloading https://maven-central.storage-download.googleapis.com/maven2/net/kyori/adventure-key/4.13.1/adventure-key-4.13.1.pom
[19:47:34] [Server thread/INFO]: [SpigotLibraryLoader] Downloading https://maven-central.storage-download.googleapis.com/maven2/org/jetbrains/annotations/24.0.1/annotations-24.0.1.pom
[19:47:34] [Server thread/INFO]: [SpigotLibraryLoader] Downloading https://maven-central.storage-download.googleapis.com/maven2/net/kyori/adventure-text-serializer-bungeecord/4.3.2/adventure-text-serializer-bungeecord-4.3.2.pom
[19:47:34] [Server thread/INFO]: [SpigotLibraryLoader] Downloading https://maven-central.storage-download.googleapis.com/maven2/net/kyori/adventure-text-serializer-legacy/4.13.1/adventure-text-serializer-legacy-4.13.1.pom
[19:47:34] [Server thread/INFO]: [SpigotLibraryLoader] Downloading https://maven-central.storage-download.googleapis.com/maven2/net/kyori/adventure-text-serializer-gson/4.13.1/adventure-text-serializer-gson-4.13.1.pom
[19:47:34] [Server thread/INFO]: [SpigotLibraryLoader] Downloading https://maven-central.storage-download.googleapis.com/maven2/net/kyori/adventure-nbt/4.13.1/adventure-nbt-4.13.1.pom
[19:47:34] [Server thread/INFO]: [SpigotLibraryLoader] Downloading https://maven-central.storage-download.googleapis.com/maven2/net/kyori/adventure-text-serializer-gson-legacy-impl/4.13.1/adventure-text-serializer-gson-legacy-impl-4.13.1.pom
[19:47:34] [Server thread/INFO]: [SpigotLibraryLoader] Downloading https://maven-central.storage-download.googleapis.com/maven2/net/kyori/adventure-platform-facet/4.3.2/adventure-platform-facet-4.3.2.pom
[19:47:34] [Server thread/INFO]: [SpigotLibraryLoader] Downloading https://maven-central.storage-download.googleapis.com/maven2/net/kyori/adventure-platform-viaversion/4.3.2/adventure-platform-viaversion-4.3.2.pom
[19:47:35] [Server thread/INFO]: [SpigotLibraryLoader] Downloading https://maven-central.storage-download.googleapis.com/maven2/net/kyori/adventure-text-minimessage/4.16.0/adventure-text-minimessage-4.16.0.pom
[19:47:35] [Server thread/INFO]: [SpigotLibraryLoader] Downloading https://maven-central.storage-download.googleapis.com/maven2/net/kyori/adventure-text-serializer-gson/4.16.0/adventure-text-serializer-gson-4.16.0.pom
[19:47:35] [Server thread/INFO]: [SpigotLibraryLoader] Downloading https://maven-central.storage-download.googleapis.com/maven2/net/kyori/adventure-text-serializer-json/4.16.0/adventure-text-serializer-json-4.16.0.pom
[19:47:35] [Server thread/INFO]: [SpigotLibraryLoader] Downloading https://maven-central.storage-download.googleapis.com/maven2/net/kyori/option/1.0.0/option-1.0.0.pom
[19:47:35] [Server thread/INFO]: [SpigotLibraryLoader] Downloading https://maven-central.storage-download.googleapis.com/maven2/com/google/code/gson/gson/2.8.0/gson-2.8.0.pom
[19:47:35] [Server thread/INFO]: [SpigotLibraryLoader] Downloading https://maven-central.storage-download.googleapis.com/maven2/com/google/code/gson/gson-parent/2.8.0/gson-parent-2.8.0.pom
[19:47:35] [Server thread/INFO]: [SpigotLibraryLoader] Downloading https://maven-central.storage-download.googleapis.com/maven2/org/sonatype/oss/oss-parent/7/oss-parent-7.pom
[19:47:35] [Server thread/INFO]: [SpigotLibraryLoader] Downloading https://maven-central.storage-download.googleapis.com/maven2/net/kyori/adventure-api/4.16.0/adventure-api-4.16.0.jar
[19:47:35] [BasicRepositoryConnector-maven-central.storage-download.googleapis.com-1-0/INFO]: [SpigotLibraryLoader] Downloading https://maven-central.storage-download.googleapis.com/maven2/net/kyori/adventure-key/4.16.0/adventure-key-4.16.0.jar
[19:47:35] [BasicRepositoryConnector-maven-central.storage-download.googleapis.com-1-2/INFO]: [SpigotLibraryLoader] Downloading https://maven-central.storage-download.googleapis.com/maven2/net/kyori/adventure-platform-bukkit/4.3.2/adventure-platform-bukkit-4.3.2.jar
[19:47:35] [BasicRepositoryConnector-maven-central.storage-download.googleapis.com-1-1/INFO]: [SpigotLibraryLoader] Downloading https://maven-central.storage-download.googleapis.com/maven2/org/jetbrains/annotations/24.1.0/annotations-24.1.0.jar
[19:47:35] [BasicRepositoryConnector-maven-central.storage-download.googleapis.com-1-4/INFO]: [SpigotLibraryLoader] Downloading https://maven-central.storage-download.googleapis.com/maven2/net/kyori/adventure-text-serializer-bungeecord/4.3.2/adventure-text-serializer-bungeecord-4.3.2.jar
[19:47:35] [BasicRepositoryConnector-maven-central.storage-download.googleapis.com-1-3/INFO]: [SpigotLibraryLoader] Downloading https://maven-central.storage-download.googleapis.com/maven2/net/kyori/adventure-platform-api/4.3.2/adventure-platform-api-4.3.2.jar
[19:47:35] [BasicRepositoryConnector-maven-central.storage-download.googleapis.com-1-2/INFO]: [SpigotLibraryLoader] Downloading https://maven-central.storage-download.googleapis.com/maven2/net/kyori/adventure-nbt/4.13.1/adventure-nbt-4.13.1.jar
[19:47:35] [BasicRepositoryConnector-maven-central.storage-download.googleapis.com-1-1/INFO]: [SpigotLibraryLoader] Downloading https://maven-central.storage-download.googleapis.com/maven2/net/kyori/adventure-platform-facet/4.3.2/adventure-platform-facet-4.3.2.jar
[19:47:35] [BasicRepositoryConnector-maven-central.storage-download.googleapis.com-1-2/INFO]: [SpigotLibraryLoader] Downloading https://maven-central.storage-download.googleapis.com/maven2/net/kyori/adventure-text-minimessage/4.16.0/adventure-text-minimessage-4.16.0.jar
[19:47:35] [BasicRepositoryConnector-maven-central.storage-download.googleapis.com-1-0/INFO]: [SpigotLibraryLoader] Downloading https://maven-central.storage-download.googleapis.com/maven2/net/kyori/adventure-text-serializer-legacy/4.13.1/adventure-text-serializer-legacy-4.13.1.jar
[19:47:35] [BasicRepositoryConnector-maven-central.storage-download.googleapis.com-1-3/INFO]: [SpigotLibraryLoader] Downloading https://maven-central.storage-download.googleapis.com/maven2/net/kyori/adventure-platform-viaversion/4.3.2/adventure-platform-viaversion-4.3.2.jar
[19:47:35] [BasicRepositoryConnector-maven-central.storage-download.googleapis.com-1-2/INFO]: [SpigotLibraryLoader] Downloading https://maven-central.storage-download.googleapis.com/maven2/net/kyori/option/1.0.0/option-1.0.0.jar
[19:47:35] [BasicRepositoryConnector-maven-central.storage-download.googleapis.com-1-0/INFO]: [SpigotLibraryLoader] Downloading https://maven-central.storage-download.googleapis.com/maven2/net/kyori/adventure-text-serializer-json/4.16.0/adventure-text-serializer-json-4.16.0.jar
[19:47:35] [BasicRepositoryConnector-maven-central.storage-download.googleapis.com-1-3/INFO]: [SpigotLibraryLoader] Downloading https://maven-central.storage-download.googleapis.com/maven2/com/google/code/gson/gson/2.8.0/gson-2.8.0.jar
[19:47:35] [BasicRepositoryConnector-maven-central.storage-download.googleapis.com-1-1/INFO]: [SpigotLibraryLoader] Downloading https://maven-central.storage-download.googleapis.com/maven2/net/kyori/adventure-text-serializer-gson/4.16.0/adventure-text-serializer-gson-4.16.0.jar
[19:47:35] [BasicRepositoryConnector-maven-central.storage-download.googleapis.com-1-4/INFO]: [SpigotLibraryLoader] Downloading https://maven-central.storage-download.googleapis.com/maven2/net/kyori/adventure-text-serializer-gson-legacy-impl/4.13.1/adventure-text-serializer-gson-legacy-impl-4.13.1.jar
[19:47:35] [Server thread/INFO]: [SpigotLibraryLoader] [MythicMobs] Loaded library /workspaces/oktubio/servidor_minecraft/libraries/net/kyori/adventure-api/4.16.0/adventure-api-4.16.0.jar
[19:47:35] [Server thread/INFO]: [SpigotLibraryLoader] [MythicMobs] Loaded library /workspaces/oktubio/servidor_minecraft/libraries/net/kyori/adventure-key/4.16.0/adventure-key-4.16.0.jar
[19:47:35] [Server thread/INFO]: [SpigotLibraryLoader] [MythicMobs] Loaded library /workspaces/oktubio/servidor_minecraft/libraries/net/kyori/examination-api/1.3.0/examination-api-1.3.0.jar
[19:47:35] [Server thread/INFO]: [SpigotLibraryLoader] [MythicMobs] Loaded library /workspaces/oktubio/servidor_minecraft/libraries/net/kyori/examination-string/1.3.0/examination-string-1.3.0.jar
[19:47:35] [Server thread/INFO]: [SpigotLibraryLoader] [MythicMobs] Loaded library /workspaces/oktubio/servidor_minecraft/libraries/org/jetbrains/annotations/24.1.0/annotations-24.1.0.jar
[19:47:35] [Server thread/INFO]: [SpigotLibraryLoader] [MythicMobs] Loaded library /workspaces/oktubio/servidor_minecraft/libraries/net/kyori/adventure-platform-bukkit/4.3.2/adventure-platform-bukkit-4.3.2.jar
[19:47:35] [Server thread/INFO]: [SpigotLibraryLoader] [MythicMobs] Loaded library /workspaces/oktubio/servidor_minecraft/libraries/net/kyori/adventure-platform-api/4.3.2/adventure-platform-api-4.3.2.jar
[19:47:35] [Server thread/INFO]: [SpigotLibraryLoader] [MythicMobs] Loaded library /workspaces/oktubio/servidor_minecraft/libraries/net/kyori/adventure-text-serializer-bungeecord/4.3.2/adventure-text-serializer-bungeecord-4.3.2.jar
[19:47:35] [Server thread/INFO]: [SpigotLibraryLoader] [MythicMobs] Loaded library /workspaces/oktubio/servidor_minecraft/libraries/net/kyori/adventure-text-serializer-legacy/4.13.1/adventure-text-serializer-legacy-4.13.1.jar
[19:47:35] [Server thread/INFO]: [SpigotLibraryLoader] [MythicMobs] Loaded library /workspaces/oktubio/servidor_minecraft/libraries/net/kyori/adventure-nbt/4.13.1/adventure-nbt-4.13.1.jar
[19:47:35] [Server thread/INFO]: [SpigotLibraryLoader] [MythicMobs] Loaded library /workspaces/oktubio/servidor_minecraft/libraries/net/kyori/adventure-text-serializer-gson-legacy-impl/4.13.1/adventure-text-serializer-gson-legacy-impl-4.13.1.jar
[19:47:35] [Server thread/INFO]: [SpigotLibraryLoader] [MythicMobs] Loaded library /workspaces/oktubio/servidor_minecraft/libraries/net/kyori/adventure-platform-facet/4.3.2/adventure-platform-facet-4.3.2.jar
[19:47:35] [Server thread/INFO]: [SpigotLibraryLoader] [MythicMobs] Loaded library /workspaces/oktubio/servidor_minecraft/libraries/net/kyori/adventure-platform-viaversion/4.3.2/adventure-platform-viaversion-4.3.2.jar
[19:47:35] [Server thread/INFO]: [SpigotLibraryLoader] [MythicMobs] Loaded library /workspaces/oktubio/servidor_minecraft/libraries/net/kyori/adventure-text-minimessage/4.16.0/adventure-text-minimessage-4.16.0.jar
[19:47:35] [Server thread/INFO]: [SpigotLibraryLoader] [MythicMobs] Loaded library /workspaces/oktubio/servidor_minecraft/libraries/net/kyori/adventure-text-serializer-gson/4.16.0/adventure-text-serializer-gson-4.16.0.jar
[19:47:35] [Server thread/INFO]: [SpigotLibraryLoader] [MythicMobs] Loaded library /workspaces/oktubio/servidor_minecraft/libraries/net/kyori/adventure-text-serializer-json/4.16.0/adventure-text-serializer-json-4.16.0.jar
[19:47:35] [Server thread/INFO]: [SpigotLibraryLoader] [MythicMobs] Loaded library /workspaces/oktubio/servidor_minecraft/libraries/net/kyori/option/1.0.0/option-1.0.0.jar
[19:47:35] [Server thread/INFO]: [SpigotLibraryLoader] [MythicMobs] Loaded library /workspaces/oktubio/servidor_minecraft/libraries/com/google/code/gson/gson/2.8.0/gson-2.8.0.jar
[19:47:35] [Server thread/INFO]: [SpigotLibraryLoader] [Citizens] Loading 4 libraries... please wait
[19:47:36] [Server thread/INFO]: [SpigotLibraryLoader] Downloading https://maven-central.storage-download.googleapis.com/maven2/ch/ethz/globis/phtree/phtree/2.8.2/phtree-2.8.2.pom
[19:47:36] [Server thread/INFO]: [SpigotLibraryLoader] Downloading https://maven-central.storage-download.googleapis.com/maven2/org/joml/joml/1.10.8/joml-1.10.8.pom
[19:47:36] [Server thread/INFO]: [SpigotLibraryLoader] Downloading https://maven-central.storage-download.googleapis.com/maven2/it/unimi/dsi/fastutil/8.5.16/fastutil-8.5.16.pom
[19:47:36] [Server thread/INFO]: [SpigotLibraryLoader] Downloading https://maven-central.storage-download.googleapis.com/maven2/team/unnamed/mocha/3.0.0/mocha-3.0.0.pom
[19:47:36] [Server thread/INFO]: [SpigotLibraryLoader] Downloading https://maven-central.storage-download.googleapis.com/maven2/org/javassist/javassist/3.30.2-GA/javassist-3.30.2-GA.pom
[19:47:36] [Server thread/INFO]: [SpigotLibraryLoader] Downloading https://maven-central.storage-download.googleapis.com/maven2/ch/ethz/globis/phtree/phtree/2.8.2/phtree-2.8.2.jar
[19:47:36] [BasicRepositoryConnector-maven-central.storage-download.googleapis.com-2-1/INFO]: [SpigotLibraryLoader] Downloading https://maven-central.storage-download.googleapis.com/maven2/team/unnamed/mocha/3.0.0/mocha-3.0.0.jar
[19:47:36] [BasicRepositoryConnector-maven-central.storage-download.googleapis.com-2-2/INFO]: [SpigotLibraryLoader] Downloading https://maven-central.storage-download.googleapis.com/maven2/org/javassist/javassist/3.30.2-GA/javassist-3.30.2-GA.jar
[19:47:36] [BasicRepositoryConnector-maven-central.storage-download.googleapis.com-2-0/INFO]: [SpigotLibraryLoader] Downloading https://maven-central.storage-download.googleapis.com/maven2/it/unimi/dsi/fastutil/8.5.16/fastutil-8.5.16.jar
[19:47:36] [BasicRepositoryConnector-maven-central.storage-download.googleapis.com-2-3/INFO]: [SpigotLibraryLoader] Downloading https://maven-central.storage-download.googleapis.com/maven2/org/jetbrains/annotations/24.0.1/annotations-24.0.1.jar
[19:47:36] [Server thread/INFO]: [SpigotLibraryLoader] [Citizens] Loaded library /workspaces/oktubio/servidor_minecraft/libraries/ch/ethz/globis/phtree/phtree/2.8.2/phtree-2.8.2.jar
[19:47:36] [Server thread/INFO]: [SpigotLibraryLoader] [Citizens] Loaded library /workspaces/oktubio/servidor_minecraft/libraries/org/joml/joml/1.10.8/joml-1.10.8.jar
[19:47:36] [Server thread/INFO]: [SpigotLibraryLoader] [Citizens] Loaded library /workspaces/oktubio/servidor_minecraft/libraries/it/unimi/dsi/fastutil/8.5.16/fastutil-8.5.16.jar
[19:47:36] [Server thread/INFO]: [SpigotLibraryLoader] [Citizens] Loaded library /workspaces/oktubio/servidor_minecraft/libraries/team/unnamed/mocha/3.0.0/mocha-3.0.0.jar
[19:47:36] [Server thread/INFO]: [SpigotLibraryLoader] [Citizens] Loaded library /workspaces/oktubio/servidor_minecraft/libraries/org/javassist/javassist/3.30.2-GA/javassist-3.30.2-GA.jar
[19:47:36] [Server thread/INFO]: [SpigotLibraryLoader] [Citizens] Loaded library /workspaces/oktubio/servidor_minecraft/libraries/org/jetbrains/annotations/24.0.1/annotations-24.0.1.jar
[19:47:36] [Server thread/INFO]: [SpigotLibraryLoader] [EvenMoreFish] Loading 9 libraries... please wait
[19:47:36] [Server thread/INFO]: [SpigotLibraryLoader] Downloading https://maven-central.storage-download.googleapis.com/maven2/org/flywaydb/flyway-core/10.22.0/flyway-core-10.22.0.pom
[19:47:37] [Server thread/INFO]: [SpigotLibraryLoader] Downloading https://maven-central.storage-download.googleapis.com/maven2/org/flywaydb/flyway-parent/10.22.0/flyway-parent-10.22.0.pom
[19:47:37] [Server thread/INFO]: [SpigotLibraryLoader] Downloading https://maven-central.storage-download.googleapis.com/maven2/com/fasterxml/jackson/dataformat/jackson-dataformat-toml/2.15.2/jackson-dataformat-toml-2.15.2.pom
[19:47:37] [Server thread/INFO]: [SpigotLibraryLoader] Downloading https://maven-central.storage-download.googleapis.com/maven2/com/fasterxml/jackson/dataformat/jackson-dataformats-text/2.15.2/jackson-dataformats-text-2.15.2.pom
[19:47:37] [Server thread/INFO]: [SpigotLibraryLoader] Downloading https://maven-central.storage-download.googleapis.com/maven2/com/fasterxml/jackson/jackson-base/2.15.2/jackson-base-2.15.2.pom
[19:47:37] [Server thread/INFO]: [SpigotLibraryLoader] Downloading https://maven-central.storage-download.googleapis.com/maven2/com/fasterxml/jackson/jackson-bom/2.15.2/jackson-bom-2.15.2.pom
[19:47:37] [Server thread/INFO]: [SpigotLibraryLoader] Downloading https://maven-central.storage-download.googleapis.com/maven2/com/fasterxml/jackson/jackson-parent/2.15/jackson-parent-2.15.pom
[19:47:37] [Server thread/INFO]: [SpigotLibraryLoader] Downloading https://maven-central.storage-download.googleapis.com/maven2/com/fasterxml/oss-parent/50/oss-parent-50.pom
[19:47:37] [Server thread/INFO]: [SpigotLibraryLoader] Downloading https://maven-central.storage-download.googleapis.com/maven2/com/fasterxml/jackson/core/jackson-databind/2.15.2/jackson-databind-2.15.2.pom
[19:47:37] [Server thread/INFO]: [SpigotLibraryLoader] Downloading https://maven-central.storage-download.googleapis.com/maven2/org/junit/junit-bom/5.9.2/junit-bom-5.9.2.pom
[19:47:37] [Server thread/INFO]: [SpigotLibraryLoader] Downloading https://maven-central.storage-download.googleapis.com/maven2/com/fasterxml/jackson/core/jackson-annotations/2.15.2/jackson-annotations-2.15.2.pom
[19:47:37] [Server thread/INFO]: [SpigotLibraryLoader] Downloading https://maven-central.storage-download.googleapis.com/maven2/com/fasterxml/jackson/core/jackson-core/2.15.2/jackson-core-2.15.2.pom
[19:47:37] [Server thread/INFO]: [SpigotLibraryLoader] Downloading https://maven-central.storage-download.googleapis.com/maven2/com/fasterxml/jackson/datatype/jackson-datatype-jsr310/2.15.2/jackson-datatype-jsr310-2.15.2.pom
[19:47:37] [Server thread/INFO]: [SpigotLibraryLoader] Downloading https://maven-central.storage-download.googleapis.com/maven2/com/fasterxml/jackson/module/jackson-modules-java8/2.15.2/jackson-modules-java8-2.15.2.pom
[19:47:37] [Server thread/INFO]: [SpigotLibraryLoader] Downloading https://maven-central.storage-download.googleapis.com/maven2/org/flywaydb/flyway-mysql/10.22.0/flyway-mysql-10.22.0.pom
[19:47:37] [Server thread/INFO]: [SpigotLibraryLoader] Downloading https://maven-central.storage-download.googleapis.com/maven2/com/devskiller/friendly-id/friendly-id/1.1.0/friendly-id-1.1.0.pom
[19:47:38] [Server thread/INFO]: [SpigotLibraryLoader] Downloading https://maven-central.storage-download.googleapis.com/maven2/com/devskiller/friendly-id/friendly-id-project/1.1.0/friendly-id-project-1.1.0.pom
[19:47:38] [Server thread/INFO]: [SpigotLibraryLoader] Downloading https://maven-central.storage-download.googleapis.com/maven2/org/springframework/boot/spring-boot-dependencies/2.1.3.RELEASE/spring-boot-dependencies-2.1.3.RELEASE.pom
[19:47:38] [Server thread/INFO]: [SpigotLibraryLoader] Downloading https://repo.maven.apache.org/maven2/com/fasterxml/jackson/jackson-bom/2.9.8/jackson-bom-2.9.8.pom
[19:47:38] [Server thread/INFO]: [SpigotLibraryLoader] Downloading https://repo.maven.apache.org/maven2/com/fasterxml/jackson/jackson-parent/2.9.1.2/jackson-parent-2.9.1.2.pom
[19:47:38] [Server thread/INFO]: [SpigotLibraryLoader] Downloading https://repo.maven.apache.org/maven2/com/fasterxml/oss-parent/34/oss-parent-34.pom
[19:47:38] [Server thread/INFO]: [SpigotLibraryLoader] Downloading https://repo.maven.apache.org/maven2/io/netty/netty-bom/4.1.33.Final/netty-bom-4.1.33.Final.pom
[19:47:38] [Server thread/INFO]: [SpigotLibraryLoader] Downloading https://repo.maven.apache.org/maven2/io/projectreactor/reactor-bom/Californium-SR5/reactor-bom-Californium-SR5.pom
[19:47:38] [Server thread/INFO]: [SpigotLibraryLoader] Downloading https://repo.maven.apache.org/maven2/org/apache/logging/log4j/log4j-bom/2.11.2/log4j-bom-2.11.2.pom
[19:47:38] [Server thread/INFO]: [SpigotLibraryLoader] Downloading https://repo.maven.apache.org/maven2/org/apache/logging/logging-parent/1/logging-parent-1.pom
[19:47:38] [Server thread/INFO]: [SpigotLibraryLoader] Downloading https://repo.maven.apache.org/maven2/org/apache/apache/18/apache-18.pom
[19:47:38] [Server thread/INFO]: [SpigotLibraryLoader] Downloading https://repo.maven.apache.org/maven2/org/eclipse/jetty/jetty-bom/9.4.14.v20181114/jetty-bom-9.4.14.v20181114.pom
[19:47:38] [Server thread/INFO]: [SpigotLibraryLoader] Downloading https://repo.maven.apache.org/maven2/org/glassfish/jersey/jersey-bom/2.27/jersey-bom-2.27.pom
[19:47:38] [Server thread/INFO]: [SpigotLibraryLoader] Downloading https://repo.maven.apache.org/maven2/net/java/jvnet-parent/4/jvnet-parent-4.pom
[19:47:39] [Server thread/INFO]: [SpigotLibraryLoader] Downloading https://repo.maven.apache.org/maven2/org/junit/junit-bom/5.3.2/junit-bom-5.3.2.pom
[19:47:39] [Server thread/INFO]: [SpigotLibraryLoader] Downloading https://repo.maven.apache.org/maven2/org/springframework/spring-framework-bom/5.1.5.RELEASE/spring-framework-bom-5.1.5.RELEASE.pom
[19:47:39] [Server thread/INFO]: [SpigotLibraryLoader] Downloading https://repo.maven.apache.org/maven2/org/springframework/data/spring-data-releasetrain/Lovelace-SR5/spring-data-releasetrain-Lovelace-SR5.pom
[19:47:39] [Server thread/INFO]: [SpigotLibraryLoader] Downloading https://repo.maven.apache.org/maven2/org/springframework/data/build/spring-data-build/2.1.5.RELEASE/spring-data-build-2.1.5.RELEASE.pom
[19:47:39] [Server thread/INFO]: [SpigotLibraryLoader] Downloading https://repo.maven.apache.org/maven2/org/springframework/integration/spring-integration-bom/5.1.3.RELEASE/spring-integration-bom-5.1.3.RELEASE.pom
[19:47:39] [Server thread/INFO]: [SpigotLibraryLoader] Downloading https://repo.maven.apache.org/maven2/org/springframework/security/spring-security-bom/5.1.4.RELEASE/spring-security-bom-5.1.4.RELEASE.pom
[19:47:39] [Server thread/INFO]: [SpigotLibraryLoader] Downloading https://repo.maven.apache.org/maven2/org/springframework/session/spring-session-bom/Bean-SR3/spring-session-bom-Bean-SR3.pom
[19:47:39] [Server thread/INFO]: [SpigotLibraryLoader] Downloading https://maven-central.storage-download.googleapis.com/maven2/org/apache/maven/maven-artifact/4.0.0-rc-5/maven-artifact-4.0.0-rc-5.pom
[19:47:39] [Server thread/INFO]: [SpigotLibraryLoader] Downloading https://maven-central.storage-download.googleapis.com/maven2/org/apache/maven/maven-compat-modules/4.0.0-rc-5/maven-compat-modules-4.0.0-rc-5.pom
[19:47:39] [Server thread/INFO]: [SpigotLibraryLoader] Downloading https://maven-central.storage-download.googleapis.com/maven2/org/apache/maven/maven/4.0.0-rc-5/maven-4.0.0-rc-5.pom
[19:47:39] [Server thread/INFO]: [SpigotLibraryLoader] Downloading https://maven-central.storage-download.googleapis.com/maven2/org/apache/maven/maven-parent/45/maven-parent-45.pom
[19:47:39] [Server thread/INFO]: [SpigotLibraryLoader] Downloading https://maven-central.storage-download.googleapis.com/maven2/org/apache/apache/35/apache-35.pom
[19:47:39] [Server thread/INFO]: [SpigotLibraryLoader] Downloading https://maven-central.storage-download.googleapis.com/maven2/org/junit/junit-bom/5.13.4/junit-bom-5.13.4.pom
[19:47:39] [Server thread/INFO]: [SpigotLibraryLoader] Downloading https://maven-central.storage-download.googleapis.com/maven2/org/mockito/mockito-bom/5.20.0/mockito-bom-5.20.0.pom
[19:47:39] [Server thread/INFO]: [SpigotLibraryLoader] Downloading https://maven-central.storage-download.googleapis.com/maven2/org/jetbrains/annotations/26.1.0/annotations-26.1.0.pom
[19:47:39] [Server thread/INFO]: [SpigotLibraryLoader] Downloading https://maven-central.storage-download.googleapis.com/maven2/com/google/guava/guava/33.5.0-jre/guava-33.5.0-jre.pom
[19:47:40] [Server thread/INFO]: [SpigotLibraryLoader] Downloading https://maven-central.storage-download.googleapis.com/maven2/com/google/guava/guava-parent/33.5.0-jre/guava-parent-33.5.0-jre.pom
[19:47:40] [Server thread/INFO]: [SpigotLibraryLoader] Downloading https://maven-central.storage-download.googleapis.com/maven2/com/google/guava/failureaccess/1.0.3/failureaccess-1.0.3.pom
[19:47:40] [Server thread/INFO]: [SpigotLibraryLoader] Downloading https://maven-central.storage-download.googleapis.com/maven2/com/google/guava/guava-parent/33.4.0-android/guava-parent-33.4.0-android.pom
[19:47:40] [Server thread/INFO]: [SpigotLibraryLoader] Downloading https://maven-central.storage-download.googleapis.com/maven2/com/google/guava/listenablefuture/9999.0-empty-to-avoid-conflict-with-guava/listenablefuture-9999.0-empty-to-avoid-conflict-with-guava.pom
[19:47:40] [Server thread/INFO]: [SpigotLibraryLoader] Downloading https://maven-central.storage-download.googleapis.com/maven2/com/google/guava/guava-parent/26.0-android/guava-parent-26.0-android.pom
[19:47:40] [Server thread/INFO]: [SpigotLibraryLoader] Downloading https://maven-central.storage-download.googleapis.com/maven2/org/sonatype/oss/oss-parent/9/oss-parent-9.pom
[19:47:40] [Server thread/INFO]: [SpigotLibraryLoader] Downloading https://maven-central.storage-download.googleapis.com/maven2/org/jspecify/jspecify/1.0.0/jspecify-1.0.0.pom
[19:47:40] [Server thread/INFO]: [SpigotLibraryLoader] Downloading https://maven-central.storage-download.googleapis.com/maven2/com/google/errorprone/error_prone_annotations/2.41.0/error_prone_annotations-2.41.0.pom
[19:47:40] [Server thread/INFO]: [SpigotLibraryLoader] Downloading https://maven-central.storage-download.googleapis.com/maven2/com/google/errorprone/error_prone_parent/2.41.0/error_prone_parent-2.41.0.pom
[19:47:40] [Server thread/INFO]: [SpigotLibraryLoader] Downloading https://maven-central.storage-download.googleapis.com/maven2/com/google/j2objc/j2objc-annotations/3.1/j2objc-annotations-3.1.pom
[19:47:40] [Server thread/INFO]: [SpigotLibraryLoader] Downloading https://maven-central.storage-download.googleapis.com/maven2/dev/dejvokep/boosted-yaml/1.3.7/boosted-yaml-1.3.7.pom
[19:47:40] [Server thread/INFO]: [SpigotLibraryLoader] Downloading https://maven-central.storage-download.googleapis.com/maven2/com/mysql/mysql-connector-j/9.6.0/mysql-connector-j-9.6.0.pom
[19:47:40] [Server thread/INFO]: [SpigotLibraryLoader] Downloading https://maven-central.storage-download.googleapis.com/maven2/com/google/protobuf/protobuf-java/4.31.1/protobuf-java-4.31.1.pom
[19:47:40] [Server thread/INFO]: [SpigotLibraryLoader] Downloading https://maven-central.storage-download.googleapis.com/maven2/com/google/protobuf/protobuf-parent/4.31.1/protobuf-parent-4.31.1.pom
[19:47:40] [Server thread/INFO]: [SpigotLibraryLoader] Downloading https://maven-central.storage-download.googleapis.com/maven2/com/google/protobuf/protobuf-bom/4.31.1/protobuf-bom-4.31.1.pom
[19:47:40] [Server thread/INFO]: [SpigotLibraryLoader] Downloading https://maven-central.storage-download.googleapis.com/maven2/org/xerial/sqlite-jdbc/3.47.0.0/sqlite-jdbc-3.47.0.0.pom
[19:47:40] [Server thread/INFO]: [SpigotLibraryLoader] Downloading https://maven-central.storage-download.googleapis.com/maven2/org/flywaydb/flyway-core/10.22.0/flyway-core-10.22.0.jar
[19:47:41] [BasicRepositoryConnector-maven-central.storage-download.googleapis.com-3-2/INFO]: [SpigotLibraryLoader] Downloading https://maven-central.storage-download.googleapis.com/maven2/com/fasterxml/jackson/core/jackson-core/2.15.2/jackson-core-2.15.2.jar
[19:47:41] [BasicRepositoryConnector-maven-central.storage-download.googleapis.com-3-1/INFO]: [SpigotLibraryLoader] Downloading https://maven-central.storage-download.googleapis.com/maven2/com/fasterxml/jackson/core/jackson-databind/2.15.2/jackson-databind-2.15.2.jar
[19:47:41] [BasicRepositoryConnector-maven-central.storage-download.googleapis.com-3-4/INFO]: [SpigotLibraryLoader] Downloading https://maven-central.storage-download.googleapis.com/maven2/com/fasterxml/jackson/core/jackson-annotations/2.15.2/jackson-annotations-2.15.2.jar
[19:47:41] [BasicRepositoryConnector-maven-central.storage-download.googleapis.com-3-0/INFO]: [SpigotLibraryLoader] Downloading https://maven-central.storage-download.googleapis.com/maven2/com/fasterxml/jackson/dataformat/jackson-dataformat-toml/2.15.2/jackson-dataformat-toml-2.15.2.jar
[19:47:41] [BasicRepositoryConnector-maven-central.storage-download.googleapis.com-3-3/INFO]: [SpigotLibraryLoader] Downloading https://maven-central.storage-download.googleapis.com/maven2/com/fasterxml/jackson/datatype/jackson-datatype-jsr310/2.15.2/jackson-datatype-jsr310-2.15.2.jar
[19:47:41] [BasicRepositoryConnector-maven-central.storage-download.googleapis.com-3-3/INFO]: [SpigotLibraryLoader] Downloading https://maven-central.storage-download.googleapis.com/maven2/dev/dejvokep/boosted-yaml/1.3.7/boosted-yaml-1.3.7.jar
[19:47:41] [BasicRepositoryConnector-maven-central.storage-download.googleapis.com-3-1/INFO]: [SpigotLibraryLoader] Downloading https://maven-central.storage-download.googleapis.com/maven2/org/jetbrains/annotations/26.1.0/annotations-26.1.0.jar
[19:47:41] [BasicRepositoryConnector-maven-central.storage-download.googleapis.com-3-2/INFO]: [SpigotLibraryLoader] Downloading https://maven-central.storage-download.googleapis.com/maven2/org/apache/maven/maven-artifact/4.0.0-rc-5/maven-artifact-4.0.0-rc-5.jar
[19:47:41] [BasicRepositoryConnector-maven-central.storage-download.googleapis.com-3-4/INFO]: [SpigotLibraryLoader] Downloading https://maven-central.storage-download.googleapis.com/maven2/org/flywaydb/flyway-mysql/10.22.0/flyway-mysql-10.22.0.jar
[19:47:41] [BasicRepositoryConnector-maven-central.storage-download.googleapis.com-3-1/INFO]: [SpigotLibraryLoader] Downloading https://maven-central.storage-download.googleapis.com/maven2/com/mysql/mysql-connector-j/9.6.0/mysql-connector-j-9.6.0.jar
[19:47:41] [BasicRepositoryConnector-maven-central.storage-download.googleapis.com-3-2/INFO]: [SpigotLibraryLoader] Downloading https://maven-central.storage-download.googleapis.com/maven2/com/google/protobuf/protobuf-java/4.31.1/protobuf-java-4.31.1.jar
[19:47:41] [BasicRepositoryConnector-maven-central.storage-download.googleapis.com-3-3/INFO]: [SpigotLibraryLoader] Downloading https://maven-central.storage-download.googleapis.com/maven2/org/xerial/sqlite-jdbc/3.47.0.0/sqlite-jdbc-3.47.0.0.jar
[19:47:41] [BasicRepositoryConnector-maven-central.storage-download.googleapis.com-3-0/INFO]: [SpigotLibraryLoader] Downloading https://maven-central.storage-download.googleapis.com/maven2/com/devskiller/friendly-id/friendly-id/1.1.0/friendly-id-1.1.0.jar
[19:47:41] [Server thread/INFO]: [SpigotLibraryLoader] [EvenMoreFish] Loaded library /workspaces/oktubio/servidor_minecraft/libraries/org/flywaydb/flyway-core/10.22.0/flyway-core-10.22.0.jar
[19:47:41] [Server thread/INFO]: [SpigotLibraryLoader] [EvenMoreFish] Loaded library /workspaces/oktubio/servidor_minecraft/libraries/com/fasterxml/jackson/dataformat/jackson-dataformat-toml/2.15.2/jackson-dataformat-toml-2.15.2.jar
[19:47:41] [Server thread/INFO]: [SpigotLibraryLoader] [EvenMoreFish] Loaded library /workspaces/oktubio/servidor_minecraft/libraries/com/fasterxml/jackson/core/jackson-databind/2.15.2/jackson-databind-2.15.2.jar
[19:47:41] [Server thread/INFO]: [SpigotLibraryLoader] [EvenMoreFish] Loaded library /workspaces/oktubio/servidor_minecraft/libraries/com/fasterxml/jackson/core/jackson-core/2.15.2/jackson-core-2.15.2.jar
[19:47:41] [Server thread/INFO]: [SpigotLibraryLoader] [EvenMoreFish] Loaded library /workspaces/oktubio/servidor_minecraft/libraries/com/fasterxml/jackson/datatype/jackson-datatype-jsr310/2.15.2/jackson-datatype-jsr310-2.15.2.jar
[19:47:41] [Server thread/INFO]: [SpigotLibraryLoader] [EvenMoreFish] Loaded library /workspaces/oktubio/servidor_minecraft/libraries/com/fasterxml/jackson/core/jackson-annotations/2.15.2/jackson-annotations-2.15.2.jar
[19:47:41] [Server thread/INFO]: [SpigotLibraryLoader] [EvenMoreFish] Loaded library /workspaces/oktubio/servidor_minecraft/libraries/org/flywaydb/flyway-mysql/10.22.0/flyway-mysql-10.22.0.jar
[19:47:41] [Server thread/INFO]: [SpigotLibraryLoader] [EvenMoreFish] Loaded library /workspaces/oktubio/servidor_minecraft/libraries/com/devskiller/friendly-id/friendly-id/1.1.0/friendly-id-1.1.0.jar
[19:47:41] [Server thread/INFO]: [SpigotLibraryLoader] [EvenMoreFish] Loaded library /workspaces/oktubio/servidor_minecraft/libraries/org/apache/maven/maven-artifact/4.0.0-rc-5/maven-artifact-4.0.0-rc-5.jar
[19:47:41] [Server thread/INFO]: [SpigotLibraryLoader] [EvenMoreFish] Loaded library /workspaces/oktubio/servidor_minecraft/libraries/org/jetbrains/annotations/26.1.0/annotations-26.1.0.jar
[19:47:41] [Server thread/INFO]: [SpigotLibraryLoader] [EvenMoreFish] Loaded library /workspaces/oktubio/servidor_minecraft/libraries/com/google/guava/guava/33.5.0-jre/guava-33.5.0-jre.jar
[19:47:41] [Server thread/INFO]: [SpigotLibraryLoader] [EvenMoreFish] Loaded library /workspaces/oktubio/servidor_minecraft/libraries/com/google/guava/failureaccess/1.0.3/failureaccess-1.0.3.jar
[19:47:41] [Server thread/INFO]: [SpigotLibraryLoader] [EvenMoreFish] Loaded library /workspaces/oktubio/servidor_minecraft/libraries/com/google/guava/listenablefuture/9999.0-empty-to-avoid-conflict-with-guava/listenablefuture-9999.0-empty-to-avoid-conflict-with-guava.jar
[19:47:41] [Server thread/INFO]: [SpigotLibraryLoader] [EvenMoreFish] Loaded library /workspaces/oktubio/servidor_minecraft/libraries/org/jspecify/jspecify/1.0.0/jspecify-1.0.0.jar
[19:47:41] [Server thread/INFO]: [SpigotLibraryLoader] [EvenMoreFish] Loaded library /workspaces/oktubio/servidor_minecraft/libraries/com/google/errorprone/error_prone_annotations/2.41.0/error_prone_annotations-2.41.0.jar
[19:47:41] [Server thread/INFO]: [SpigotLibraryLoader] [EvenMoreFish] Loaded library /workspaces/oktubio/servidor_minecraft/libraries/com/google/j2objc/j2objc-annotations/3.1/j2objc-annotations-3.1.jar
[19:47:41] [Server thread/INFO]: [SpigotLibraryLoader] [EvenMoreFish] Loaded library /workspaces/oktubio/servidor_minecraft/libraries/dev/dejvokep/boosted-yaml/1.3.7/boosted-yaml-1.3.7.jar
[19:47:41] [Server thread/INFO]: [SpigotLibraryLoader] [EvenMoreFish] Loaded library /workspaces/oktubio/servidor_minecraft/libraries/com/mysql/mysql-connector-j/9.6.0/mysql-connector-j-9.6.0.jar
[19:47:41] [Server thread/INFO]: [SpigotLibraryLoader] [EvenMoreFish] Loaded library /workspaces/oktubio/servidor_minecraft/libraries/com/google/protobuf/protobuf-java/4.31.1/protobuf-java-4.31.1.jar
[19:47:41] [Server thread/INFO]: [SpigotLibraryLoader] [EvenMoreFish] Loaded library /workspaces/oktubio/servidor_minecraft/libraries/org/xerial/sqlite-jdbc/3.47.0.0/sqlite-jdbc-3.47.0.0.jar
[19:47:42] [Server thread/INFO]: [SpigotLibraryLoader] [O'DailyQuests] Loading 4 libraries... please wait
[19:47:42] [Server thread/INFO]: [SpigotLibraryLoader] Downloading https://maven-central.storage-download.googleapis.com/maven2/com/zaxxer/HikariCP/5.0.1/HikariCP-5.0.1.pom
[19:47:42] [Server thread/INFO]: [SpigotLibraryLoader] Downloading https://maven-central.storage-download.googleapis.com/maven2/org/slf4j/slf4j-api/2.0.0-alpha1/slf4j-api-2.0.0-alpha1.pom
[19:47:42] [Server thread/INFO]: [SpigotLibraryLoader] Downloading https://maven-central.storage-download.googleapis.com/maven2/org/slf4j/slf4j-parent/2.0.0-alpha1/slf4j-parent-2.0.0-alpha1.pom
[19:47:42] [Server thread/INFO]: [SpigotLibraryLoader] Downloading https://maven-central.storage-download.googleapis.com/maven2/org/xerial/sqlite-jdbc/3.49.1.0/sqlite-jdbc-3.49.1.0.pom
[19:47:42] [Server thread/INFO]: [SpigotLibraryLoader] Downloading https://maven-central.storage-download.googleapis.com/maven2/com/jeff-media/custom-block-data/2.2.5/custom-block-data-2.2.5.pom
[19:47:42] [Server thread/INFO]: [SpigotLibraryLoader] Downloading https://maven-central.storage-download.googleapis.com/maven2/com/h2database/h2/2.1.214/h2-2.1.214.pom
[19:47:42] [Server thread/INFO]: [SpigotLibraryLoader] Downloading https://maven-central.storage-download.googleapis.com/maven2/com/zaxxer/HikariCP/5.0.1/HikariCP-5.0.1.jar
[19:47:42] [BasicRepositoryConnector-maven-central.storage-download.googleapis.com-4-2/INFO]: [SpigotLibraryLoader] Downloading https://maven-central.storage-download.googleapis.com/maven2/com/h2database/h2/2.1.214/h2-2.1.214.jar
[19:47:42] [BasicRepositoryConnector-maven-central.storage-download.googleapis.com-4-0/INFO]: [SpigotLibraryLoader] Downloading https://maven-central.storage-download.googleapis.com/maven2/org/slf4j/slf4j-api/2.0.0-alpha1/slf4j-api-2.0.0-alpha1.jar
[19:47:42] [BasicRepositoryConnector-maven-central.storage-download.googleapis.com-4-1/INFO]: [SpigotLibraryLoader] Downloading https://maven-central.storage-download.googleapis.com/maven2/com/jeff-media/custom-block-data/2.2.5/custom-block-data-2.2.5.jar
[19:47:42] [Server thread/INFO]: [SpigotLibraryLoader] [O'DailyQuests] Loaded library /workspaces/oktubio/servidor_minecraft/libraries/com/zaxxer/HikariCP/5.0.1/HikariCP-5.0.1.jar
[19:47:42] [Server thread/INFO]: [SpigotLibraryLoader] [O'DailyQuests] Loaded library /workspaces/oktubio/servidor_minecraft/libraries/org/slf4j/slf4j-api/2.0.0-alpha1/slf4j-api-2.0.0-alpha1.jar
[19:47:42] [Server thread/INFO]: [SpigotLibraryLoader] [O'DailyQuests] Loaded library /workspaces/oktubio/servidor_minecraft/libraries/org/xerial/sqlite-jdbc/3.49.1.0/sqlite-jdbc-3.49.1.0.jar
[19:47:42] [Server thread/INFO]: [SpigotLibraryLoader] [O'DailyQuests] Loaded library /workspaces/oktubio/servidor_minecraft/libraries/com/jeff-media/custom-block-data/2.2.5/custom-block-data-2.2.5.jar
[19:47:42] [Server thread/INFO]: [SpigotLibraryLoader] [O'DailyQuests] Loaded library /workspaces/oktubio/servidor_minecraft/libraries/com/h2database/h2/2.1.214/h2-2.1.214.jar
[19:47:42] [Server thread/INFO]: [SpigotLibraryLoader] [NotBounties] Loading 2 libraries... please wait
[19:47:43] [Server thread/INFO]: [SpigotLibraryLoader] Downloading https://maven-central.storage-download.googleapis.com/maven2/com/mysql/mysql-connector-j/9.4.0/mysql-connector-j-9.4.0.pom
[19:47:43] [Server thread/INFO]: [SpigotLibraryLoader] Downloading https://maven-central.storage-download.googleapis.com/maven2/io/lettuce/lettuce-core/7.2.1.RELEASE/lettuce-core-7.2.1.RELEASE.pom
[19:47:43] [Server thread/INFO]: [SpigotLibraryLoader] Downloading https://maven-central.storage-download.googleapis.com/maven2/redis/clients/authentication/redis-authx-core/0.1.1-beta2/redis-authx-core-0.1.1-beta2.pom
[19:47:43] [Server thread/INFO]: [SpigotLibraryLoader] Downloading https://maven-central.storage-download.googleapis.com/maven2/org/slf4j/slf4j-api/1.7.36/slf4j-api-1.7.36.pom
[19:47:43] [Server thread/INFO]: [SpigotLibraryLoader] Downloading https://maven-central.storage-download.googleapis.com/maven2/org/slf4j/slf4j-parent/1.7.36/slf4j-parent-1.7.36.pom
[19:47:43] [Server thread/INFO]: [SpigotLibraryLoader] Downloading https://maven-central.storage-download.googleapis.com/maven2/io/netty/netty-common/4.2.5.Final/netty-common-4.2.5.Final.pom
[19:47:43] [Server thread/INFO]: [SpigotLibraryLoader] Downloading https://maven-central.storage-download.googleapis.com/maven2/io/netty/netty-parent/4.2.5.Final/netty-parent-4.2.5.Final.pom
[19:47:43] [Server thread/INFO]: [SpigotLibraryLoader] Downloading https://maven-central.storage-download.googleapis.com/maven2/io/netty/netty-handler/4.2.5.Final/netty-handler-4.2.5.Final.pom
[19:47:43] [Server thread/INFO]: [SpigotLibraryLoader] Downloading https://maven-central.storage-download.googleapis.com/maven2/io/netty/netty-resolver/4.2.5.Final/netty-resolver-4.2.5.Final.pom
[19:47:43] [Server thread/INFO]: [SpigotLibraryLoader] Downloading https://maven-central.storage-download.googleapis.com/maven2/io/netty/netty-buffer/4.2.5.Final/netty-buffer-4.2.5.Final.pom
[19:47:43] [Server thread/INFO]: [SpigotLibraryLoader] Downloading https://maven-central.storage-download.googleapis.com/maven2/io/netty/netty-transport/4.2.5.Final/netty-transport-4.2.5.Final.pom
[19:47:43] [Server thread/INFO]: [SpigotLibraryLoader] Downloading https://maven-central.storage-download.googleapis.com/maven2/io/netty/netty-transport-native-unix-common/4.2.5.Final/netty-transport-native-unix-common-4.2.5.Final.pom
[19:47:44] [Server thread/INFO]: [SpigotLibraryLoader] Downloading https://maven-central.storage-download.googleapis.com/maven2/io/netty/netty-codec-base/4.2.5.Final/netty-codec-base-4.2.5.Final.pom
[19:47:44] [Server thread/INFO]: [SpigotLibraryLoader] Downloading https://maven-central.storage-download.googleapis.com/maven2/io/projectreactor/reactor-core/3.6.6/reactor-core-3.6.6.pom
[19:47:44] [Server thread/INFO]: [SpigotLibraryLoader] Downloading https://maven-central.storage-download.googleapis.com/maven2/org/reactivestreams/reactive-streams/1.0.4/reactive-streams-1.0.4.pom
[19:47:44] [Server thread/INFO]: [SpigotLibraryLoader] Downloading https://maven-central.storage-download.googleapis.com/maven2/io/netty/netty-resolver-dns/4.2.5.Final/netty-resolver-dns-4.2.5.Final.pom
[19:47:44] [Server thread/INFO]: [SpigotLibraryLoader] Downloading https://maven-central.storage-download.googleapis.com/maven2/io/netty/netty-codec-dns/4.2.5.Final/netty-codec-dns-4.2.5.Final.pom
[19:47:44] [Server thread/INFO]: [SpigotLibraryLoader] Downloading https://maven-central.storage-download.googleapis.com/maven2/com/mysql/mysql-connector-j/9.4.0/mysql-connector-j-9.4.0.jar
[19:47:44] [BasicRepositoryConnector-maven-central.storage-download.googleapis.com-5-1/INFO]: [SpigotLibraryLoader] Downloading https://maven-central.storage-download.googleapis.com/maven2/redis/clients/authentication/redis-authx-core/0.1.1-beta2/redis-authx-core-0.1.1-beta2.jar
[19:47:44] [BasicRepositoryConnector-maven-central.storage-download.googleapis.com-5-2/INFO]: [SpigotLibraryLoader] Downloading https://maven-central.storage-download.googleapis.com/maven2/org/slf4j/slf4j-api/1.7.36/slf4j-api-1.7.36.jar
[19:47:44] [BasicRepositoryConnector-maven-central.storage-download.googleapis.com-5-0/INFO]: [SpigotLibraryLoader] Downloading https://maven-central.storage-download.googleapis.com/maven2/io/lettuce/lettuce-core/7.2.1.RELEASE/lettuce-core-7.2.1.RELEASE.jar
[19:47:44] [BasicRepositoryConnector-maven-central.storage-download.googleapis.com-5-3/INFO]: [SpigotLibraryLoader] Downloading https://maven-central.storage-download.googleapis.com/maven2/io/netty/netty-common/4.2.5.Final/netty-common-4.2.5.Final.jar
[19:47:44] [BasicRepositoryConnector-maven-central.storage-download.googleapis.com-5-1/INFO]: [SpigotLibraryLoader] Downloading https://maven-central.storage-download.googleapis.com/maven2/io/netty/netty-resolver/4.2.5.Final/netty-resolver-4.2.5.Final.jar
[19:47:44] [BasicRepositoryConnector-maven-central.storage-download.googleapis.com-5-4/INFO]: [SpigotLibraryLoader] Downloading https://maven-central.storage-download.googleapis.com/maven2/io/netty/netty-handler/4.2.5.Final/netty-handler-4.2.5.Final.jar
[19:47:44] [BasicRepositoryConnector-maven-central.storage-download.googleapis.com-5-2/INFO]: [SpigotLibraryLoader] Downloading https://maven-central.storage-download.googleapis.com/maven2/io/netty/netty-buffer/4.2.5.Final/netty-buffer-4.2.5.Final.jar
[19:47:44] [BasicRepositoryConnector-maven-central.storage-download.googleapis.com-5-0/INFO]: [SpigotLibraryLoader] Downloading https://maven-central.storage-download.googleapis.com/maven2/io/netty/netty-codec-base/4.2.5.Final/netty-codec-base-4.2.5.Final.jar
[19:47:44] [BasicRepositoryConnector-maven-central.storage-download.googleapis.com-5-2/INFO]: [SpigotLibraryLoader] Downloading https://maven-central.storage-download.googleapis.com/maven2/org/reactivestreams/reactive-streams/1.0.4/reactive-streams-1.0.4.jar
[19:47:44] [BasicRepositoryConnector-maven-central.storage-download.googleapis.com-5-1/INFO]: [SpigotLibraryLoader] Downloading https://maven-central.storage-download.googleapis.com/maven2/io/netty/netty-transport-native-unix-common/4.2.5.Final/netty-transport-native-unix-common-4.2.5.Final.jar
[19:47:44] [BasicRepositoryConnector-maven-central.storage-download.googleapis.com-5-4/INFO]: [SpigotLibraryLoader] Downloading https://maven-central.storage-download.googleapis.com/maven2/io/netty/netty-resolver-dns/4.2.5.Final/netty-resolver-dns-4.2.5.Final.jar
[19:47:44] [BasicRepositoryConnector-maven-central.storage-download.googleapis.com-5-2/INFO]: [SpigotLibraryLoader] Downloading https://maven-central.storage-download.googleapis.com/maven2/io/netty/netty-codec-dns/4.2.5.Final/netty-codec-dns-4.2.5.Final.jar
[19:47:44] [BasicRepositoryConnector-maven-central.storage-download.googleapis.com-5-3/INFO]: [SpigotLibraryLoader] Downloading https://maven-central.storage-download.googleapis.com/maven2/io/netty/netty-transport/4.2.5.Final/netty-transport-4.2.5.Final.jar
[19:47:44] [BasicRepositoryConnector-maven-central.storage-download.googleapis.com-5-0/INFO]: [SpigotLibraryLoader] Downloading https://maven-central.storage-download.googleapis.com/maven2/io/projectreactor/reactor-core/3.6.6/reactor-core-3.6.6.jar
[19:47:44] [Server thread/INFO]: [SpigotLibraryLoader] [NotBounties] Loaded library /workspaces/oktubio/servidor_minecraft/libraries/com/mysql/mysql-connector-j/9.4.0/mysql-connector-j-9.4.0.jar
[19:47:44] [Server thread/INFO]: [SpigotLibraryLoader] [NotBounties] Loaded library /workspaces/oktubio/servidor_minecraft/libraries/com/google/protobuf/protobuf-java/4.31.1/protobuf-java-4.31.1.jar
[19:47:44] [Server thread/INFO]: [SpigotLibraryLoader] [NotBounties] Loaded library /workspaces/oktubio/servidor_minecraft/libraries/io/lettuce/lettuce-core/7.2.1.RELEASE/lettuce-core-7.2.1.RELEASE.jar
[19:47:44] [Server thread/INFO]: [SpigotLibraryLoader] [NotBounties] Loaded library /workspaces/oktubio/servidor_minecraft/libraries/redis/clients/authentication/redis-authx-core/0.1.1-beta2/redis-authx-core-0.1.1-beta2.jar
[19:47:44] [Server thread/INFO]: [SpigotLibraryLoader] [NotBounties] Loaded library /workspaces/oktubio/servidor_minecraft/libraries/org/slf4j/slf4j-api/1.7.36/slf4j-api-1.7.36.jar
[19:47:44] [Server thread/INFO]: [SpigotLibraryLoader] [NotBounties] Loaded library /workspaces/oktubio/servidor_minecraft/libraries/io/netty/netty-common/4.2.5.Final/netty-common-4.2.5.Final.jar
[19:47:44] [Server thread/INFO]: [SpigotLibraryLoader] [NotBounties] Loaded library /workspaces/oktubio/servidor_minecraft/libraries/io/netty/netty-handler/4.2.5.Final/netty-handler-4.2.5.Final.jar
[19:47:44] [Server thread/INFO]: [SpigotLibraryLoader] [NotBounties] Loaded library /workspaces/oktubio/servidor_minecraft/libraries/io/netty/netty-resolver/4.2.5.Final/netty-resolver-4.2.5.Final.jar
[19:47:44] [Server thread/INFO]: [SpigotLibraryLoader] [NotBounties] Loaded library /workspaces/oktubio/servidor_minecraft/libraries/io/netty/netty-buffer/4.2.5.Final/netty-buffer-4.2.5.Final.jar
[19:47:44] [Server thread/INFO]: [SpigotLibraryLoader] [NotBounties] Loaded library /workspaces/oktubio/servidor_minecraft/libraries/io/netty/netty-transport-native-unix-common/4.2.5.Final/netty-transport-native-unix-common-4.2.5.Final.jar
[19:47:44] [Server thread/INFO]: [SpigotLibraryLoader] [NotBounties] Loaded library /workspaces/oktubio/servidor_minecraft/libraries/io/netty/netty-codec-base/4.2.5.Final/netty-codec-base-4.2.5.Final.jar
[19:47:44] [Server thread/INFO]: [SpigotLibraryLoader] [NotBounties] Loaded library /workspaces/oktubio/servidor_minecraft/libraries/io/netty/netty-transport/4.2.5.Final/netty-transport-4.2.5.Final.jar
[19:47:44] [Server thread/INFO]: [SpigotLibraryLoader] [NotBounties] Loaded library /workspaces/oktubio/servidor_minecraft/libraries/io/projectreactor/reactor-core/3.6.6/reactor-core-3.6.6.jar
[19:47:44] [Server thread/INFO]: [SpigotLibraryLoader] [NotBounties] Loaded library /workspaces/oktubio/servidor_minecraft/libraries/org/reactivestreams/reactive-streams/1.0.4/reactive-streams-1.0.4.jar
[19:47:44] [Server thread/INFO]: [SpigotLibraryLoader] [NotBounties] Loaded library /workspaces/oktubio/servidor_minecraft/libraries/io/netty/netty-resolver-dns/4.2.5.Final/netty-resolver-dns-4.2.5.Final.jar
[19:47:44] [Server thread/INFO]: [SpigotLibraryLoader] [NotBounties] Loaded library /workspaces/oktubio/servidor_minecraft/libraries/io/netty/netty-codec-dns/4.2.5.Final/netty-codec-dns-4.2.5.Final.jar
[19:47:44] [Server thread/INFO]: [SpigotLibraryLoader] [UltraCosmetics] Loading 1 libraries... please wait
[19:47:44] [Server thread/INFO]: [SpigotLibraryLoader] Downloading https://maven-central.storage-download.googleapis.com/maven2/com/zaxxer/HikariCP/7.0.2/HikariCP-7.0.2.pom
[19:47:44] [Server thread/INFO]: [org.eclipse.aether.internal.impl.DefaultArtifactResolver] Artifact org.slf4j:slf4j-api:pom:2.0.17 is present in the local repository, but cached from a remote repository ID that is unavailable in current build context, verifying that is downloadable from [central (https://maven-central.storage-download.googleapis.com/maven2, default, releases+snapshots)]
[19:47:44] [Server thread/INFO]: [org.eclipse.aether.internal.impl.DefaultArtifactResolver] Artifact org.slf4j:slf4j-api:pom:2.0.17 is present in the local repository, but cached from a remote repository ID that is unavailable in current build context, verifying that is downloadable from [central (https://maven-central.storage-download.googleapis.com/maven2, default, releases+snapshots)]
[19:47:44] [Server thread/INFO]: [org.eclipse.aether.internal.impl.DefaultArtifactResolver] Artifact org.slf4j:slf4j-parent:pom:2.0.17 is present in the local repository, but cached from a remote repository ID that is unavailable in current build context, verifying that is downloadable from [central (https://maven-central.storage-download.googleapis.com/maven2, default, releases+snapshots)]
[19:47:44] [Server thread/INFO]: [org.eclipse.aether.internal.impl.DefaultArtifactResolver] Artifact org.slf4j:slf4j-parent:pom:2.0.17 is present in the local repository, but cached from a remote repository ID that is unavailable in current build context, verifying that is downloadable from [central (https://maven-central.storage-download.googleapis.com/maven2, default, releases+snapshots)]
[19:47:44] [Server thread/INFO]: [org.eclipse.aether.internal.impl.DefaultArtifactResolver] Artifact org.slf4j:slf4j-bom:pom:2.0.17 is present in the local repository, but cached from a remote repository ID that is unavailable in current build context, verifying that is downloadable from [central (https://maven-central.storage-download.googleapis.com/maven2, default, releases+snapshots)]
[19:47:44] [Server thread/INFO]: [org.eclipse.aether.internal.impl.DefaultArtifactResolver] Artifact org.slf4j:slf4j-bom:pom:2.0.17 is present in the local repository, but cached from a remote repository ID that is unavailable in current build context, verifying that is downloadable from [central (https://maven-central.storage-download.googleapis.com/maven2, default, releases+snapshots)]
[19:47:45] [Server thread/INFO]: [SpigotLibraryLoader] Downloading https://maven-central.storage-download.googleapis.com/maven2/com/zaxxer/HikariCP/7.0.2/HikariCP-7.0.2.jar
[19:47:45] [Server thread/INFO]: [SpigotLibraryLoader] [UltraCosmetics] Loaded library /workspaces/oktubio/servidor_minecraft/libraries/com/zaxxer/HikariCP/7.0.2/HikariCP-7.0.2.jar
[19:47:45] [Server thread/INFO]: [SpigotLibraryLoader] [UltraCosmetics] Loaded library /workspaces/oktubio/servidor_minecraft/libraries/org/slf4j/slf4j-api/2.0.17/slf4j-api-2.0.17.jar
[19:47:45] [Server thread/INFO]: [SpigotLibraryLoader] [BackpackPlus] Loading 4 libraries... please wait
[19:47:45] [Server thread/INFO]: [SpigotLibraryLoader] Downloading https://maven-central.storage-download.googleapis.com/maven2/org/xerial/sqlite-jdbc/3.51.2.0/sqlite-jdbc-3.51.2.0.pom
[19:47:45] [Server thread/INFO]: [SpigotLibraryLoader] Downloading https://maven-central.storage-download.googleapis.com/maven2/org/junit/junit-bom/5.12.2/junit-bom-5.12.2.pom
[19:47:45] [Server thread/INFO]: [SpigotLibraryLoader] Downloading https://maven-central.storage-download.googleapis.com/maven2/org/postgresql/postgresql/42.7.10/postgresql-42.7.10.pom
[19:47:45] [Server thread/INFO]: [SpigotLibraryLoader] Downloading https://maven-central.storage-download.googleapis.com/maven2/org/checkerframework/checker-qual/3.52.0/checker-qual-3.52.0.pom
[19:47:45] [Server thread/INFO]: [SpigotLibraryLoader] Downloading https://maven-central.storage-download.googleapis.com/maven2/org/xerial/sqlite-jdbc/3.51.2.0/sqlite-jdbc-3.51.2.0.jar
[19:47:45] [BasicRepositoryConnector-maven-central.storage-download.googleapis.com-6-0/INFO]: [SpigotLibraryLoader] Downloading https://maven-central.storage-download.googleapis.com/maven2/org/postgresql/postgresql/42.7.10/postgresql-42.7.10.jar
[19:47:45] [BasicRepositoryConnector-maven-central.storage-download.googleapis.com-6-1/INFO]: [SpigotLibraryLoader] Downloading https://maven-central.storage-download.googleapis.com/maven2/org/checkerframework/checker-qual/3.52.0/checker-qual-3.52.0.jar
[19:47:45] [Server thread/INFO]: [SpigotLibraryLoader] [BackpackPlus] Loaded library /workspaces/oktubio/servidor_minecraft/libraries/com/zaxxer/HikariCP/7.0.2/HikariCP-7.0.2.jar
[19:47:45] [Server thread/INFO]: [SpigotLibraryLoader] [BackpackPlus] Loaded library /workspaces/oktubio/servidor_minecraft/libraries/org/slf4j/slf4j-api/2.0.17/slf4j-api-2.0.17.jar
[19:47:45] [Server thread/INFO]: [SpigotLibraryLoader] [BackpackPlus] Loaded library /workspaces/oktubio/servidor_minecraft/libraries/com/mysql/mysql-connector-j/9.6.0/mysql-connector-j-9.6.0.jar
[19:47:45] [Server thread/INFO]: [SpigotLibraryLoader] [BackpackPlus] Loaded library /workspaces/oktubio/servidor_minecraft/libraries/com/google/protobuf/protobuf-java/4.31.1/protobuf-java-4.31.1.jar
[19:47:45] [Server thread/INFO]: [SpigotLibraryLoader] [BackpackPlus] Loaded library /workspaces/oktubio/servidor_minecraft/libraries/org/xerial/sqlite-jdbc/3.51.2.0/sqlite-jdbc-3.51.2.0.jar
[19:47:45] [Server thread/INFO]: [SpigotLibraryLoader] [BackpackPlus] Loaded library /workspaces/oktubio/servidor_minecraft/libraries/org/postgresql/postgresql/42.7.10/postgresql-42.7.10.jar
[19:47:45] [Server thread/INFO]: [SpigotLibraryLoader] [BackpackPlus] Loaded library /workspaces/oktubio/servidor_minecraft/libraries/org/checkerframework/checker-qual/3.52.0/checker-qual-3.52.0.jar
[19:47:45] [Server thread/INFO]: [SpigotLibraryLoader] [ModelEngine] Loading 3 libraries... please wait
[19:47:46] [Server thread/INFO]: [SpigotLibraryLoader] Downloading https://maven-central.storage-download.googleapis.com/maven2/net/kyori/adventure-api/4.14.0/adventure-api-4.14.0.pom
[19:47:46] [Server thread/INFO]: [SpigotLibraryLoader] Downloading https://maven-central.storage-download.googleapis.com/maven2/net/kyori/adventure-bom/4.14.0/adventure-bom-4.14.0.pom
[19:47:46] [Server thread/INFO]: [SpigotLibraryLoader] Downloading https://maven-central.storage-download.googleapis.com/maven2/net/kyori/adventure-key/4.14.0/adventure-key-4.14.0.pom
[19:47:46] [Server thread/INFO]: [SpigotLibraryLoader] Downloading https://maven-central.storage-download.googleapis.com/maven2/net/kyori/adventure-text-serializer-gson/4.14.0/adventure-text-serializer-gson-4.14.0.pom
[19:47:46] [Server thread/INFO]: [SpigotLibraryLoader] Downloading https://maven-central.storage-download.googleapis.com/maven2/net/kyori/adventure-text-serializer-json/4.14.0/adventure-text-serializer-json-4.14.0.pom
[19:47:46] [Server thread/INFO]: [SpigotLibraryLoader] Downloading https://maven-central.storage-download.googleapis.com/maven2/net/kyori/adventure-text-serializer-bungeecord/4.3.0/adventure-text-serializer-bungeecord-4.3.0.pom
[19:47:46] [Server thread/INFO]: [SpigotLibraryLoader] Downloading https://maven-central.storage-download.googleapis.com/maven2/net/kyori/adventure-api/4.13.0/adventure-api-4.13.0.pom
[19:47:46] [Server thread/INFO]: [SpigotLibraryLoader] Downloading https://maven-central.storage-download.googleapis.com/maven2/net/kyori/adventure-bom/4.13.0/adventure-bom-4.13.0.pom
[19:47:46] [Server thread/INFO]: [SpigotLibraryLoader] Downloading https://maven-central.storage-download.googleapis.com/maven2/net/kyori/adventure-key/4.13.0/adventure-key-4.13.0.pom
[19:47:46] [Server thread/INFO]: [SpigotLibraryLoader] Downloading https://maven-central.storage-download.googleapis.com/maven2/net/kyori/adventure-text-serializer-legacy/4.13.0/adventure-text-serializer-legacy-4.13.0.pom
[19:47:46] [Server thread/INFO]: [SpigotLibraryLoader] Downloading https://maven-central.storage-download.googleapis.com/maven2/net/kyori/adventure-text-serializer-gson/4.13.0/adventure-text-serializer-gson-4.13.0.pom
[19:47:46] [Server thread/INFO]: [SpigotLibraryLoader] Downloading https://maven-central.storage-download.googleapis.com/maven2/net/kyori/adventure-api/4.14.0/adventure-api-4.14.0.jar
[19:47:46] [BasicRepositoryConnector-maven-central.storage-download.googleapis.com-7-1/INFO]: [SpigotLibraryLoader] Downloading https://maven-central.storage-download.googleapis.com/maven2/net/kyori/adventure-text-serializer-gson/4.14.0/adventure-text-serializer-gson-4.14.0.jar
[19:47:46] [BasicRepositoryConnector-maven-central.storage-download.googleapis.com-7-2/INFO]: [SpigotLibraryLoader] Downloading https://maven-central.storage-download.googleapis.com/maven2/net/kyori/adventure-text-serializer-json/4.14.0/adventure-text-serializer-json-4.14.0.jar
[19:47:46] [BasicRepositoryConnector-maven-central.storage-download.googleapis.com-7-0/INFO]: [SpigotLibraryLoader] Downloading https://maven-central.storage-download.googleapis.com/maven2/net/kyori/adventure-key/4.14.0/adventure-key-4.14.0.jar
[19:47:46] [BasicRepositoryConnector-maven-central.storage-download.googleapis.com-7-3/INFO]: [SpigotLibraryLoader] Downloading https://maven-central.storage-download.googleapis.com/maven2/net/kyori/adventure-text-serializer-bungeecord/4.3.0/adventure-text-serializer-bungeecord-4.3.0.jar
[19:47:46] [BasicRepositoryConnector-maven-central.storage-download.googleapis.com-7-4/INFO]: [SpigotLibraryLoader] Downloading https://maven-central.storage-download.googleapis.com/maven2/net/kyori/adventure-text-serializer-legacy/4.13.0/adventure-text-serializer-legacy-4.13.0.jar
[19:47:46] [Server thread/INFO]: [SpigotLibraryLoader] [ModelEngine] Loaded library /workspaces/oktubio/servidor_minecraft/libraries/net/kyori/adventure-api/4.14.0/adventure-api-4.14.0.jar
[19:47:46] [Server thread/INFO]: [SpigotLibraryLoader] [ModelEngine] Loaded library /workspaces/oktubio/servidor_minecraft/libraries/net/kyori/adventure-key/4.14.0/adventure-key-4.14.0.jar
[19:47:46] [Server thread/INFO]: [SpigotLibraryLoader] [ModelEngine] Loaded library /workspaces/oktubio/servidor_minecraft/libraries/net/kyori/examination-api/1.3.0/examination-api-1.3.0.jar
[19:47:46] [Server thread/INFO]: [SpigotLibraryLoader] [ModelEngine] Loaded library /workspaces/oktubio/servidor_minecraft/libraries/net/kyori/examination-string/1.3.0/examination-string-1.3.0.jar
[19:47:46] [Server thread/INFO]: [SpigotLibraryLoader] [ModelEngine] Loaded library /workspaces/oktubio/servidor_minecraft/libraries/org/jetbrains/annotations/24.0.1/annotations-24.0.1.jar
[19:47:46] [Server thread/INFO]: [SpigotLibraryLoader] [ModelEngine] Loaded library /workspaces/oktubio/servidor_minecraft/libraries/net/kyori/adventure-text-serializer-gson/4.14.0/adventure-text-serializer-gson-4.14.0.jar
[19:47:46] [Server thread/INFO]: [SpigotLibraryLoader] [ModelEngine] Loaded library /workspaces/oktubio/servidor_minecraft/libraries/net/kyori/adventure-text-serializer-json/4.14.0/adventure-text-serializer-json-4.14.0.jar
[19:47:46] [Server thread/INFO]: [SpigotLibraryLoader] [ModelEngine] Loaded library /workspaces/oktubio/servidor_minecraft/libraries/com/google/code/gson/gson/2.8.0/gson-2.8.0.jar
[19:47:46] [Server thread/INFO]: [SpigotLibraryLoader] [ModelEngine] Loaded library /workspaces/oktubio/servidor_minecraft/libraries/net/kyori/adventure-text-serializer-bungeecord/4.3.0/adventure-text-serializer-bungeecord-4.3.0.jar
[19:47:46] [Server thread/INFO]: [SpigotLibraryLoader] [ModelEngine] Loaded library /workspaces/oktubio/servidor_minecraft/libraries/net/kyori/adventure-text-serializer-legacy/4.13.0/adventure-text-serializer-legacy-4.13.0.jar
[19:47:46] [Server thread/INFO]: [ViaVersion] Loading server plugin ViaVersion v5.9.0
[19:47:46] [Server thread/INFO]: [ViaVersion] ViaVersion 5.9.0 is now loaded. Registering protocol transformers and injecting...
[19:47:47] [Via-Mappingloader-1/INFO]: [ViaVersion] Loading block connection mappings ...
[19:47:47] [Via-Mappingloader-1/INFO]: [ViaVersion] Using FastUtil Long2ObjectOpenHashMap for block connections
[19:47:47] [Server thread/INFO]: [LuckPerms] Loading server plugin LuckPerms v5.5.42
[19:47:48] [Server thread/INFO]: [LuckPerms] Loading configuration...
[19:47:48] [Server thread/INFO]: [Vault] Loading server plugin Vault v1.7.3-b131
[19:47:48] [Server thread/INFO]: [Blue Slime Core] Loading server plugin BlueSlimeCore v2.9.7.482
[19:47:48] [Server thread/INFO]: [floodgate] Loading server plugin floodgate v2.2.5-SNAPSHOT (b140-8780fa4)
[19:47:48] [Server thread/WARN]: [floodgate] en_ is not a supported Floodgate language.
[19:47:48] [Server thread/INFO]: [floodgate] Took 450ms to boot Floodgate
[19:47:48] [Server thread/INFO]: [WorldEdit] Loading server plugin WorldEdit v7.4.2+7450-eb8e82c
[19:47:49] [Server thread/INFO]: Got request to register class com.sk89q.worldedit.bukkit.BukkitServerInterface with WorldEdit [com.sk89q.worldedit.extension.platform.PlatformManager@6365dae3]
[19:47:49] [Server thread/INFO]: [PlaceholderAPI] Loading server plugin PlaceholderAPI v2.12.2
[19:47:49] [Server thread/INFO]: [Geyser-Spigot] Loading server plugin Geyser-Spigot v2.11.2-SNAPSHOT
[19:47:49] [Server thread/INFO]: [Geyser-Spigot] Loading extensions...
[19:47:49] [Server thread/INFO]: [Geyser-Spigot] Loaded 0 extension(s)
[19:47:49] [Server thread/INFO]: [ProtocolLib] Loading server plugin ProtocolLib v5.5.0-SNAPSHOT-5a9afed
[19:47:50] [Server thread/INFO]: [WorldGuard] Loading server plugin WorldGuard v7.0.16+2355-f7fded2
[19:47:50] [Server thread/INFO]: [CoreLogging] Loading server plugin Multiverse-Core v5.6.0
[19:47:50] [Server thread/INFO]: [Essentials] Loading server plugin Essentials v2.22.0-dev+104-87bde72
[19:47:50] [Server thread/INFO]: [packetevents] Loading server plugin packetevents v2.12.1
[19:47:51] [Server thread/INFO]: [FancyHolograms] Loading server plugin FancyHolograms v2.9.1
[19:47:51] [Server thread/INFO]: [MythicMobs] Loading server plugin MythicMobs v5.11.2-6a371d59
[19:47:51] [FancyLogger/INFO]: [FancyHolograms] (Server thread) INFO: Successfully loaded FancyHolograms version 2.9.1
[19:47:51] [Server thread/INFO]: [LumineUtils] (io.lumine.mythic.bukkit.utils.) is bound to plugin MythicMobs - io.lumine.mythic.bukkit.MythicBukkit
[19:47:51] [Server thread/INFO]: [MythicMobs] §x§f§f§0§0§0§0M§x§f§f§6§6§0§0y§x§f§f§c§c§0§0t§x§c§b§f§f§0§0h§x§6§5§f§f§0§0i§x§0§0§f§f§0§0c§x§0§0§f§f§6§6 §x§0§0§f§f§c§bE§x§0§0§c§b§f§fn§x§0§0§6§5§f§fa§x§0§0§0§0§f§fb§x§6§6§0§0§f§fl§x§c§c§0§0§f§fe§x§f§f§0§0§c§cd§x§f§f§0§0§6§6!
[19:47:51] [Server thread/INFO]: [EssentialsSpawn] Loading server plugin EssentialsSpawn v2.22.0-dev+104-87bde72
[19:47:51] [Server thread/INFO]: [GriefPrevention] Loading server plugin GriefPrevention v16.18.7
[19:47:51] [Server thread/INFO]: [nightcore] Loading server plugin nightcore v2.15.2
[19:47:51] [Server thread/INFO]: [Citizens] Loading server plugin Citizens v2.0.42-SNAPSHOT (build 4145)
[19:47:51] [Server thread/INFO]: [AuraSkills] Loading server plugin AuraSkills v2.3.12
[19:47:51] [Server thread/INFO]: [ProtectionLib] Loading server plugin ProtectionLib v1.8.5
[19:47:51] [Server thread/INFO]: [ProtectionLib] ProtectionLib-Module: LocalLibary hooked!
[19:47:51] [Server thread/INFO]: [ProtectionLib] ProtectionLib-Module: PlotSquaredV3Module hooked!
[19:47:51] [Server thread/INFO]: [ProtectionLib] ProtectionLib-Module: PlotSquaredV4Module hooked!
[19:47:51] [Server thread/INFO]: [ProtectionLib] ProtectionLib-Module: PlotSquaredV6Module hooked!
[19:47:51] [Server thread/INFO]: [ProtectionLib] ProtectionLib-Module: PlotSquaredV7Module hooked!
[19:47:51] [Server thread/INFO]: [ProtectionLib] fWorldGuardv7 try to hook into WorldGuard
[19:47:51] [Server thread/INFO]: [ProtectionLib] Register Customflag furniture-build by WorldGuard
[19:47:51] [Server thread/INFO]: [ProtectionLib] fWorldGuardv7 hook into: WorldGuard 7.0.16+2355-f7fded2 ✓
[19:47:51] [Server thread/INFO]: [ProtectionLib] fGriefPrevention try to hook into GriefPrevention
[19:47:51] [Server thread/INFO]: [ProtectionLib] fGriefPrevention hook into: GriefPrevention 16.18.7 ✓
[19:47:51] [Server thread/INFO]: [ExcellentEconomy] Loading server plugin ExcellentEconomy v2.8.0
[19:47:51] [Server thread/INFO]: [CombatLogX] Loading server plugin CombatLogX v11.6.0.0.1286
[19:47:51] [Server thread/INFO]: [CombatLogX] Configuration version is recent, no major changes necessary.
[19:47:51] [Server thread/INFO]: [CombatLogX] Loading expansions...
[19:47:51] [Server thread/INFO]: [CombatLogX] Loading expansion 'Cheat Prevention v17.8'...
[19:47:51] [Server thread/INFO]: [CombatLogX]  
[19:47:51] [Server thread/INFO]: [CombatLogX] Loading expansion 'EssentialsX Compatibility v17.3'...
[19:47:51] [Server thread/INFO]: [CombatLogX]  
[19:47:51] [Server thread/INFO]: [CombatLogX] Loading expansion 'WorldGuard Compatibility v17.4'...
[19:47:51] [Server thread/INFO]: [CombatLogX] [WorldGuard Compatibility] Successfully found a dependency: WorldGuard v7.0.16+2355-f7fded2
[19:47:51] [Server thread/INFO]: [CombatLogX]  
[19:47:51] [Server thread/INFO]: [CombatLogX] Loading expansion 'Action Bar v17.3'...
[19:47:51] [Server thread/INFO]: [CombatLogX]  
[19:47:51] [Server thread/INFO]: [CombatLogX] Successfully loaded 4 expansions.
[19:47:51] [Server thread/INFO]: [ExcellentEnchants] Loading server plugin ExcellentEnchants v5.3.0
[19:47:51] [Server thread/INFO]: [EvenMoreFish] Loading server plugin EvenMoreFish v2.2.1
[19:47:51] [Server thread/INFO]: [NBTAPI] [NBTAPI] Found Minecraft: 1.21.11! Trying to find NMS support
[19:47:51] [Server thread/INFO]: [NBTAPI] [NBTAPI] NMS support 'MC1_21_R7' loaded!
[19:47:51] [Server thread/INFO]: [NBTAPI] [NBTAPI] Using the plugin 'EvenMoreFish' to create a bStats instance!
[19:47:51] [Server thread/INFO]: [ExcellentCrates] Loading server plugin ExcellentCrates v6.6.1
[19:47:51] [Server thread/INFO]: [TAB] Loading server plugin TAB v6.0.0
[19:47:51] [Server thread/INFO]: [PlayerAuctions] Loading server plugin PlayerAuctions v1.33.0
[19:47:51] [Server thread/INFO]: [PlayerAuctions] Please wait while PlayerAuctions downloads and relocates its libraries for the first time.
[19:47:51] [Server thread/INFO]: [PlayerAuctions] This may take a while, but it will only happen once.
[19:47:51] [Server thread/INFO]: [PlayerAuctions] Downloading Adventure MiniMessage...
[19:47:51] [Server thread/INFO]: [PlayerAuctions] [>         ] 0%
[19:47:51] [Server thread/INFO]: [PlayerAuctions] [=>        ] 10%
[19:47:51] [Server thread/INFO]: [PlayerAuctions] [==>       ] 20%
[19:47:51] [Server thread/INFO]: [PlayerAuctions] [===>      ] 30%
[19:47:51] [Server thread/INFO]: [PlayerAuctions] [====>     ] 40%
[19:47:51] [Server thread/INFO]: [PlayerAuctions] [=====>    ] 50%
[19:47:51] [Server thread/INFO]: [PlayerAuctions] [======>   ] 60%
[19:47:51] [Server thread/INFO]: [PlayerAuctions] [=======>  ] 70%
[19:47:51] [Server thread/INFO]: [PlayerAuctions] [========> ] 80%
[19:47:51] [Server thread/INFO]: [PlayerAuctions] [=========>] 90%
[19:47:51] [Server thread/INFO]: [PlayerAuctions] [==========] 100%
[19:47:52] [Server thread/INFO]: [PlayerAuctions] Relocating Adventure MiniMessage...
[19:47:53] [Server thread/INFO]: [PlayerAuctions] Downloading Adventure Bukkit...
[19:47:53] [Server thread/INFO]: [PlayerAuctions] [>         ] 0%
[19:47:53] [Server thread/INFO]: [PlayerAuctions] [=>        ] 10%
[19:47:53] [Server thread/INFO]: [PlayerAuctions] [==>       ] 20%
[19:47:53] [Server thread/INFO]: [PlayerAuctions] [===>      ] 30%
[19:47:53] [Server thread/INFO]: [PlayerAuctions] [====>     ] 40%
[19:47:53] [Server thread/INFO]: [PlayerAuctions] [=====>    ] 50%
[19:47:53] [Server thread/INFO]: [PlayerAuctions] [======>   ] 60%
[19:47:53] [Server thread/INFO]: [PlayerAuctions] [=======>  ] 70%
[19:47:53] [Server thread/INFO]: [PlayerAuctions] [========> ] 80%
[19:47:53] [Server thread/INFO]: [PlayerAuctions] [=========>] 90%
[19:47:53] [Server thread/INFO]: [PlayerAuctions] [==========] 100%
[19:47:53] [Server thread/INFO]: [PlayerAuctions] Relocating Adventure Bukkit...
[19:47:55] [Server thread/INFO]: [PlayerAuctions] Downloading JBCrypt...
[19:47:55] [Server thread/INFO]: [PlayerAuctions] [====>     ] 40%
[19:47:55] [Server thread/INFO]: [PlayerAuctions] [=========>] 90%
[19:47:55] [Server thread/INFO]: [PlayerAuctions] [==========] 100%
[19:47:55] [Server thread/INFO]: [PlayerAuctions] Downloading Javalin...
[19:47:55] [Server thread/INFO]: [PlayerAuctions] [>         ] 0%
[19:47:55] [Server thread/INFO]: [PlayerAuctions] [=>        ] 10%
[19:47:55] [Server thread/INFO]: [PlayerAuctions] [==>       ] 20%
[19:47:56] [Server thread/INFO]: [PlayerAuctions] [===>      ] 30%
[19:47:56] [Server thread/INFO]: [PlayerAuctions] [====>     ] 40%
[19:47:56] [Server thread/INFO]: [PlayerAuctions] [=====>    ] 50%
[19:47:56] [Server thread/INFO]: [PlayerAuctions] [======>   ] 60%
[19:47:56] [Server thread/INFO]: [PlayerAuctions] [=======>  ] 70%
[19:47:56] [Server thread/INFO]: [PlayerAuctions] [========> ] 80%
[19:47:56] [Server thread/INFO]: [PlayerAuctions] [=========>] 90%
[19:47:56] [Server thread/INFO]: [PlayerAuctions] [==========] 100%
[19:47:56] [Server thread/INFO]: [PlayerAuctions] Downloading OlzieDatabase...
[19:47:56] [Server thread/INFO]: [PlayerAuctions] [>         ] 0%
[19:47:56] [Server thread/INFO]: [PlayerAuctions] [=>        ] 10%
[19:47:56] [Server thread/INFO]: [PlayerAuctions] [==>       ] 20%
[19:47:56] [Server thread/INFO]: [PlayerAuctions] [===>      ] 30%
[19:47:56] [Server thread/INFO]: [PlayerAuctions] [====>     ] 40%
[19:47:56] [Server thread/INFO]: [PlayerAuctions] [=====>    ] 50%
[19:47:56] [Server thread/INFO]: [PlayerAuctions] [======>   ] 60%
[19:47:56] [Server thread/INFO]: [PlayerAuctions] [=======>  ] 70%
[19:47:56] [Server thread/INFO]: [PlayerAuctions] [========> ] 80%
[19:47:56] [Server thread/INFO]: [PlayerAuctions] [=========>] 90%
[19:47:56] [Server thread/INFO]: [PlayerAuctions] [==========] 100%
[19:47:56] [Server thread/INFO]: [PlayerAuctions] Relocating OlzieDatabase...
[19:48:01] [Server thread/INFO]: [PlayerAuctions] PlayerAuctions has successfully downloaded and relocated all libraries!
[19:48:01] [Server thread/INFO]: [CMILib] Loading server plugin CMILib v1.5.9.0
[19:48:01] [Server thread/INFO]: [FurnitureLib] Loading server plugin FurnitureLib v3.2.9.2
[19:48:01] [Server thread/INFO]: [WorldGuardEvents] Loading server plugin WorldGuardEvents v1.18.1
[19:48:01] [Server thread/INFO]: [PlayerWarps] Loading server plugin PlayerWarps v4.2.1
[19:48:01] [Server thread/INFO]: [AxTrade] Loading server plugin AxTrade v1.24.0
[19:48:01] [Server thread/INFO]: [PlayerProfiles] Loading server plugin PlayerProfiles v8.0.3
[19:48:01] [Server thread/INFO]: [ForcePack] Loading server plugin ForcePack v1.3.75-SNAPSHOT
[19:48:01] [Server thread/INFO]: [RaidSkins] Loading server plugin RaidSkins v1.0.0
[19:48:01] [Server thread/INFO]: [ChatColor2] Loading server plugin ChatColor2 v1.16.1
[19:48:01] [Server thread/INFO]: [AxAFKZone] Loading server plugin AxAFKZone v1.10.1
[19:48:01] [Server thread/INFO]: [CrazyVouchers] Loading server plugin CrazyVouchers v5.1.6
[19:48:01] [Server thread/INFO]: [InteractiveChat] Loading server plugin InteractiveChat v4.3.5.0
[19:48:01] [Server thread/INFO]: [WorldGuardExtraFlags] Loading server plugin WorldGuardExtraFlags v4.2.3
[19:48:01] [Server thread/INFO]: [BetterRTP] Loading server plugin BetterRTP v3.6.13
[19:48:01] [Server thread/INFO]: [ItemJoin] Loading server plugin ItemJoin v6.1.7-RELEASE-b1135
[19:48:01] [Server thread/INFO]: [Bloons] Loading server plugin Bloons v1.1.6
[19:48:01] [Server thread/INFO]: [DeathMessages] Loading server plugin DeathMessages v1.4.21-SNAPSHOT
[19:48:02] [Server thread/INFO]: [O'DailyQuests] Loading server plugin ODailyQuests v3.0.2
[19:48:02] [Server thread/INFO]: [FancyGlow] Loading server plugin FancyGlow v2.10.3
[19:48:02] [Server thread/INFO]: [NotBounties] Loading server plugin NotBounties v1.22.33
[19:48:02] [Server thread/INFO]: [ChatGames] Loading server plugin ChatGames v1.2.1
[19:48:02] [Server thread/INFO]: [Infiniteannouncements] Loading server plugin Infiniteannouncements v2.5.2
[19:48:02] [Server thread/INFO]: [EconomyBridge] Loading server plugin EconomyBridge v1.2.0
[19:48:02] [Server thread/INFO]: [UltraCosmetics] Loading server plugin UltraCosmetics v3.15.0.1-RELEASE
[19:48:02] [Server thread/INFO]: [BestTools] Loading server plugin BestTools v2.3.0
[19:48:02] [Server thread/INFO]: [ajLeaderboards] Loading server plugin ajLeaderboards v2.10.1
[19:48:02] [Server thread/INFO]: [ajLeaderboards] Verifying checksum for gson
[19:48:02] [Server thread/INFO]: [ajLeaderboards] Checksum matched for gson
[19:48:02] [Server thread/INFO]: [ajLeaderboards] Verifying checksum for jar-relocator
[19:48:02] [Server thread/INFO]: [ajLeaderboards] Checksum matched for jar-relocator
[19:48:02] [Server thread/INFO]: [ajLeaderboards] Verifying checksum for asm
[19:48:02] [Server thread/INFO]: [ajLeaderboards] Checksum matched for asm
[19:48:02] [Server thread/INFO]: [ajLeaderboards] Verifying checksum for asm-commons
[19:48:02] [Server thread/INFO]: [ajLeaderboards] Checksum matched for asm-commons
[19:48:02] [Server thread/INFO]: [ajLeaderboards] Verifying checksum for gson
[19:48:02] [Server thread/INFO]: [ajLeaderboards] Checksum matched for gson
[19:48:02] [Server thread/INFO]: [ajLeaderboards] Verifying checksum for HikariCP
[19:48:02] [Server thread/INFO]: [ajLeaderboards] Checksum matched for HikariCP
[19:48:02] [Server thread/INFO]: [ajLeaderboards] Verifying checksum for slf4j-api
[19:48:02] [Server thread/INFO]: [ajLeaderboards] Checksum matched for slf4j-api
[19:48:02] [Server thread/INFO]: [ajLeaderboards] Verifying checksum for h2
[19:48:02] [Server thread/INFO]: [ajLeaderboards] Checksum matched for h2
[19:48:02] [Server thread/INFO]: [ajLeaderboards] Verifying checksum for okhttp
[19:48:02] [Server thread/INFO]: [ajLeaderboards] Checksum matched for okhttp
[19:48:02] [Server thread/INFO]: [ajLeaderboards] Verifying checksum for okio
[19:48:02] [Server thread/INFO]: [ajLeaderboards] Checksum matched for okio
[19:48:02] [Server thread/INFO]: [ajLeaderboards] Verifying checksum for okio-jvm
[19:48:02] [Server thread/INFO]: [ajLeaderboards] Checksum matched for okio-jvm
[19:48:02] [Server thread/INFO]: [ajLeaderboards] Verifying checksum for kotlin-stdlib-jdk8
[19:48:02] [Server thread/INFO]: [ajLeaderboards] Checksum matched for kotlin-stdlib-jdk8
[19:48:02] [Server thread/INFO]: [ajLeaderboards] Verifying checksum for kotlin-stdlib
[19:48:02] [Server thread/INFO]: [ajLeaderboards] Checksum matched for kotlin-stdlib
[19:48:03] [Server thread/INFO]: [ajLeaderboards] Verifying checksum for kotlin-stdlib-common
[19:48:03] [Server thread/INFO]: [ajLeaderboards] Checksum matched for kotlin-stdlib-common
[19:48:03] [Server thread/INFO]: [ajLeaderboards] Verifying checksum for annotations
[19:48:03] [Server thread/INFO]: [ajLeaderboards] Checksum matched for annotations
[19:48:03] [Server thread/INFO]: [ajLeaderboards] Verifying checksum for kotlin-stdlib-jdk7
[19:48:03] [Server thread/INFO]: [ajLeaderboards] Checksum matched for kotlin-stdlib-jdk7
[19:48:03] [Server thread/INFO]: [ChatEmojis] Loading server plugin ChatEmojis v2.4.2
[19:48:03] [Server thread/INFO]: [UltimateShop] Loading server plugin UltimateShop v4.3.6
[19:48:03] [Server thread/INFO]: [MVPLogging] Loading server plugin Multiverse-NetherPortals v5.0.4
[19:48:03] [Server thread/INFO]: [BackpackPlus] Loading server plugin BackpackPlus v3.2.0-dev-00005
[19:48:03] [Server thread/INFO]: [DeluxeMenus] Loading server plugin DeluxeMenus v1.14.1-Release
[19:48:03] [Server thread/WARN]: [DeluxeMenus] Could not setup a NMS hook for your server version! The following Item options will not work: nbt_int, nbt_ints, nbt_string and nbt_strings.
[19:48:03] [Server thread/INFO]: [VoidSpawn] Loading server plugin VoidSpawn v1.22.0
[19:48:03] [Server thread/INFO]: [ModelEngine] Loading server plugin ModelEngine vR4.0.9
[19:48:03] [Server thread/INFO]: [RocketPlaceholders] Loading server plugin RocketPlaceholders v2.4
[19:48:03] [Server thread/INFO]: [RocketPlaceholders] Loading libraries, please wait..
[19:48:05] [Server thread/INFO]: [RocketPlaceholders] Loaded all libraries in 2022ms.
[19:48:05] [Server thread/INFO]: [Quests] Loading server plugin Quests v5.2.9-b560
[19:48:05] [Server thread/INFO]: [Jobs] Loading server plugin Jobs v5.2.6.5
[19:48:05] [Server thread/INFO]: [MOTD] Loading server plugin MOTD v1 b3
[19:48:05] [Server thread/INFO]: [DiceFurniture] Loading server plugin DiceFurniture v3.9.4
[19:48:05] [Server thread/INFO]: [ConditionalEvents] Loading server plugin ConditionalEvents v4.76.1
[19:48:05] [Server thread/INFO]: [LPC] Loading server plugin LPC v3.7.1
[19:48:05] [Server thread/INFO]: Server permissions file permissions.yml is empty, ignoring it
[19:48:05] [Server thread/INFO]: [LuckPerms] Enabling LuckPerms v5.5.42
[19:48:06] [Server thread/INFO]:         __    
[19:48:06] [Server thread/INFO]:   |    |__)   LuckPerms v5.5.42
[19:48:06] [Server thread/INFO]:   |___ |      Running on Bukkit - Paper
[19:48:06] [Server thread/INFO]: 
[19:48:06] [Server thread/INFO]: [LuckPerms] Loading storage provider... [H2]
[19:48:07] [Server thread/INFO]: [LuckPerms] Loading internal permission managers...
[19:48:07] [Server thread/INFO]: [LuckPerms] Performing initial data load...
[19:48:07] [Server thread/INFO]: [LuckPerms] Successfully enabled. (took 1727ms)
[19:48:07] [Server thread/INFO]: [Vault] Enabling Vault v1.7.3-b131
[19:48:07] [Server thread/INFO]: [Vault] [Economy] Essentials Economy found: Waiting
[19:48:07] [Server thread/INFO]: [Vault] [Permission] SuperPermissions loaded as backup permission system.
[19:48:07] [Server thread/INFO]: [Vault] Enabled Version 1.7.3-b131
[19:48:07] [Server thread/INFO]: [LuckPerms] Registered Vault permission & chat hook.
[19:48:07] [Server thread/INFO]: [Blue Slime Core] Enabling BlueSlimeCore v2.9.7.482
[19:48:07] [Server thread/INFO]: [Blue Slime Core] Successfully loaded 3 language(s).
[19:48:07] [Server thread/INFO]: [Blue Slime Core] Detected server as regular SpigotMC/PaperMC (not Folia)
[19:48:07] [Server thread/INFO]: [WorldEdit] Enabling WorldEdit v7.4.2+7450-eb8e82c
[19:48:07] [Server thread/INFO]: Registering commands with com.sk89q.worldedit.bukkit.BukkitServerInterface
[19:48:08] [Server thread/INFO]: WEPIF: Updated config file
[19:48:08] [Server thread/INFO]: WEPIF: Vault detected! Using Vault for permissions
[19:48:08] [Server thread/INFO]: Using com.sk89q.worldedit.bukkit.adapter.impl.v1_21_11.PaperweightAdapter as the Bukkit adapter
[19:48:08] [Server thread/INFO]: [ProtocolLib] Enabling ProtocolLib v5.5.0-SNAPSHOT-5a9afed
[19:48:08] [Server thread/INFO]: [nightcore] Enabling nightcore v2.15.2
[19:48:08] [Server thread/INFO]: [nightcore] Server version detected as 1.21.11. Using paper-bridge.
[19:48:08] [Server thread/INFO]: [nightcore] Vault detected! Loading currency...
[19:48:08] [Server thread/INFO]: [nightcore] Currency registered: 'vault'.
[19:48:08] [Server thread/INFO]: [nightcore] Currency registered: 'xp_level'.
[19:48:08] [Server thread/ERROR]: [nightcore] Item currency 'gold' not loaded: Invalid ItemStack tag: '{}'.
[19:48:08] [Server thread/ERROR]: [nightcore] Item currency 'diamond' not loaded: Invalid ItemStack tag: '{}'.
[19:48:08] [Server thread/ERROR]: [nightcore] Item currency 'emerald' not loaded: Invalid ItemStack tag: '{}'.
[19:48:08] [Server thread/INFO]: Environment: Environment[sessionHost=https://sessionserver.mojang.com, servicesHost=https://api.minecraftservices.com, profilesHost=https://api.mojang.com, name=PROD]
[19:48:08] [Server thread/INFO]: [nightcore] Time zone set as Etc/UTC
[19:48:08] [Server thread/INFO]: [nightcore] Loaded 2 color schemes.
[19:48:08] [Server thread/INFO]: [nightcore] Using 'custom' color scheme.
[19:48:08] [Server thread/INFO]: [nightcore] Registered permissions provider: LuckPerms
[19:48:08] [Server thread/INFO]: [nightcore] Registered item provider: 'vanilla'.
[19:48:08] [Server thread/INFO]: [nightcore] Registered item provider: 'excellentcrates'.
[19:48:08] [Server thread/INFO]: [nightcore] Registered item provider: 'excellentcrates_crate'.
[19:48:08] [Server thread/INFO]: [nightcore] Registered item provider: 'excellentcrates_key'.
[19:48:08] [Server thread/INFO]: [nightcore] Plugin loaded in 231 ms!
[19:48:08] [Server thread/INFO]: [ExcellentEconomy] Enabling ExcellentEconomy v2.8.0
[19:48:08] [Server thread/INFO]: [ExcellentEconomy] Powered by nightcore
[19:48:08] [Server thread/INFO]: [com.zaxxer.hikari.HikariDataSource] ExcellentEconomyPool - Starting...
[19:48:09] [Server thread/INFO]: [com.zaxxer.hikari.pool.HikariPool] ExcellentEconomyPool - Added connection org.sqlite.jdbc4.JDBC4Connection@37f9d530
[19:48:09] [Server thread/INFO]: [com.zaxxer.hikari.HikariDataSource] ExcellentEconomyPool - Start completed.
[19:48:10] [Server thread/INFO]: [ExcellentEconomy] Currency registered: 'coins'.
[19:48:10] [Server thread/INFO]: [ExcellentEconomy] Currency registered: 'souls'.
[19:48:10] [Server thread/INFO]: [PlaceholderAPI] Successfully registered internal expansion: excellenteconomy [2.8.0]
[19:48:10] [Server thread/INFO]: [ExcellentEconomy] Successfully registered placeholders for PlaceholderAPI.
[19:48:10] [Server thread/INFO]: [ExcellentEconomy] Plugin loaded in 2004 ms!
[19:48:10] [Server thread/INFO]: [nightcore] ExcellentEconomy detected! Loading currency...
[19:48:10] [Server thread/INFO]: [nightcore] Currency registered: 'coinsengine_souls'.
[19:48:10] [Server thread/INFO]: [nightcore] Currency registered: 'coinsengine_coins'.
[19:48:10] [Server thread/INFO]: [nightcore] Currency registered: 'excellenteconomy_souls'.
[19:48:10] [Server thread/INFO]: [nightcore] Currency registered: 'excellenteconomy_coins'.
[19:48:10] [Server thread/INFO]: [ItemJoin] Enabling ItemJoin v6.1.7-RELEASE-b1135
[19:48:10] [Server thread/INFO]: [EconomyBridge] Enabling EconomyBridge v1.2.0
[19:48:10] [Server thread/INFO]: [EconomyBridge] Powered by nightcore
[19:48:10] [Server thread/INFO]: [EconomyBridge] Registered 'dummy' item handler.
[19:48:10] [Server thread/INFO]: [EconomyBridge] Registered 'excellentcrates' item handler.
[19:48:10] [Server thread/INFO]: [EconomyBridge] Vault detected! Loading currency...
[19:48:10] [Server thread/INFO]: [EconomyBridge] Currency registered: 'vault'.
[19:48:10] [Server thread/INFO]: [EconomyBridge] Currency registered: 'xp_points'.
[19:48:10] [Server thread/INFO]: [EconomyBridge] Currency registered: 'xp_level'.
[19:48:11] [Server thread/INFO]: [EconomyBridge] Currency registered: 'gold'.
[19:48:11] [Server thread/INFO]: [EconomyBridge] Currency registered: 'diamond'.
[19:48:11] [Server thread/INFO]: [EconomyBridge] Currency registered: 'emerald'.
[19:48:11] [Server thread/INFO]: [EconomyBridge] Plugin loaded in 473 ms!
[19:48:11] [Server thread/INFO]: [ModelEngine] Enabling ModelEngine vR4.0.9
[19:48:11] [Server thread/INFO]: [ModelEngine] [S] Loading cache version: R4.0.8
[19:48:11] [Server thread/WARN]: [ModelEngine] [S] Unable to activate MineSkin skin generation: Empty API Key
[19:48:11] [Server thread/INFO]: [ModelEngine] [S] Loading default skin: Steve
[19:48:11] [Server thread/INFO]: [ModelEngine] [S] Registered default skin: Steve
[19:48:11] [Server thread/INFO]: [ModelEngine] [S] Loading default skin: Alex
[19:48:11] [ForkJoinPool.commonPool-worker-1/INFO]: [ModelEngine] [A] Registered default skin: Alex
[19:48:11] [Server thread/WARN]: **** SERVER IS RUNNING IN OFFLINE/INSECURE MODE!
[19:48:11] [Server thread/WARN]: The server will make no attempt to authenticate usernames. Beware.
[19:48:11] [Server thread/WARN]: While this makes the game possible to play without internet access, it also opens up the ability for hackers to connect with any username they choose.
[19:48:11] [Server thread/WARN]: To change this, set "online-mode" to "true" in the server.properties file.
[19:48:11] [Server thread/INFO]: Preparing level "lobby"
[19:48:11] [Server thread/INFO]: [ca.spottedleaf.moonrise.common.util.MoonriseConstants] NUMA enable flag is not set; however there is NUMA interaction support for this OS.
[19:48:11] [Server thread/INFO]: [ca.spottedleaf.moonrise.common.util.MoonriseConstants] Detected 1 NUMA nodes.
[19:48:11] [Server thread/INFO]: Loading 0 persistent chunks for world 'minecraft:overworld'...
[19:48:11] [Server thread/INFO]: Prepared spawn area in 1 ms
[19:48:11] [Server thread/INFO]: Done preparing level "lobby" (0.321s)
[19:48:11] [Server thread/INFO]: [ViaVersion] Enabling ViaVersion v5.9.0
[19:48:11] [Server thread/INFO]: [ViaVersion] ViaVersion detected server version: 1.21.11 (774)
[19:48:11] [Server thread/INFO]: [ModelEngine] [S] Compatibility applied: ViaVersion
[19:48:11] [Server thread/INFO]: [floodgate] Enabling floodgate v2.2.5-SNAPSHOT (b140-8780fa4)
[19:48:12] [Server thread/INFO]: [PlaceholderAPI] Enabling PlaceholderAPI v2.12.2
[19:48:12] [Server thread/INFO]: [PlaceholderAPI] Fetching available expansion information...
[19:48:12] [Server thread/INFO]: [Geyser-Spigot] Enabling Geyser-Spigot v2.11.2-SNAPSHOT
[19:48:13] [Server thread/INFO]: [WorldGuard] Enabling WorldGuard v7.0.16+2355-f7fded2
[19:48:13] [Server thread/INFO]: [WorldGuard] (lobby) TNT ignition is PERMITTED.
[19:48:13] [Server thread/INFO]: [WorldGuard] (lobby) Lighters are PERMITTED.
[19:48:13] [Server thread/INFO]: [WorldGuard] (lobby) Lava fire is PERMITTED.
[19:48:13] [Server thread/INFO]: [WorldGuard] (lobby) Fire spread is UNRESTRICTED.
[19:48:13] [Server thread/INFO]: [WorldGuard] Loaded configuration for world 'lobby'
[19:48:13] [Server thread/INFO]: [WorldGuard] Loading region data...
[19:48:13] [Server thread/INFO]: [Multiverse-Core] Enabling Multiverse-Core v5.6.0
[19:48:14] [Server thread/INFO]: Loading 0 persistent chunks for world 'minecraft:world'...
[19:48:14] [Server thread/INFO]: Preparing spawn area: 100%
[19:48:14] [Server thread/INFO]: Prepared spawn area in 1 ms
[19:48:14] [Server thread/INFO]: [WorldGuard] (world) TNT ignition is PERMITTED.
[19:48:14] [Server thread/INFO]: [WorldGuard] (world) Lighters are PERMITTED.
[19:48:14] [Server thread/INFO]: [WorldGuard] (world) Lava fire is PERMITTED.
[19:48:14] [Server thread/INFO]: [WorldGuard] (world) Fire spread is UNRESTRICTED.
[19:48:14] [Server thread/INFO]: [WorldGuard] Loaded configuration for world 'world'
[19:48:14] [Server thread/INFO]: Loading 0 persistent chunks for world 'minecraft:world_the_end'...
[19:48:14] [Server thread/INFO]: Prepared spawn area in 0 ms
[19:48:14] [Server thread/INFO]: [WorldGuard] (world_the_end) TNT ignition is PERMITTED.
[19:48:14] [Server thread/INFO]: [WorldGuard] (world_the_end) Lighters are PERMITTED.
[19:48:14] [Server thread/INFO]: [WorldGuard] (world_the_end) Lava fire is PERMITTED.
[19:48:14] [Server thread/INFO]: [WorldGuard] (world_the_end) Fire spread is UNRESTRICTED.
[19:48:14] [Server thread/INFO]: [WorldGuard] Loaded configuration for world 'world_the_end'
[19:48:14] [Server thread/INFO]: Loading 0 persistent chunks for world 'minecraft:world_nether'...
[19:48:14] [Server thread/INFO]: Preparing spawn area: 100%
[19:48:14] [Server thread/INFO]: Prepared spawn area in 2 ms
[19:48:14] [Server thread/INFO]: [WorldGuard] (world_nether) TNT ignition is PERMITTED.
[19:48:14] [Server thread/INFO]: [WorldGuard] (world_nether) Lighters are PERMITTED.
[19:48:14] [Server thread/INFO]: [WorldGuard] (world_nether) Lava fire is PERMITTED.
[19:48:14] [Server thread/INFO]: [WorldGuard] (world_nether) Fire spread is UNRESTRICTED.
[19:48:14] [Server thread/INFO]: [WorldGuard] Loaded configuration for world 'world_nether'
[19:48:14] [Server thread/INFO]: Loading 0 persistent chunks for world 'minecraft:dungeon2'...
[19:48:14] [Server thread/INFO]: Preparing spawn area: 100%
[19:48:14] [Server thread/INFO]: Prepared spawn area in 1 ms
[19:48:14] [Server thread/INFO]: [WorldGuard] (dungeon2) TNT ignition is PERMITTED.
[19:48:14] [Server thread/INFO]: [WorldGuard] (dungeon2) Lighters are PERMITTED.
[19:48:14] [Server thread/INFO]: [WorldGuard] (dungeon2) Lava fire is PERMITTED.
[19:48:14] [Server thread/INFO]: [WorldGuard] (dungeon2) Fire spread is UNRESTRICTED.
[19:48:14] [Server thread/INFO]: [WorldGuard] Loaded configuration for world 'dungeon2'
[19:48:14] [Server thread/INFO]: Loading 0 persistent chunks for world 'minecraft:dungeon1'...
[19:48:14] [Server thread/INFO]: Preparing spawn area: 100%
[19:48:14] [Server thread/INFO]: Prepared spawn area in 1 ms
[19:48:14] [Server thread/INFO]: [WorldGuard] (dungeon1) TNT ignition is PERMITTED.
[19:48:14] [Server thread/INFO]: [WorldGuard] (dungeon1) Lighters are PERMITTED.
[19:48:14] [Server thread/INFO]: [WorldGuard] (dungeon1) Lava fire is PERMITTED.
[19:48:14] [Server thread/INFO]: [WorldGuard] (dungeon1) Fire spread is UNRESTRICTED.
[19:48:14] [Server thread/INFO]: [WorldGuard] Loaded configuration for world 'dungeon1'
[19:48:14] [Server thread/INFO]: [PlaceholderAPI] Successfully registered internal expansion: multiverse-core [5.6.0]
[19:48:14] [Server thread/INFO]: [Multiverse-Core] API service loaded!
[19:48:14] [Server thread/INFO]: [Multiverse-Core] Version 5.6.0 (API v5.6) Enabled - By dumptruckman, Rigby, fernferret, lithium3141, main--, benwoo1110 and Zax71
[19:48:14] [Server thread/INFO]: [Multiverse-Core] Loving Multiverse-Core? Please consider supporting the project with a small donation: https://github.com/sponsors/Multiverse
[19:48:14] [Server thread/INFO]: [Essentials] Enabling Essentials v2.22.0-dev+104-87bde72
[19:48:15] [Server thread/INFO]: [Essentials] Attempting to convert old kits in config.yml to new kits.yml
[19:48:15] [Server thread/INFO]: [Essentials] No kits found to migrate.
[19:48:15] [Server thread/INFO]: [Essentials] Selected 1.12+ Spawner Block Provider as the provider for SpawnerBlockProvider
[19:48:15] [Server thread/INFO]: [Essentials] Selected 1.20.6+ Potion Meta Provider as the provider for PotionMetaProvider
[19:48:15] [Server thread/INFO]: [Essentials] Selected 1.8.3+ Spawner Item Provider as the provider for SpawnerItemProvider
[19:48:15] [Server thread/INFO]: [Essentials] Selected 1.21+ InventoryView Interface ABI Provider as the provider for InventoryViewProvider
[19:48:15] [Server thread/INFO]: [Essentials] Selected 1.13+ Spawn Egg Provider as the provider for SpawnEggProvider
[19:48:15] [Server thread/INFO]: [Essentials] Selected Paper Server State Provider as the provider for ServerStateProvider
[19:48:15] [Server thread/INFO]: [Essentials] Selected Reflection Online Mode Provider as the provider for OnlineModeProvider
[19:48:15] [Server thread/INFO]: [Essentials] Selected 1.14.4+ Persistent Data Container Provider as the provider for PersistentDataProvider
[19:48:15] [Server thread/INFO]: [Essentials] Selected Paper Container Provider as the provider for ContainerProvider
[19:48:15] [Server thread/INFO]: [Essentials] Selected Paper Known Commands Provider as the provider for KnownCommandsProvider
[19:48:15] [Server thread/INFO]: [Essentials] Selected 1.14+ Sign Data Provider as the provider for SignDataProvider
[19:48:15] [Server thread/INFO]: [Essentials] Selected 1.11+ Item Unbreakable Provider as the provider for ItemUnbreakableProvider
[19:48:15] [Server thread/INFO]: [Essentials] Selected Paper Serialization Provider as the provider for SerializationProvider
[19:48:15] [Server thread/INFO]: [Essentials] Selected Paper 1.13+ Tile Entity Provider as the provider for TileEntityProvider
[19:48:15] [Server thread/INFO]: [Essentials] Selected 1.20.5+ Banner Data Provider as the provider for BannerDataProvider
[19:48:15] [Server thread/INFO]: [Essentials] Selected 1.12.2+ Player Locale Provider as the provider for PlayerLocaleProvider
[19:48:15] [Server thread/INFO]: [Essentials] Selected Reflection Formatted Command Alias Provider as the provider for FormattedCommandAliasProvider
[19:48:15] [Server thread/INFO]: [Essentials] Selected Paper Material Tag Provider as the provider for MaterialTagProvider
[19:48:15] [Server thread/INFO]: [Essentials] Selected Paper Biome Key Provider as the provider for BiomeKeyProvider
[19:48:15] [Server thread/INFO]: [Essentials] Selected 1.17.1+ World Info Provider as the provider for WorldInfoProvider
[19:48:15] [Server thread/INFO]: [Essentials] Selected 1.20.4+ Damage Event Provider as the provider for DamageEventProvider
[19:48:15] [Server thread/INFO]: [Essentials] Selected Legacy Biome Name Provider as the provider for BiomeNameProvider
[19:48:15] [Server thread/INFO]: [Essentials] Selected 1.21.4+ Sync Commands Provider as the provider for SyncCommandsProvider
[19:48:15] [Server thread/INFO]: [Essentials] Selected Paper Tick Count Provider as the provider for TickCountProvider
[19:48:15] [Server thread/INFO]: [Essentials] Loaded 46312 items from items.json.
[19:48:15] [Server thread/INFO]: [Essentials] Using locale en
[19:48:15] [Server thread/INFO]: [Essentials] ServerListPingEvent: Spigot iterator API
[19:48:15] [Server thread/INFO]: [Essentials] Starting Metrics. Opt-out using the global bStats config.
[19:48:15] [Server thread/INFO]: [Vault] [Economy] Essentials Economy hooked.
[19:48:15] [Server thread/INFO]: [Essentials] Using Vault based permissions (LuckPerms)
[19:48:15] [Server thread/INFO]: [packetevents] Enabling packetevents v2.12.1
[19:48:15] [packetevents-update-check-thread/INFO]: [packetevents] Checking for updates, please wait...
[19:48:15] [Server thread/INFO]: [FancyHolograms] Enabling FancyHolograms v2.9.1
[19:48:15] [FancyLogger/INFO]: [FancyHolograms] (Server thread) INFO: Successfully enabled FancyHolograms version 2.9.1
[19:48:15] [Server thread/INFO]: [MythicMobs] Enabling MythicMobs v5.11.2-6a371d59
[19:48:15] [packetevents-update-check-thread/INFO]: [packetevents] There is an update available for PacketEvents! Your build: (2.12.1) | Latest release: (2.13.0)
[19:48:15] [FancyLogger/INFO]: [FancyHolograms] (ForkJoinPool.commonPool-worker-1) WARN: 
[19:48:15] [FancyLogger/INFO]: -------------------------------------------------------
[19:48:15] [FancyLogger/INFO]: You are not using the latest version of the FancyHolograms plugin.
[19:48:15] [FancyLogger/INFO]: Please update to the newest version (2.11.0).
[19:48:15] [FancyLogger/INFO]: https://modrinth.com/plugin/FancyHolograms
[19:48:15] [FancyLogger/INFO]: -------------------------------------------------------
[19:48:15] [FancyLogger/INFO]: 
[19:48:15] [Server thread/INFO]: [MythicMobs] Loading MythicMobs for Paper (MC: 1.21.11)...
[19:48:15] [Server thread/INFO]: [MythicMobs] The server is running Paper; enabled Paper exclusive functionality
[19:48:17] [Server thread/INFO]: [MythicMobs] Mythic Citizens Support has been enabled!
[19:48:17] [Server thread/INFO]: [MythicMobs] Mythic GriefPrevention Support has been enabled!
[19:48:17] [Server thread/INFO]: [PlaceholderAPI] Successfully registered internal expansion: mythic [5.0.0]
[19:48:18] [Server thread/INFO]: [MythicMobs] Mythic PlaceholderAPI Support has been enabled!
[19:48:18] [Server thread/INFO]: [MythicMobs] Mythic Vault Support has been enabled!
[19:48:18] [Server thread/INFO]: [MythicMobs] Mythic WorldGuard Support has been enabled!
[19:48:20] [Server thread/INFO]: [MythicMobs] Loading Packs...
[19:48:20] [Server thread/INFO]: [MythicMobs] Loading Items...
[19:48:20] [Server thread/INFO]: [MythicMobs] Loading Item Groups...
[19:48:20] [Server thread/INFO]: [MythicMobs] All items loaded after 29ms!
[19:48:20] [Server thread/INFO]: [MythicMobs] Loading Skills...
[19:48:20] [Server thread/WARN]: [MythicMobs] Failed to parse Placeholder '0.1': Math and variables in numeric values require premium! Consider getting MythicMobs Premium at www.mythiccraft.io
[19:48:20] [Server thread/INFO]: [MythicMobs] Loading Drop Tables...
[19:48:20] [Server thread/INFO]: [MythicMobs] Loading Random Spawns...
[19:48:20] [Server thread/INFO]: [MythicMobs] Loading Spawn Blocks...
[19:48:20] [Server thread/INFO]: [MythicMobs] Second passes loaded after 14ms!
[19:48:20] [Server thread/INFO]: [MythicMobs] ✓ Loaded 15 mobs.
[19:48:20] [Server thread/INFO]: [MythicMobs] ✓ Loaded 0 vanilla mob overrides.
[19:48:20] [Server thread/INFO]: [MythicMobs] ✓ Loaded 0 mob stacks.
[19:48:20] [Server thread/INFO]: [MythicMobs] ✓ Loaded 23 skills.
[19:48:20] [Server thread/INFO]: [MythicMobs] ✓ Loaded 0 random spawns.
[19:48:20] [Server thread/INFO]: [MythicMobs] ✓ Loaded 5 mythic items.
[19:48:20] [Server thread/INFO]: [MythicMobs] ✓ Loaded 2 drop tables.
[19:48:20] [Server thread/INFO]: [MythicMobs] ✓ Loaded 18 mob spawners.
[19:48:20] [Server thread/INFO]: [MythicMobs] MythicMobs configuration file loaded successfully.
[19:48:21] [Server thread/INFO]: [MythicMobs] Started up bStats Metrics
[19:48:21] [Server thread/INFO]: [MythicMobs] ✓ MythicMobs v5.11.2 ( build 6a371d59 ) has been successfully loaded!
[19:48:22] [Server thread/INFO]: [MythicMobs] Model Engine Compatibility Loaded.
[19:48:22] [Server thread/INFO]: [ModelEngine] [S] Compatibility applied: MythicMobs
[19:48:22] [Server thread/INFO]: [EssentialsSpawn] Enabling EssentialsSpawn v2.22.0-dev+104-87bde72
[19:48:22] [Server thread/INFO]: [EssentialsSpawn] Starting Metrics. Opt-out using the global bStats config.
[19:48:22] [Server thread/INFO]: [GriefPrevention] Enabling GriefPrevention v16.18.7
[19:48:22] [Server thread/INFO]: [GriefPrevention] Finished loading configuration.
[19:48:22] [Server thread/INFO]: [GriefPrevention] 0 total claims loaded.
[19:48:22] [Server thread/INFO]: [GriefPrevention] Customizable messages loaded.
[19:48:22] [Server thread/INFO]: [GriefPrevention] Successfully hooked into WorldGuard.
[19:48:22] [Server thread/INFO]: [GriefPrevention] Finished loading data (File Mode).
[19:48:22] [Server thread/INFO]: [GriefPrevention] Boot finished.
[19:48:22] [Server thread/INFO]: [Citizens] Enabling Citizens v2.0.42-SNAPSHOT (build 4145)
[19:48:23] [Server thread/INFO]: [Citizens] Loaded 2 templates.
[19:48:23] [Server thread/INFO]: [PlaceholderAPI] Successfully registered internal expansion: citizens [1.0.0]
[19:48:23] [Server thread/INFO]: [Citizens] Loaded economy handling via Vault.
[19:48:23] [Server thread/INFO]: [ModelEngine] [S] Compatibility applied: Citizens
[19:48:23] [Server thread/INFO]: [AuraSkills] Enabling AuraSkills v2.3.12
[19:48:23] [Server thread/INFO]: [AuraSkills] Loaded 21 message files
[19:48:24] [Server thread/INFO]: [AuraSkills] Successfully registered hook LuckPerms
[19:48:24] [Server thread/INFO]: [PlaceholderAPI] Successfully registered internal expansion: auraskills [2.3.12]
[19:48:24] [Server thread/INFO]: [PlaceholderAPI] Successfully registered internal expansion: aureliumskills [2.3.12]
[19:48:24] [Server thread/INFO]: [AuraSkills] Successfully registered hook PlaceholderAPI
[19:48:24] [Server thread/INFO]: [AuraSkills] Successfully registered hook ProtocolLib
[19:48:24] [Server thread/INFO]: [AuraSkills] Successfully registered hook Vault
[19:48:24] [Server thread/INFO]: [AuraSkills] Successfully registered hook WorldGuard
[19:48:24] [Server thread/INFO]: [AuraSkills] Successfully registered hook MythicMobs
[19:48:24] [Server thread/INFO]: [AuraSkills] Loaded 160 config options in 56 ms
[19:48:24] [Server thread/INFO]: [NBTAPI] [NBTAPI] Found Minecraft: 1.21.11! Trying to find NMS support
[19:48:24] [Server thread/INFO]: [NBTAPI] [NBTAPI] NMS support 'MC1_21_R7' loaded!
[19:48:24] [Server thread/INFO]: [NBTAPI] [NBTAPI] Using the plugin 'AuraSkills' to create a bStats instance!
[19:48:24] [Server thread/INFO]: [AuraSkills] Loaded 3 blocked/disabled worlds
[19:48:24] [Server thread/INFO]: [AuraSkills] [ACF] Enabled Asynchronous Tab Completion Support!
[19:48:24] [Server thread/INFO]: [ProtectionLib] Enabling ProtectionLib v1.8.5
[19:48:24] [Server thread/INFO]: [CombatLogX] Enabling CombatLogX v11.6.0.0.1286
[19:48:24] [Server thread/INFO]: [CombatLogX] Successfully loaded 29 language(s).
[19:48:24] [Server thread/INFO]: [CombatLogX] Detected server as regular SpigotMC/PaperMC (not Folia)
[19:48:24] [Server thread/INFO]: CombatLogX was loaded successfully.
[19:48:24] [Server thread/INFO]: [CombatLogX] Enabling expansions...
[19:48:24] [Server thread/INFO]: [CombatLogX] Enabling expansion 'Action Bar v17.3'...
[19:48:24] [Server thread/INFO]: [CombatLogX]  
[19:48:24] [Server thread/INFO]: [CombatLogX] Enabling expansion 'Cheat Prevention v17.8'...
[19:48:25] [Server thread/INFO]: [CombatLogX]  
[19:48:25] [Server thread/INFO]: [CombatLogX] Enabling expansion 'EssentialsX Compatibility v17.3'...
[19:48:25] [Server thread/INFO]: [CombatLogX] [EssentialsX Compatibility] Successfully found a dependency: Essentials v2.22.0-dev+104-87bde72
[19:48:25] [Server thread/INFO]: [CombatLogX] [EssentialsX Compatibility] Detected EssentialsX successfully.
[19:48:25] [Server thread/INFO]: [CombatLogX]  
[19:48:25] [Server thread/INFO]: [CombatLogX] Enabling expansion 'WorldGuard Compatibility v17.4'...
[19:48:25] [Server thread/INFO]: [CombatLogX] [WorldGuard Compatibility] Successfully found a dependency: WorldGuard v7.0.16+2355-f7fded2
[19:48:25] [Server thread/INFO]: [CombatLogX]  
[19:48:25] [Server thread/INFO]: [CombatLogX] Successfully enabled 4 expansions.
[19:48:25] [Server thread/INFO]: CombatLogX was enabled successfully.
[19:48:25] [Server thread/INFO]: [ExcellentEnchants] Enabling ExcellentEnchants v5.3.0
[19:48:25] [Server thread/INFO]: [ExcellentEnchants] Powered by nightcore
[19:48:25] [Server thread/INFO]: [ExcellentEnchants] Loaded 79 enchantments.
[19:48:25] [Server thread/INFO]: [PlaceholderAPI] Successfully registered internal expansion: excellentenchants [5.3.0]
[19:48:25] [Server thread/INFO]: [ExcellentEnchants] Plugin loaded in 188 ms!
[19:48:25] [Server thread/INFO]: [EvenMoreFish] Enabling EvenMoreFish v2.2.1
[19:48:25] [Server thread/INFO]: [EvenMoreFish] Successfully loaded all configurations
[19:48:25] [Server thread/INFO]: [EvenMoreFish] Economy attempting to hook into Vault.
[19:48:25] [Server thread/INFO]: [EvenMoreFish] Economy hooked into Vault.
[19:48:25] [Server thread/INFO]: [EvenMoreFish] EvenMoreFish has successfully hooked into vault.
[19:48:25] [Server thread/INFO]: [EvenMoreFish] Economy attempting to hook into GriefPrevention.
[19:48:25] [Server thread/INFO]: [EvenMoreFish] Economy hooked into GriefPrevention.
[19:48:25] [Server thread/INFO]: [PlaceholderAPI] Successfully registered internal expansion: emf [2.2.1]
[19:48:25] [Server thread/INFO]: [EvenMoreFish] Loaded Addon Item Model Addon 1.0 by [EvenMoreFish]
[19:48:25] [Server thread/INFO]: [EvenMoreFish] Loaded Addon Java 21 Addons 1.1.0 by [EvenMoreFish]
[19:48:25] [Server thread/WARN]: [EvenMoreFish] Could not load addon com.oheers.evenmorefish.addons.J17AddonLoader:com.oheers.evenmorefish.addons.J17AddonLoader.<init>(com.oheers.fish.api.plugin.EMFPlugin,java.io.File)
java.lang.NoSuchMethodException: com.oheers.evenmorefish.addons.J17AddonLoader.<init>(com.oheers.fish.api.plugin.EMFPlugin,java.io.File)
	at java.base/java.lang.Class.getConstructor0(Class.java:3187) ~[?:?]
	at java.base/java.lang.Class.getDeclaredConstructor(Class.java:2491) ~[?:?]
	at even-more-fish-2.2.1-1.21.jar//com.oheers.fish.api.addons.AddonManager.loadAddonLoader(AddonManager.java:48) ~[?:?]
	at even-more-fish-2.2.1-1.21.jar//com.oheers.fish.api.addons.AddonManager.processJar(AddonManager.java:41) ~[?:?]
	at java.base/java.util.ArrayList.forEach(ArrayList.java:1604) ~[?:?]
	at even-more-fish-2.2.1-1.21.jar//com.oheers.fish.api.addons.AddonManager.load(AddonManager.java:31) ~[?:?]
	at even-more-fish-2.2.1-1.21.jar//com.oheers.fish.plugin.IntegrationManager.loadAddons(IntegrationManager.java:31) ~[?:?]
	at even-more-fish-2.2.1-1.21.jar//com.oheers.fish.EvenMoreFish.onEnable(EvenMoreFish.java:123) ~[?:?]
	at org.bukkit.plugin.java.JavaPlugin.setEnabled(JavaPlugin.java:279) ~[paper-api-1.21.11-R0.1-SNAPSHOT.jar:?]
	at io.papermc.paper.plugin.manager.PaperPluginInstanceManager.enablePlugin(PaperPluginInstanceManager.java:202) ~[paper-1.21.11.jar:1.21.11-99-81b9122]
	at io.papermc.paper.plugin.manager.PaperPluginManagerImpl.enablePlugin(PaperPluginManagerImpl.java:109) ~[paper-1.21.11.jar:1.21.11-99-81b9122]
	at org.bukkit.plugin.SimplePluginManager.enablePlugin(SimplePluginManager.java:520) ~[paper-api-1.21.11-R0.1-SNAPSHOT.jar:?]
	at org.bukkit.craftbukkit.CraftServer.enablePlugin(CraftServer.java:639) ~[paper-1.21.11.jar:1.21.11-99-81b9122]
	at org.bukkit.craftbukkit.CraftServer.enablePlugins(CraftServer.java:596) ~[paper-1.21.11.jar:1.21.11-99-81b9122]
	at net.minecraft.server.MinecraftServer.initPostWorld(MinecraftServer.java:636) ~[paper-1.21.11.jar:1.21.11-99-81b9122]
	at net.minecraft.server.dedicated.DedicatedServer.initServer(DedicatedServer.java:365) ~[paper-1.21.11.jar:1.21.11-99-81b9122]
	at net.minecraft.server.MinecraftServer.runServer(MinecraftServer.java:1258) ~[paper-1.21.11.jar:1.21.11-99-81b9122]
	at net.minecraft.server.MinecraftServer.lambda$spin$2(MinecraftServer.java:388) ~[paper-1.21.11.jar:1.21.11-99-81b9122]
	at java.base/java.lang.Thread.run(Thread.java:1474) ~[?:?]
[19:48:25] [Server thread/INFO]: [EvenMoreFish] Loaded Addon Modern CMD Addon 1.0 by [EvenMoreFish]
[19:48:25] [Server thread/INFO]: [EvenMoreFish] Loaded Addon Internal Addons 1.0.0 by [EvenMoreFish]
[19:48:25] [Server thread/INFO]: [EvenMoreFish] Database is disabled in config
[19:48:25] [Server thread/INFO]: [EvenMoreFish] Loaded FishManager with 5 Rarities and 71 Fish.
[19:48:25] [Server thread/INFO]: [EvenMoreFish] Loaded 6 baits successfully.
[19:48:25] [Server thread/INFO]: [EvenMoreFish] Loaded RodManager with 0 Custom Rods.
[19:48:25] [Server thread/INFO]: [EvenMoreFish] Loaded 0 competition file(s) and 0 scheduled competitions.
[19:48:25] [Server thread/INFO]: [EvenMoreFish] EvenMoreFish by Oheers : Enabled
[19:48:25] [Server thread/INFO]: [ExcellentCrates] Enabling ExcellentCrates v6.6.1
[19:48:25] [Server thread/INFO]: [ExcellentCrates] Powered by nightcore
[19:48:25] [Server thread/INFO]: [com.zaxxer.hikari.HikariDataSource] ExcellentCratesPool - Starting...
[19:48:25] [Server thread/INFO]: [com.zaxxer.hikari.pool.HikariPool] ExcellentCratesPool - Added connection org.sqlite.jdbc4.JDBC4Connection@48f8cacd
[19:48:25] [Server thread/INFO]: [com.zaxxer.hikari.HikariDataSource] ExcellentCratesPool - Start completed.
[19:48:25] [Server thread/INFO]: [ExcellentCrates] Loaded 8 crate openings.
[19:48:25] [ForkJoinPool.commonPool-worker-1/WARN]: [EvenMoreFish] Update check failed: Range [0, -1) out of bounds for length 5
[19:48:25] [ForkJoinPool.commonPool-worker-1/INFO]: [EvenMoreFish] Manual update check: https://modrinth.com/plugin/evenmorefish/versions
[19:48:25] [Server thread/INFO]: [ExcellentCrates] Loaded 5 crate keys.
[19:48:25] [Server thread/INFO]: [ExcellentCrates] Loaded 3 rarities!
[19:48:26] [Server thread/INFO]: [ExcellentCrates] Loaded 5 crates.
[19:48:26] [Server thread/INFO]: [PlaceholderAPI] Successfully registered internal expansion: excellentcrates [6.6.1]
[19:48:26] [Server thread/INFO]: [ExcellentCrates] Plugin loaded in 1280 ms!
[19:48:26] [Server thread/INFO]: [TAB] Enabling TAB v6.0.0
[19:48:26] [Server thread/INFO]: [TAB] Found NMS implementation: me.neznamy.tab.platforms.bukkit.paper_1_21_11.NMSImplementationProvider
[19:48:27] [Server thread/INFO]: [PlaceholderAPI] Successfully registered internal expansion: tab [6.0.0]
[19:48:27] [Server thread/INFO]: [TAB] Enabled in 196ms
[19:48:27] [Server thread/INFO]: [PlayerAuctions] Enabling PlayerAuctions v1.33.0
[19:48:27] [Server thread/INFO]: [PlayerAuctions] Vault found, now enabling PlayerAuctions...
[19:48:27] [Server thread/INFO]: [PlayerAuctions] Found 23 config files to load!
[19:48:28] [Server thread/INFO]: [PlayerAuctions] Permissions plugin found! (LuckPerms)
[19:48:28] [Server thread/INFO]: [PlayerAuctions] Economy plugin found! (EssentialsX Economy)
[19:48:28] [Server thread/INFO]: [PlayerAuctions] Chat plugin found! (LuckPerms)
[19:48:28] [Server thread/INFO]: [PlayerAuctions] Found PlaceholderAPI integrating support...
[19:48:28] [Server thread/INFO]: [PlayerAuctions] Found Vault Currency integrating support...
[19:48:28] [Server thread/INFO]: [PlayerAuctions] Found Product Converter integrating support...
[19:48:28] [Server thread/INFO]: [PlayerAuctions] SQLite database is enabling...
[19:48:28] [Server thread/INFO]: [PlayerAuctions] Loading Metrics...
[19:48:28] [Server thread/INFO]: [PlayerAuctions] Successfully loaded Metrics!
[19:48:28] [Server thread/INFO]: [CMILib] Enabling CMILib v1.5.9.0
[19:48:28] [Server thread/INFO]: Server version detection by new method: v1_21_R7 Legacy: true Mojang Mappings: true
[19:48:28] [Server thread/INFO]: Server version: v1_21_R7 - 1.21.11 - paper  1.21.11-99-81b9122 (MC: 1.21.11)
[19:48:28] [Server thread/INFO]: [PlaceholderAPI] Successfully registered internal expansion: cmil [1.5.9.0]
[19:48:28] [Server thread/INFO]: PlaceholderAPI hooked.
[19:48:28] [Server thread/INFO]: Updated (EN) language file. Took 23ms
[19:48:28] [Server thread/INFO]: [FurnitureLib] Enabling FurnitureLib v3.2.9.2
[19:48:29] [Server thread/INFO]: ==========================================
[19:48:29] [Server thread/INFO]: FurnitureLib Version: 3.2.9.2
[19:48:29] [Server thread/INFO]: Furniture Author: Ste3et_C0st
[19:48:29] [Server thread/INFO]: Furniture Website: https://dicecraft.de/furniture/
[19:48:29] [Server thread/INFO]: Furniture find ProtectionLib: true
[19:48:29] [Server thread/INFO]: [FurnitureLib] FurnitureLib use FurnitureLib-Paper module
[19:48:29] [Server thread/INFO]: [de.Ste3et_C0st.FurnitureLib.Database.com.zaxxer.hikari.HikariDataSource] FurnitureLib - Starting...
[19:48:29] [Server thread/INFO]: [de.Ste3et_C0st.FurnitureLib.Database.com.zaxxer.hikari.HikariDataSource] FurnitureLib - Start completed.
[19:48:29] [Server thread/INFO]: [FurnitureLib] FurnitureLib Started SQLite database. Took 24ms
[19:48:29] [Server thread/INFO]: [FurnitureLib] FurnitureLib try to load models for world (lobby)
[19:48:30] [Server thread/INFO]: [FurnitureLib] FurnitureLib load 29 models with 536 entities
[19:48:30] [Server thread/INFO]: [FurnitureLib] With avg speed of 29.24 FurnitureModel/ms
[19:48:30] [Server thread/INFO]: [FurnitureLib] It takes: 00:00.849
[19:48:30] [Server thread/INFO]: [FurnitureLib] FurnitureLib try to load models for world (world)
[19:48:30] [Server thread/INFO]: [FurnitureLib] No Models are found in world: world
[19:48:30] [Server thread/INFO]: [FurnitureLib] FurnitureLib try to load models for world (world_the_end)
[19:48:30] [Server thread/INFO]: [FurnitureLib] No Models are found in world: world_the_end
[19:48:30] [Server thread/INFO]: [FurnitureLib] FurnitureLib try to load models for world (world_nether)
[19:48:30] [Server thread/INFO]: [FurnitureLib] No Models are found in world: world_nether
[19:48:30] [Server thread/INFO]: [FurnitureLib] FurnitureLib try to load models for world (dungeon2)
[19:48:30] [Server thread/INFO]: [FurnitureLib] No Models are found in world: dungeon2
[19:48:30] [Server thread/INFO]: [FurnitureLib] FurnitureLib try to load models for world (dungeon1)
[19:48:30] [Server thread/INFO]: [FurnitureLib] No Models are found in world: dungeon1
[19:48:31] [Server thread/INFO]: [FurnitureLib] FurnitureLib Load 53 model schematics into Ram. Took 933ms
[19:48:31] [Server thread/INFO]: Furniture load finish :)
[19:48:31] [Server thread/INFO]: ==========================================
[19:48:31] [Server thread/INFO]: [WorldGuardEvents] Enabling WorldGuardEvents v1.18.1
[19:48:31] [Server thread/INFO]: [WorldGuard] Registering session handler net.raidstone.wgevents.Entry
[19:48:31] [Server thread/INFO]: [PlayerWarps] Enabling PlayerWarps v4.2.1
[19:48:31] [Server thread/INFO]: [PlayerWarps] &f &cᴡᴀʀᴘ ʟᴏᴄᴀᴛɪᴏɴ ɪꜱ ɴᴏᴛ ꜱᴀꜰᴇ, ʀᴇ-ᴡʀɪᴛᴇ ᴛʜᴇ ᴄᴏᴍᴍᴀɴᴅ ᴛᴏ ꜰᴏʀᴄᴇ ᴛᴇʟᴇᴘᴏʀᴛ
[19:48:31] [Server thread/INFO]: [PlayerWarps] GriefPreventionHook has been registered.
[19:48:31] [Server thread/INFO]: [PlayerWarps] VaultHook has been registered.
[19:48:31] [Server thread/INFO]: [PlayerWarps] EssentialsHook has been registered.
[19:48:31] [Server thread/INFO]: [PlaceholderAPI] Successfully registered internal expansion: playerwarps [4.2.1]
[19:48:31] [Server thread/INFO]: [PlayerWarps] PlaceholderApiHook has been registered.
[19:48:31] [Server thread/INFO]: [AxTrade] Enabling AxTrade v1.24.0
[19:48:31] [Server thread/INFO]: [AxTrade] Hooked into Vault!
[19:48:31] [Server thread/INFO]: [AxTrade] Loaded plugin!
[19:48:31] [Server thread/INFO]: [PlaceholderAPI] Successfully registered internal expansion: axtrade [1.24.0]
[19:48:31] [Server thread/INFO]: [PlayerProfiles] Enabling PlayerProfiles v8.0.3
[19:48:31] [Server thread/INFO]: [PlayerProfiles] &rFound WorldGuard! Using WorldGuard API version 7
[19:48:31] [Server thread/INFO]: [ForcePack] Enabling ForcePack v1.3.75-SNAPSHOT
[19:48:31] [Server thread/INFO]: [ForcePack] Generated en_gb.yml
[19:48:31] [Server thread/INFO]: [ForcePack] Generated es_es.yml
[19:48:31] [Server thread/INFO]: [ForcePack] Generated zh_cn.yml
[19:48:31] [Server thread/INFO]: [ForcePack] Generated zh_tw.yml
[19:48:33] [Server thread/INFO]: [ForcePack] Auto-generating resource pack hash.
[19:48:33] [Server thread/INFO]: [ForcePack] Size of resource pack: 1 MB
[19:48:33] [Server thread/INFO]: [ForcePack] Auto-generated resource pack hash: C8DA004B858A00A2C3DA9DA75FDACD147AF688AE
[19:48:33] [Server thread/INFO]: [ForcePack] Performing version size check...
[19:48:33] [Server thread/INFO]: 1.8-1.15 (50 MB): Supported.
[19:48:33] [Server thread/INFO]: 1.16-1.17 (100 MB): Supported.
[19:48:33] [Server thread/INFO]: 1.18+ (250 MB): Supported.
[19:48:33] [Server thread/INFO]: Hash verification complete.
[19:48:33] [Server thread/INFO]: [ForcePack] Generated resource pack (https://raw.githubusercontent.com/Saoki-Qiu/oktubio/main/resourcepack/SaokiNetwork.zip#C8DA004B858A00A2C3DA9DA75FDACD147AF688AE) for version all with id e591fbe1-6a4e-31ab-aca7-fbfc03def2b1
[19:48:33] [Server thread/INFO]: [ForcePack] Completed loading resource packs.
[19:48:33] [Server thread/INFO]: [RaidSkins] Enabling RaidSkins v1.0.0
[19:48:33] [Server thread/INFO]: [RAID SKINS] - ENABLED
[19:48:33] [Server thread/INFO]: [ChatColor2] Enabling ChatColor2 v1.16.1
[19:48:33] [Server thread/INFO]: Created player data folder.
[19:48:33] [Server thread/INFO]: [PlaceholderAPI] Successfully registered internal expansion: cc [1.16.1]
[19:48:33] [Server thread/INFO]: PlaceholderAPI has been hooked.
[19:48:33] [Server thread/INFO]: Metrics is enabled for this plugin. Stats sent to https://bstats.org/plugin/bukkit/ChatColor2
[19:48:33] [Server thread/INFO]: [AxAFKZone] Enabling AxAFKZone v1.10.1
[19:48:33] [Server thread/INFO]: ╠ Loaded zone afk!
[19:48:33] [Server thread/INFO]: [CrazyVouchers] Enabling CrazyVouchers v5.1.6
[19:48:34] [Server thread/INFO]: [CrazyVouchers] Cannot extract users.yml to plugins/CrazyVouchers/users.yml, because it already exists.
[19:48:34] [Server thread/INFO]: [CrazyVouchers] Cannot extract data.yml to plugins/CrazyVouchers/data.yml, because it already exists.
[19:48:34] [Server thread/INFO]: [CrazyVouchers] Cannot extract folder codes to plugins/CrazyVouchers, because it already exists @ plugins/CrazyVouchers/codes.
[19:48:34] [Server thread/INFO]: [CrazyVouchers] Cannot extract folder Starter-Money.yml to plugins/CrazyVouchers/codes, because it already exists @ plugins/CrazyVouchers/codes/Starter-Money.yml.
[19:48:34] [Server thread/INFO]: [CrazyVouchers] Cannot extract folder vouchers to plugins/CrazyVouchers, because it already exists @ plugins/CrazyVouchers/vouchers.
[19:48:34] [Server thread/INFO]: [CrazyVouchers] Cannot extract folder FrozenShovelToolSkin.yml to plugins/CrazyVouchers/vouchers, because it already exists @ plugins/CrazyVouchers/vouchers/FrozenShovelToolSkin.yml.
[19:48:34] [Server thread/INFO]: [CrazyVouchers] Cannot extract folder NickCommand.yml to plugins/CrazyVouchers/vouchers, because it already exists @ plugins/CrazyVouchers/vouchers/NickCommand.yml.
[19:48:34] [Server thread/INFO]: [CrazyVouchers] Cannot extract folder FrozenPickaxeToolSkin.yml to plugins/CrazyVouchers/vouchers, because it already exists @ plugins/CrazyVouchers/vouchers/FrozenPickaxeToolSkin.yml.
[19:48:34] [Server thread/INFO]: [CrazyVouchers] Cannot extract folder FrozenHoeToolSkin.yml to plugins/CrazyVouchers/vouchers, because it already exists @ plugins/CrazyVouchers/vouchers/FrozenHoeToolSkin.yml.
[19:48:34] [Server thread/INFO]: [CrazyVouchers] Cannot extract folder RainbowChatcolor.yml to plugins/CrazyVouchers/vouchers, because it already exists @ plugins/CrazyVouchers/vouchers/RainbowChatcolor.yml.
[19:48:34] [Server thread/INFO]: [CrazyVouchers] Cannot extract folder ResinSwordToolSkin.yml to plugins/CrazyVouchers/vouchers, because it already exists @ plugins/CrazyVouchers/vouchers/ResinSwordToolSkin.yml.
[19:48:34] [Server thread/INFO]: [CrazyVouchers] Cannot extract folder ElderGuardianPet.yml to plugins/CrazyVouchers/vouchers, because it already exists @ plugins/CrazyVouchers/vouchers/ElderGuardianPet.yml.
[19:48:34] [Server thread/INFO]: [CrazyVouchers] Cannot extract folder SoulfireShovelToolSkin.yml to plugins/CrazyVouchers/vouchers, because it already exists @ plugins/CrazyVouchers/vouchers/SoulfireShovelToolSkin.yml.
[19:48:34] [Server thread/INFO]: [CrazyVouchers] Cannot extract folder ResinAxeToolSkin.yml to plugins/CrazyVouchers/vouchers, because it already exists @ plugins/CrazyVouchers/vouchers/ResinAxeToolSkin.yml.
[19:48:34] [Server thread/INFO]: [CrazyVouchers] Cannot extract folder RepairAllCommand.yml to plugins/CrazyVouchers/vouchers, because it already exists @ plugins/CrazyVouchers/vouchers/RepairAllCommand.yml.
[19:48:34] [Server thread/INFO]: [CrazyVouchers] Cannot extract folder MaceAxeToolSkin.yml to plugins/CrazyVouchers/vouchers, because it already exists @ plugins/CrazyVouchers/vouchers/MaceAxeToolSkin.yml.
[19:48:34] [Server thread/INFO]: [CrazyVouchers] Cannot extract folder BreezeSwordToolSkin.yml to plugins/CrazyVouchers/vouchers, because it already exists @ plugins/CrazyVouchers/vouchers/BreezeSwordToolSkin.yml.
[19:48:34] [Server thread/INFO]: [CrazyVouchers] Cannot extract folder DonkeyPet.yml to plugins/CrazyVouchers/vouchers, because it already exists @ plugins/CrazyVouchers/vouchers/DonkeyPet.yml.
[19:48:34] [Server thread/INFO]: [CrazyVouchers] Cannot extract folder MaceSwordToolSkin.yml to plugins/CrazyVouchers/vouchers, because it already exists @ plugins/CrazyVouchers/vouchers/MaceSwordToolSkin.yml.
[19:48:34] [Server thread/INFO]: [CrazyVouchers] Cannot extract folder FrozenAxeToolSkin.yml to plugins/CrazyVouchers/vouchers, because it already exists @ plugins/CrazyVouchers/vouchers/FrozenAxeToolSkin.yml.
[19:48:34] [Server thread/INFO]: [CrazyVouchers] Cannot extract folder SoulfireSwordToolSkin.yml to plugins/CrazyVouchers/vouchers, because it already exists @ plugins/CrazyVouchers/vouchers/SoulfireSwordToolSkin.yml.
[19:48:34] [Server thread/INFO]: [CrazyVouchers] Cannot extract folder WardenPet.yml to plugins/CrazyVouchers/vouchers, because it already exists @ plugins/CrazyVouchers/vouchers/WardenPet.yml.
[19:48:34] [Server thread/INFO]: [CrazyVouchers] Cannot extract folder GreenBalloon.yml to plugins/CrazyVouchers/vouchers, because it already exists @ plugins/CrazyVouchers/vouchers/GreenBalloon.yml.
[19:48:34] [Server thread/INFO]: [CrazyVouchers] Cannot extract folder BlazeAxeToolSkin.yml to plugins/CrazyVouchers/vouchers, because it already exists @ plugins/CrazyVouchers/vouchers/BlazeAxeToolSkin.yml.
[19:48:34] [Server thread/INFO]: [CrazyVouchers] Cannot extract folder RepairCommand.yml to plugins/CrazyVouchers/vouchers, because it already exists @ plugins/CrazyVouchers/vouchers/RepairCommand.yml.
[19:48:34] [Server thread/INFO]: [CrazyVouchers] Cannot extract folder SoulfireHoeToolSkin.yml to plugins/CrazyVouchers/vouchers, because it already exists @ plugins/CrazyVouchers/vouchers/SoulfireHoeToolSkin.yml.
[19:48:34] [Server thread/INFO]: [CrazyVouchers] Cannot extract folder CheekyEmote.yml to plugins/CrazyVouchers/vouchers, because it already exists @ plugins/CrazyVouchers/vouchers/CheekyEmote.yml.
[19:48:34] [Server thread/INFO]: [CrazyVouchers] Cannot extract folder DealwithitHat.yml to plugins/CrazyVouchers/vouchers, because it already exists @ plugins/CrazyVouchers/vouchers/DealwithitHat.yml.
[19:48:34] [Server thread/INFO]: [CrazyVouchers] Cannot extract folder MaceShovelToolSkin.yml to plugins/CrazyVouchers/vouchers, because it already exists @ plugins/CrazyVouchers/vouchers/MaceShovelToolSkin.yml.
[19:48:34] [Server thread/INFO]: [CrazyVouchers] Cannot extract folder FrozenSwordToolSkin.yml to plugins/CrazyVouchers/vouchers, because it already exists @ plugins/CrazyVouchers/vouchers/FrozenSwordToolSkin.yml.
[19:48:34] [Server thread/INFO]: [CrazyVouchers] Cannot extract folder ChampionRank.yml to plugins/CrazyVouchers/vouchers, because it already exists @ plugins/CrazyVouchers/vouchers/ChampionRank.yml.
[19:48:34] [Server thread/INFO]: [CrazyVouchers] Cannot extract folder RedGlowColor.yml to plugins/CrazyVouchers/vouchers, because it already exists @ plugins/CrazyVouchers/vouchers/RedGlowColor.yml.
[19:48:34] [Server thread/INFO]: [CrazyVouchers] Cannot extract folder CatHat.yml to plugins/CrazyVouchers/vouchers, because it already exists @ plugins/CrazyVouchers/vouchers/CatHat.yml.
[19:48:34] [Server thread/INFO]: [CrazyVouchers] Cannot extract folder WarlordRank.yml to plugins/CrazyVouchers/vouchers, because it already exists @ plugins/CrazyVouchers/vouchers/WarlordRank.yml.
[19:48:34] [Server thread/INFO]: [CrazyVouchers] Cannot extract folder SkulkSwordToolSkin.yml to plugins/CrazyVouchers/vouchers, because it already exists @ plugins/CrazyVouchers/vouchers/SkulkSwordToolSkin.yml.
[19:48:34] [Server thread/INFO]: [CrazyVouchers] Cannot extract folder MaceHoeToolSkin.yml to plugins/CrazyVouchers/vouchers, because it already exists @ plugins/CrazyVouchers/vouchers/MaceHoeToolSkin.yml.
[19:48:34] [Server thread/INFO]: [CrazyVouchers] Cannot extract folder EmeraldProjectileEffect.yml to plugins/CrazyVouchers/vouchers, because it already exists @ plugins/CrazyVouchers/vouchers/EmeraldProjectileEffect.yml.
[19:48:34] [Server thread/INFO]: [CrazyVouchers] Cannot extract folder WingCapHat.yml to plugins/CrazyVouchers/vouchers, because it already exists @ plugins/CrazyVouchers/vouchers/WingCapHat.yml.
[19:48:34] [Server thread/INFO]: [CrazyVouchers] Cannot extract folder DrownedPet.yml to plugins/CrazyVouchers/vouchers, because it already exists @ plugins/CrazyVouchers/vouchers/DrownedPet.yml.
[19:48:34] [Server thread/INFO]: [CrazyVouchers] Cannot extract folder ItemrenameCommand.yml to plugins/CrazyVouchers/vouchers, because it already exists @ plugins/CrazyVouchers/vouchers/ItemrenameCommand.yml.
[19:48:34] [Server thread/INFO]: [CrazyVouchers] Cannot extract folder PlushZaggHat.yml to plugins/CrazyVouchers/vouchers, because it already exists @ plugins/CrazyVouchers/vouchers/PlushZaggHat.yml.
[19:48:34] [Server thread/INFO]: [CrazyVouchers] Cannot extract folder TitanRank.yml to plugins/CrazyVouchers/vouchers, because it already exists @ plugins/CrazyVouchers/vouchers/TitanRank.yml.
[19:48:34] [Server thread/INFO]: [CrazyVouchers] Cannot extract folder CreeperPet.yml to plugins/CrazyVouchers/vouchers, because it already exists @ plugins/CrazyVouchers/vouchers/CreeperPet.yml.
[19:48:34] [Server thread/INFO]: [CrazyVouchers] Cannot extract folder SoulfireAxeToolSkin.yml to plugins/CrazyVouchers/vouchers, because it already exists @ plugins/CrazyVouchers/vouchers/SoulfireAxeToolSkin.yml.
[19:48:34] [Server thread/INFO]: [CrazyVouchers] Cannot extract folder MacePickaxeToolSkin.yml to plugins/CrazyVouchers/vouchers, because it already exists @ plugins/CrazyVouchers/vouchers/MacePickaxeToolSkin.yml.
[19:48:34] [Server thread/INFO]: [CrazyVouchers] Cannot extract folder SoulfirePickaxeToolSkin.yml to plugins/CrazyVouchers/vouchers, because it already exists @ plugins/CrazyVouchers/vouchers/SoulfirePickaxeToolSkin.yml.
[19:48:34] [Server thread/INFO]: [CrazyVouchers] Cannot extract folder RavagerPet.yml to plugins/CrazyVouchers/vouchers, because it already exists @ plugins/CrazyVouchers/vouchers/RavagerPet.yml.
[19:48:34] [Server thread/INFO]: [CrazyVouchers] Cannot extract folder BloodHelixParticle.yml to plugins/CrazyVouchers/vouchers, because it already exists @ plugins/CrazyVouchers/vouchers/BloodHelixParticle.yml.
[19:48:34] [Server thread/INFO]: [CrazyVouchers] Cannot extract folder WaterProjectileParticle.yml to plugins/CrazyVouchers/vouchers, because it already exists @ plugins/CrazyVouchers/vouchers/WaterProjectileParticle.yml.
[19:48:34] [Server thread/INFO]: [CrazyVouchers] Cannot extract folder RainbowGlow.yml to plugins/CrazyVouchers/vouchers, because it already exists @ plugins/CrazyVouchers/vouchers/RainbowGlow.yml.
[19:48:34] [Server thread/INFO]: [CrazyVouchers] Successfully deleted path plugins/CrazyVouchers/examples/vouchers/PlayerHead.yml, re-generating the examples later.
[19:48:34] [Server thread/INFO]: [CrazyVouchers] Successfully deleted path plugins/CrazyVouchers/examples/vouchers/Example.yml, re-generating the examples later.
[19:48:34] [Server thread/INFO]: [CrazyVouchers] Successfully deleted path plugins/CrazyVouchers/examples/vouchers/Example-Arg.yml, re-generating the examples later.
[19:48:34] [Server thread/INFO]: [CrazyVouchers] Successfully deleted path plugins/CrazyVouchers/examples/vouchers.yml, re-generating the examples later.
[19:48:34] [Server thread/INFO]: [CrazyVouchers] Successfully deleted path plugins/CrazyVouchers/examples/vouchers, re-generating the examples later.
[19:48:34] [Server thread/INFO]: [CrazyVouchers] Successfully deleted path plugins/CrazyVouchers/examples/users.yml, re-generating the examples later.
[19:48:34] [Server thread/INFO]: [CrazyVouchers] Successfully deleted path plugins/CrazyVouchers/examples/locale/en-US.yml, re-generating the examples later.
[19:48:34] [Server thread/INFO]: [CrazyVouchers] Successfully deleted path plugins/CrazyVouchers/examples/locale, re-generating the examples later.
[19:48:34] [Server thread/INFO]: [CrazyVouchers] Successfully deleted path plugins/CrazyVouchers/examples/data.yml, re-generating the examples later.
[19:48:34] [Server thread/INFO]: [CrazyVouchers] Successfully deleted path plugins/CrazyVouchers/examples/config.yml, re-generating the examples later.
[19:48:34] [Server thread/INFO]: [CrazyVouchers] Successfully deleted path plugins/CrazyVouchers/examples/codes/Starter-Money.yml, re-generating the examples later.
[19:48:34] [Server thread/INFO]: [CrazyVouchers] Successfully deleted path plugins/CrazyVouchers/examples/codes.yml, re-generating the examples later.
[19:48:34] [Server thread/INFO]: [CrazyVouchers] Successfully deleted path plugins/CrazyVouchers/examples/codes, re-generating the examples later.
[19:48:34] [Server thread/INFO]: [CrazyVouchers] Successfully deleted path plugins/CrazyVouchers/examples, re-generating the examples later.
[19:48:34] [Server thread/INFO]: [CrazyVouchers] Cannot extract codes.yml to plugins/CrazyVouchers/examples/codes.yml, because it already exists.
[19:48:34] [Server thread/INFO]: [CrazyVouchers] Cannot extract vouchers.yml to plugins/CrazyVouchers/examples/vouchers.yml, because it already exists.
[19:48:34] [Server thread/INFO]: [CrazyVouchers] Done (52.230s)
[19:48:34] [Server thread/INFO]: [InteractiveChat] Enabling InteractiveChat v4.3.5.0
[19:48:37] [Server thread/INFO]: [InteractiveChat] No custom ProtocolProvider provided, using default ProtocolLib provider.
[19:48:37] [Server thread/INFO]: [InteractiveChat] Opened Sqlite database successfully
[19:48:37] [Server thread/INFO]: [InteractiveChat] InteractiveChat has hooked into Essentials!
[19:48:37] [Server thread/INFO]: [InteractiveChat] InteractiveChat has hooked into ViaVersion!
[19:48:37] [Server thread/INFO]: [InteractiveChat] InteractiveChat has hooked into ExcellentEnchants!
[19:48:37] [Server thread/INFO]: [InteractiveChat] InteractiveChat has hooked into LuckPerms!
[19:48:37] [Server thread/INFO]: [InteractiveChat] InteractiveChat has hooked into Floodgate!
[19:48:37] [Server thread/INFO]: [PlaceholderAPI] Successfully registered internal expansion: interactivechat [4.3.5.0]
[19:48:37] [Server thread/INFO]: [InteractiveChat] InteractiveChat has been Enabled!
[19:48:37] [Server thread/INFO]: [WorldGuardExtraFlags] Enabling WorldGuardExtraFlags v4.2.3
[19:48:37] [Server thread/INFO]: [WorldGuard] Registering session handler net.goldtreeservers.worldguardextraflags.wg.handlers.TeleportOnEntryFlagHandler
[19:48:37] [Server thread/INFO]: [WorldGuard] Registering session handler net.goldtreeservers.worldguardextraflags.wg.handlers.TeleportOnExitFlagHandler
[19:48:37] [Server thread/INFO]: [WorldGuard] Registering session handler net.goldtreeservers.worldguardextraflags.wg.handlers.WalkSpeedFlagHandler
[19:48:37] [Server thread/INFO]: [WorldGuard] Registering session handler net.goldtreeservers.worldguardextraflags.wg.handlers.FlySpeedFlagHandler
[19:48:37] [Server thread/INFO]: [WorldGuard] Registering session handler net.goldtreeservers.worldguardextraflags.wg.handlers.FlyFlagHandler
[19:48:37] [Server thread/INFO]: [WorldGuard] Registering session handler net.goldtreeservers.worldguardextraflags.wg.handlers.GlideFlagHandler
[19:48:37] [Server thread/INFO]: [WorldGuard] Registering session handler net.goldtreeservers.worldguardextraflags.wg.handlers.GodmodeFlagHandler
[19:48:37] [Server thread/INFO]: [WorldGuard] Registering session handler net.goldtreeservers.worldguardextraflags.wg.handlers.PlaySoundsFlagHandler
[19:48:37] [Server thread/INFO]: [WorldGuard] Registering session handler net.goldtreeservers.worldguardextraflags.wg.handlers.BlockedEffectsFlagHandler
[19:48:37] [Server thread/INFO]: [WorldGuard] Registering session handler net.goldtreeservers.worldguardextraflags.wg.handlers.GiveEffectsFlagHandler
[19:48:37] [Server thread/INFO]: [WorldGuard] Registering session handler net.goldtreeservers.worldguardextraflags.wg.handlers.CommandOnEntryFlagHandler
[19:48:37] [Server thread/INFO]: [WorldGuard] Registering session handler net.goldtreeservers.worldguardextraflags.wg.handlers.CommandOnExitFlagHandler
[19:48:37] [Server thread/INFO]: [WorldGuard] Registering session handler net.goldtreeservers.worldguardextraflags.wg.handlers.ConsoleCommandOnEntryFlagHandler
[19:48:37] [Server thread/INFO]: [WorldGuard] Registering session handler net.goldtreeservers.worldguardextraflags.wg.handlers.ConsoleCommandOnExitFlagHandler
[19:48:37] [Server thread/WARN]: [WorldGuardExtraFlags] "WorldGuardExtraFlags v4.2.3" has registered a listener for org.spigotmc.event.player.PlayerSpawnLocationEvent on method "public void net.goldtreeservers.worldguardextraflags.listeners.PlayerListener.onPlayerSpawnLocationEvent(org.spigotmc.event.player.PlayerSpawnLocationEvent)", but the event is Deprecated. "Listening to this event causes the player to be created early. Using the player from this event will result in undefined behavior. Prefer AsyncPlayerSpawnLocationEvent."; please notify the authors [isokissa3].
[19:48:37] [Server thread/INFO]: [BetterRTP] Enabling BetterRTP v3.6.13
[19:48:37] [Server thread/INFO]: [BetterRTP] Cooldown = 600
[19:48:37] [Server thread/INFO]: [PlaceholderAPI] Successfully registered internal expansion: betterrtp [3.6.13]
[19:48:37] [Server thread/INFO]: [Bloons] Enabling Bloons v1.1.6
[19:48:37] [Server thread/INFO]: [INFO] Initializing Bloons plugin...
[19:48:37] [Server thread/WARN]: [Bloons] Could not save en_US.yml to plugins/Bloons/languages/en_US.yml because en_US.yml already exists.
[19:48:37] [Server thread/WARN]: [Bloons] Could not save color_pack_example.yml to plugins/Bloons/balloons/color_pack_example.yml because color_pack_example.yml already exists.
[19:48:37] [Server thread/WARN]: [Bloons] Could not save dyeable_example.yml to plugins/Bloons/balloons/dyeable_example.yml because dyeable_example.yml already exists.
[19:48:37] [Server thread/INFO]: [INFO] Bloons plugin has initialized!
[19:48:37] [Server thread/INFO]: [INFO] Version: 1.1.6
[19:48:37] [Server thread/INFO]: [INFO] Developers: Jeqo and Gucci Fox
[19:48:37] [Server thread/INFO]: [INFO] Website: https://jeqo.net/bloons
[19:48:37] [Server thread/INFO]: [INFO] Total Balloon Configurations: 6
[19:48:37] [Server thread/INFO]: [INFO] Total Configuration Files: 2
[19:48:37] [Server thread/INFO]: [DeathMessages] Enabling DeathMessages v1.4.21-SNAPSHOT
[19:48:37] [Server thread/INFO]: [PlaceholderAPI] Successfully registered internal expansion: deathmessages [1.4.21-SNAPSHOT]
[19:48:37] [Server thread/INFO]: [DeathMessages] PlaceholderAPI Hook Enabled!
[19:48:37] [Server thread/INFO]: [DeathMessages] WorldGuard Hook Enabled!
[19:48:37] [Server thread/INFO]: [DeathMessages] CombatLogX Hook Enabled!
[19:48:37] [Server thread/INFO]: [DeathMessages] MythicMobs Hook Enabled!
[19:48:37] [Server thread/INFO]: [DeathMessages] bStats Hook Enabled!
[19:48:37] [Server thread/INFO]: DeathMessages 1.4.21-SNAPSHOT successfully loaded!
[19:48:37] [Server thread/INFO]: [O'DailyQuests] Enabling ODailyQuests v3.0.2
[19:48:37] [Server thread/INFO]: [O'DailyQuests] Plugin is starting...
[19:48:37] [Server thread/INFO]: [O'DailyQuests] Total rewards file successfully loaded.
[19:48:37] [Server thread/INFO]: [PlaceholderAPI] Successfully registered internal expansion: odailyquests [1.0.4]
[19:48:37] [Server thread/INFO]: [O'DailyQuests] WorldGuard detected, hook enabled.
[19:48:37] [Server thread/INFO]: [O'DailyQuests] Total rewards file successfully loaded.
[19:48:37] [Server thread/ERROR]: [O'DailyQuests] categories_rewards section is missing in the configuration file.
[19:48:37] [Server thread/INFO]: [com.zaxxer.hikari.HikariDataSource] HikariPool-1 - Starting...
[19:48:37] [Server thread/INFO]: [com.zaxxer.hikari.pool.HikariPool] HikariPool-1 - Added connection org.sqlite.jdbc4.JDBC4Connection@5f80636b
[19:48:37] [Server thread/INFO]: [com.zaxxer.hikari.HikariDataSource] HikariPool-1 - Start completed.
[19:48:37] [Server thread/INFO]: [O'DailyQuests] Plugin successfully connected to database.
[19:48:37] [Server thread/INFO]: [O'DailyQuests] 10 quests loaded from easy file.
[19:48:37] [Server thread/INFO]: [O'DailyQuests] 10 quests loaded from medium file.
[19:48:37] [Server thread/INFO]: [O'DailyQuests] 10 quests loaded from hard file.
[19:48:37] [Server thread/WARN]: [O'DailyQuests] The items section is not defined in the playerInterface file.
[19:48:38] [Server thread/INFO]: [O'DailyQuests] Plugin is started!
[19:48:38] [Server thread/INFO]: [O'DailyQuests] Checking for update...
[19:48:38] [Server thread/INFO]: [FancyGlow] Enabling FancyGlow v2.10.3
[19:48:38] [Server thread/INFO]: [PlaceholderAPI] Successfully registered internal expansion: fancyglow [1.4.1]
[19:48:38] [Server thread/INFO]: [NotBounties] Enabling NotBounties v1.22.33
[19:48:38] [Server thread/INFO]: [PlaceholderAPI] Successfully registered internal expansion: notbounties [1.22.33]
[19:48:38] [Server thread/INFO]: [WorldGuard] Registering session handler me.jadenp.notbounties.features.settings.integrations.external_api.worldguard.BountyEntryFlag
[19:48:38] [Server thread/INFO]: [WorldGuard] Registering session handler me.jadenp.notbounties.features.settings.integrations.external_api.worldguard.BountyExitFlag
[19:48:38] [Server thread/INFO]: [ChatGames] Enabling ChatGames v1.2.1
[19:48:38] [Server thread/INFO]: [ChatGames] ChatGames is now enabled!
[19:48:38] [Server thread/INFO]: [PlaceholderAPI] Successfully registered internal expansion: chatgames [1.0.0]
[19:48:38] [Server thread/INFO]: [ChatGames] PlaceholderAPI Hooked!
[19:48:38] [Server thread/INFO]: [ChatGames] Points loaded successfully!
[19:48:38] [Server thread/INFO]: [Infiniteannouncements] Enabling Infiniteannouncements v2.5.2
[19:48:39] [Server thread/INFO]: [Infiniteannouncements] [DEBUG] Registered command: InfiniteAnnouncements
[19:48:39] [Server thread/INFO]: [PlaceholderAPI] Successfully registered internal expansion: infiniteannouncements [1.0.0]
[19:48:39] [Server thread/INFO]: [UltraCosmetics] Enabling UltraCosmetics v3.15.0.1-RELEASE
[19:48:39] [Server thread/INFO]: [UltraCosmetics] Checking for update...
[19:48:39] [Server thread/INFO]: [UltraCosmetics] -------------------------------------------------------------------
[19:48:39] [Server thread/INFO]: [UltraCosmetics] Thanks for using UltraCosmetics! Version: 3.15.0.1-RELEASE (commit 4235f42)
[19:48:39] [Server thread/INFO]: [UltraCosmetics] Plugin by Datatags. Original Author: iSach
[19:48:39] [Server thread/INFO]: [UltraCosmetics] Link: https://bit.ly/UltraCosmetics
[19:48:39] [Server thread/INFO]: [UltraCosmetics] Initializing module v1_21 (expected version: 1.21.11)
[19:48:39] [Server thread/INFO]: [UltraCosmetics] Loaded NMS support
[19:48:39] [Server thread/INFO]: [UltraCosmetics] Paper-specific features enabled
[19:48:41] [Server thread/INFO]: [UltraCosmetics] 
[19:48:41] [Server thread/INFO]: [PlaceholderAPI] Successfully registered internal expansion: ultracosmetics [3.15.0.1-RELEASE]
[19:48:41] [Server thread/INFO]: [UltraCosmetics] Hooked into PlaceholderAPI
[19:48:41] [Server thread/INFO]: [WorldGuard] Registering session handler be.isach.ultracosmetics.worldguard.FlagManager
[19:48:41] [Server thread/INFO]: [UltraCosmetics] 
[19:48:41] [Server thread/INFO]: [UltraCosmetics] WorldGuard custom flags enabled
[19:48:41] [Server thread/INFO]: [UltraCosmetics] 
[19:48:41] [Server thread/INFO]: [UltraCosmetics] Hooked into Vault:EssentialsX Economy for economy.
[19:48:41] [Server thread/INFO]: [UltraCosmetics] 
[19:48:41] [Server thread/INFO]: [UltraCosmetics] 
[19:48:41] [Server thread/INFO]: [UltraCosmetics] Hooked into PlayerAuctions
[19:48:41] [Server thread/INFO]: [UltraCosmetics] 
[19:48:41] [Server thread/INFO]: [UltraCosmetics] UltraCosmetics successfully finished loading in 2360ms!
[19:48:41] [Server thread/INFO]: [UltraCosmetics] -------------------------------------------------------------------
[19:48:41] [Server thread/INFO]: [BestTools] Enabling BestTools v2.3.0
[19:48:41] [Server thread/INFO]: [BestTools] Building the <Block,Tool> map took 12 ms
[19:48:41] [Server thread/INFO]: [PlaceholderAPI] Successfully registered internal expansion: besttools [2.3.0]
[19:48:41] [Server thread/INFO]: [ajLeaderboards] Enabling ajLeaderboards v2.10.1
[19:48:41] [Server thread/INFO]: [ajLeaderboards] Using H2 flatfile for board cache. (h2)
[19:48:42] [Server thread/INFO]: [ajLeaderboards] Loaded 15 boards
[19:48:42] [Server thread/INFO]: [PlaceholderAPI] Successfully registered internal expansion: ajlb [2.10.1]
[19:48:42] [Server thread/INFO]: [ajLeaderboards] PAPI placeholders successfully registered!
[19:48:42] [Server thread/INFO]: [ajLeaderboards] ajLeaderboards v2.10.1 by ajgeiss0702 enabled!
[19:48:42] [Server thread/INFO]: [ChatEmojis] Enabling ChatEmojis v2.4.2
[19:48:42] [Server thread/INFO]: [UltimateShop] Enabling UltimateShop v4.3.6
[19:48:42] [Server thread/INFO]: [UltimateShop] Paper is found, entering Paper plugin mode...!
[19:48:42] [Server thread/INFO]: [UltimateShop] Loaded shop: minerals.yml!
[19:48:42] [Server thread/INFO]: [UltimateShop] Loaded shop: blocks.yml!
[19:48:42] [Server thread/INFO]: [UltimateShop] Loaded shop: farming.yml!
[19:48:42] [Server thread/INFO]: [UltimateShop] Loaded shop: colored2.yml!
[19:48:42] [Server thread/INFO]: [UltimateShop] Loaded shop: redstone.yml!
[19:48:42] [Server thread/INFO]: [UltimateShop] Loaded shop: blocks2.yml!
[19:48:42] [Server thread/INFO]: [UltimateShop] Loaded shop: colored3.yml!
[19:48:42] [Server thread/INFO]: [UltimateShop] Loaded shop: flowers.yml!
[19:48:42] [Server thread/INFO]: [UltimateShop] Loaded shop: logs.yml!
[19:48:42] [Server thread/INFO]: [UltimateShop] Loaded shop: colored.yml!
[19:48:42] [Server thread/INFO]: [UltimateShop] Loaded shop: drops.yml!
[19:48:42] [Server thread/INFO]: [UltimateShop] Loaded menu: main.yml!
[19:48:42] [Server thread/INFO]: [UltimateShop] Loaded menu: buy-more-buy.yml!
[19:48:42] [Server thread/INFO]: [UltimateShop] Loaded menu: buy-more-sell.yml!
[19:48:42] [Server thread/INFO]: [UltimateShop] Loaded random placeholder: daily.yml!
[19:48:42] [Server thread/INFO]: [UltimateShop] Loaded random placeholder: rotate.yml!
[19:48:42] [Server thread/INFO]: [UltimateShop] Loaded conditional placeholder: sell.yml!
[19:48:42] [Server thread/INFO]: [UltimateShop] Loaded conditional placeholder: example.yml!
[19:48:42] [Server thread/INFO]: [UltimateShop] Loaded conditional placeholder: buy.yml!
[19:48:42] [Server thread/INFO]: [UltimateShop] Loaded sell stick: C.yml!
[19:48:42] [Server thread/INFO]: [UltimateShop] Loaded sell stick: A.yml!
[19:48:42] [Server thread/INFO]: [UltimateShop] Loaded sell stick: B.yml!
[19:48:42] [Server thread/INFO]: [UltimateShop] Hooking into WorldGuard...
[19:48:42] [Server thread/INFO]: [UltimateShop] Hooking into GriefPrevention...
[19:48:42] [Server thread/INFO]: [UltimateShop] Hooking into PlaceholderAPI...
[19:48:42] [Server thread/INFO]: [PlaceholderAPI] Successfully registered internal expansion: ultimateshop [1.2.0]
[19:48:42] [Server thread/INFO]: [UltimateShop] Finished hook!
[19:48:42] [Server thread/INFO]: [UltimateShop] Hooking into Floodgate...
[19:48:42] [Server thread/INFO]: [UltimateShop] Hooking into Vault...
[19:48:42] [Server thread/INFO]: [UltimateShop] Hooking into MythicMobs...
[19:48:42] [Server thread/INFO]: [UltimateShop] Loaded language: tr_TR.yml!
[19:48:42] [Server thread/INFO]: [UltimateShop] Loaded language: en_US.yml!
[19:48:42] [Server thread/INFO]: [UltimateShop] Loaded language: de_DE.yml!
[19:48:42] [Server thread/INFO]: [UltimateShop] Loaded language: zh_CN.yml!
[19:48:42] [Server thread/INFO]: [UltimateShop] Loaded language: sk_SK.yml!
[19:48:42] [Server thread/INFO]: [UltimateShop] Loaded language: cs_CZ.yml!
[19:48:42] [Server thread/INFO]: [UltimateShop] Loaded language: es_ES.yml!
[19:48:42] [Server thread/INFO]: [UltimateShop] Loaded language: pt_BR.yml!
[19:48:42] [Server thread/INFO]: [UltimateShop] Default language being set to: en_US.yml!
[19:48:42] [Server thread/INFO]: [UltimateShop] PREMIUM version found, checking your license...
[19:48:42] [Server thread/INFO]: [UltimateShop] Download source: SELF_BUILD
[19:48:42] [Server thread/INFO]: [UltimateShop] Your server version is: 1.21.11!
[19:48:42] [Server thread/INFO]: [UltimateShop] Plugin is loaded. Author: PQguanfang.
[19:48:42] [Server thread/INFO]: [Multiverse-NetherPortals] Enabling Multiverse-NetherPortals v5.0.4
[19:48:42] [Server thread/INFO]: [Multiverse-NetherPortals] Version 5.0.4 (API v5.0) Enabled - By Rigby, fernferret and benwoo1110
[19:48:42] [Server thread/INFO]: [BackpackPlus] Enabling BackpackPlus v3.2.0-dev-00005
[19:48:42] [Server thread/INFO]: [NBTAPI] [NBTAPI] Found Minecraft: 1.21.11! Trying to find NMS support
[19:48:42] [Server thread/INFO]: [NBTAPI] [NBTAPI] NMS support 'MC1_21_R7' loaded!
[19:48:42] [Server thread/INFO]: [NBTAPI] [NBTAPI] Using the plugin 'BackpackPlus' to create a bStats instance!
[19:48:42] [Server thread/INFO]: [BackpackPlus] Loaded 10 blocked interaction blocks.
[19:48:42] [Server thread/INFO]: [BackpackPlus] [Settings] Configuration loaded successfully. No missing fields detected.
[19:48:43] [Server thread/INFO]: [BackpackPlus] [Pack] No update needed; current readme is up to date.
[19:48:43] [Server thread/INFO]: [BackpackPlus] [Database] Configuration loaded successfully. No missing fields detected.
[19:48:43] [Server thread/INFO]: [BackpackPlus] [Database] SQLite Successfully connected to database
[19:48:43] [Server thread/INFO]: [BackpackPlus] [Database] [SQLite] Tables and indexes created successfully.
[19:48:43] [Server thread/INFO]: [BackpackPlus] Language used: eng
[19:48:43] [Server thread/INFO]: [BackpackPlus] Plugin initialized successfully.
[19:48:43] [Server thread/INFO]: [DeluxeMenus] Enabling DeluxeMenus v1.14.1-Release
[19:48:43] [Server thread/INFO]: [DeluxeMenus] Successfully hooked into PlaceholderAPI!
[19:48:43] [Server thread/INFO]: [DeluxeMenus] Successfully hooked into Vault!
[19:48:43] [Server thread/INFO]: [DeluxeMenus] 156 GUI menus loaded!
[19:48:43] [Server thread/INFO]: [PlaceholderAPI] Successfully registered internal expansion: deluxemenus [1.14.1-Release]
[19:48:43] [Server thread/INFO]: [DeluxeMenus] You are running the latest version of DeluxeMenus!
[19:48:43] [Server thread/INFO]: [VoidSpawn] Enabling VoidSpawn v1.22.0
[19:48:43] [Server thread/INFO]: [VoidSpawn] No SkyBlock plugins found, disabling island mode support.
[19:48:43] [Server thread/INFO]: [VoidSpawn] v1.22.0 by EnderCrest enabled
[19:48:43] [Server thread/INFO]: [RocketPlaceholders] Enabling RocketPlaceholders v2.4
[19:48:43] [Server thread/INFO]: [RocketPlaceholders] Loaded 8 placeholders!
[19:48:43] [Server thread/INFO]: [RocketPlaceholders] Hooked into DeluxeMenus for JavaScript support.
[19:48:43] [Server thread/INFO]: [RocketPlaceholders] Hooked into DeluxeMenus for JavaScript support.
[19:48:43] [Server thread/INFO]: [RocketPlaceholders] PlaceholderAPI hooked!
[19:48:43] [Server thread/INFO]: [RocketPlaceholders] RocketPlaceholders v2.4 by Lorenzo0111 is now enabled!
[19:48:43] [Server thread/INFO]: [PlaceholderAPI] Successfully registered internal expansion: rp [2.4]
[19:48:43] [Server thread/INFO]: [Quests] Enabling Quests v5.2.9-b560
[19:48:43] [Server thread/INFO]: [Quests] Attempting to initialize Legacy Material Support. Ignore any warning(s) that follow.
[19:48:43] [Server thread/WARN]: [org.bukkit.craftbukkit.legacy.CraftLegacy] Initializing Legacy Material Support. Unless you have legacy plugins and/or data this is a bug!
[19:48:44] [pool-170-thread-1/INFO]: [ajLeaderboards] An update is available! (2.11.0) Run /ajLeaderboards update to download it!
[19:48:50] [Server thread/INFO]: [Quests] Loaded language en-US. Translations via Crowdin
[19:48:50] [Server thread/INFO]: [Quests] Successfully linked Quests with Citizens
[19:48:50] [Server thread/INFO]: [Quests] Loading storage implementation: YAML
[19:48:50] [Server thread/INFO]: [Jobs] Enabling Jobs v5.2.6.5
[19:48:50] [Server thread/INFO]: ------------- Jobs -------------
[19:48:50] [Server thread/INFO]: [PlaceholderAPI] Successfully registered internal expansion: jobsr [5.2.6.5]
[19:48:50] [Server thread/INFO]: PlaceholderAPI hooked.
[19:48:50] [Server thread/INFO]: Connected to database (SqLite)
[19:48:50] [Server thread/INFO]: Loaded 8 titles
[19:48:50] [Server thread/INFO]: Loaded 2 restricted areas!
[19:48:50] [Server thread/INFO]: Loaded 53 protected blocks timers
[19:48:50] [Server thread/INFO]: Loaded 1659 custom item names
[19:48:50] [Server thread/INFO]: Loaded 92 custom entity names
[19:48:50] [Server thread/INFO]: Loaded 2 custom MythicMobs names
[19:48:50] [Server thread/INFO]: Loaded 122 custom enchant names
[19:48:50] [Server thread/INFO]: Loaded 46 custom enchant names
[19:48:50] [Server thread/INFO]: Loaded 16 custom color names
[19:48:50] [Server thread/INFO]: Update shops items icon section and use 'ItemStack' instead
[19:48:50] [Server thread/INFO]: Loaded 4 shop items
[19:48:50] [Server thread/INFO]: Loaded 12 jobs
[19:48:50] [Server thread/INFO]: Loaded 0 boosted items
[19:48:50] [Server thread/INFO]: Loaded 2 furnace for reassigning.
[19:48:50] [Server thread/INFO]: Loaded 1 brewing for reassigning.
[19:48:50] [Jobs-DatabaseSaveTask/INFO]: Started database save task.
[19:48:50] [Jobs-BufferedPaymentThread/INFO]: Started buffered payment thread.
[19:48:50] [Server thread/INFO]: Preloaded 2 players data in 0.01
[19:48:50] [Server thread/INFO]: WorldGuard detected.
[19:48:50] [Server thread/INFO]: MythicMobs detected.
[19:48:50] [Server thread/INFO]: Registering listeners...
[19:48:50] [Server thread/INFO]: Registered MythicMobs listener.
[19:48:50] [Server thread/INFO]: Listeners registered successfully
[19:48:50] [Server thread/INFO]: Plugin has been enabled successfully.
[19:48:50] [Server thread/INFO]: ------------------------------------
[19:48:51] [Server thread/INFO]: [MOTD] Enabling MOTD v1 b3
[19:48:51] [Server thread/INFO]: [MOTD] ProtocolLib hooked.
[19:48:51] [Server thread/INFO]: [MOTD] Plugin enabled.
[19:48:51] [Server thread/INFO]: [DiceFurniture] Enabling DiceFurniture v3.9.4
[19:48:51] [Server thread/INFO]: [ConditionalEvents] Enabling ConditionalEvents v4.76.1
[19:48:51] [Server thread/INFO]: [PlaceholderAPI] Successfully registered internal expansion: conditionalevents [4.76.1]
[19:48:51] [Server thread/INFO]: [ConditionalEvents] Has been enabled! Version: 4.76.1
[19:48:51] [Server thread/INFO]: [ConditionalEvents] Thanks for using my plugin!   ~Ajneb97
[19:48:51] [Server thread/INFO]: [LPC] Enabling LPC v3.7.1
[19:48:52] [Server thread/INFO]: [spark] Starting background profiler...
[19:48:52] [Server thread/INFO]: [PlaceholderAPI] Placeholder expansion registration initializing...
[19:48:53] [Server thread/INFO]: [Geyser-Spigot] ******************************************
[19:48:53] [Server thread/INFO]: [Geyser-Spigot] 
[19:48:53] [Server thread/INFO]: [Geyser-Spigot] Loading Geyser version 2.11.2-b1232 (git-master-32e7fe1)
[19:48:53] [Server thread/INFO]: [Geyser-Spigot] 
[19:48:53] [Server thread/INFO]: [Geyser-Spigot] ******************************************
[19:48:53] [Server thread/INFO]: [Geyser-Spigot] Migrating legacy custom-skulls.yml file to "custom_mappings/migrated-custom-skulls.json"...
[19:48:53] [Server thread/WARN]: [Geyser-Spigot] Not adding texture 732fe121a63eaabd99ced6d1acc91798652d1ee8084d2f9127d8a315cad5ce4 for skull texture type SKIN_HASH twice!
[19:48:53] [Server thread/WARN]: [Geyser-Spigot] Not adding texture 557ee10213232c46bae79ec6e4aa0e0268046dbd3007612270f0db7ea5f1619a for skull texture type SKIN_HASH twice!
[19:48:53] [Server thread/WARN]: [Geyser-Spigot] Not adding texture 01b9def55876c41c17c815f88115f02c95f89620fbed6a6cb2d38d46fe05 for skull texture type SKIN_HASH twice!
[19:48:53] [Server thread/WARN]: [Geyser-Spigot] Not adding texture 207eef91a453a5151487c9d6b9d4c434db7f8a02a4caf18ef6f3358677f6 for skull texture type SKIN_HASH twice!
[19:48:53] [Server thread/WARN]: [Geyser-Spigot] Not adding texture 42737e99e4c0596a3712e7711baecae8d1ddb774ac1cf531896862380753e16 for skull texture type SKIN_HASH twice!
[19:48:53] [Server thread/WARN]: [Geyser-Spigot] Not adding texture 206a74fa8e1a4a8a427fc532a9a14d429fb6d8f913d158439e2599df48a46d5b for skull texture type SKIN_HASH twice!
[19:48:53] [Server thread/WARN]: [Geyser-Spigot] Not adding texture 44c8cd31bac657a3f26b52e262c83eb8338d56651fd22c1633565f3dbbc45777 for skull texture type SKIN_HASH twice!
[19:48:53] [Server thread/WARN]: [Geyser-Spigot] Not adding texture 33667731eb9f1a45cb2722e72d40e4bfe500d2d105767e9849f8ffb24775824d for skull texture type SKIN_HASH twice!
[19:48:53] [Server thread/WARN]: [Geyser-Spigot] Not adding texture f4ea2d6f939fefeff5d122e63dd26fa8a427df90b2928bc1fa89a8252a7e for skull texture type SKIN_HASH twice!
[19:48:53] [Server thread/WARN]: [Geyser-Spigot] Not adding texture 75ce894bf9a1552810afd4a8419e7ec362dab414d88ae287f2a5a1b65033fc13 for skull texture type SKIN_HASH twice!
[19:48:53] [Server thread/WARN]: [Geyser-Spigot] Not adding texture 2efb5c198fe74feb988dcb9af890b69e8169f5714a7ab4fe8795bd1f66df637f for skull texture type SKIN_HASH twice!
[19:48:53] [Server thread/WARN]: [Geyser-Spigot] Not adding texture 9512bb5c7813609fab6d6e71d365f20a967d7006e9c2fb1bffb29cabc90db456 for skull texture type SKIN_HASH twice!
[19:48:53] [Server thread/WARN]: [Geyser-Spigot] Not adding texture da82888584f0db1cc4f00226ae86ccce2c0f38d878f906b37fd6920e675b4a83 for skull texture type SKIN_HASH twice!
[19:48:53] [Server thread/WARN]: [Geyser-Spigot] Not adding texture 1a9570415f94b394ff51a9259f1fcf9db306677438bdc8bac35dcd591aa02ede for skull texture type SKIN_HASH twice!
[19:48:53] [Server thread/WARN]: [Geyser-Spigot] Not adding texture 3f4179032400794c985a76b83bbb2950126a1ea9ec6746de202964af3c57c8b1 for skull texture type SKIN_HASH twice!
[19:48:53] [Server thread/WARN]: [Geyser-Spigot] Not adding texture 72c4da0fba75743e82b0c222f87b9800a66e0f2c1f5718317d49af4592ff1377 for skull texture type SKIN_HASH twice!
[19:48:53] [Server thread/WARN]: [Geyser-Spigot] Not adding texture c04501b2925d91756dce352f3c43fa95c915bf952f5c8b813c4f846e0f11de34 for skull texture type SKIN_HASH twice!
[19:48:53] [Server thread/WARN]: [Geyser-Spigot] Not adding texture e1f27337d1e1a97b67bf33d4517ce0c21de82b70e3bfd45a22201a4d056b600c for skull texture type SKIN_HASH twice!
[19:48:53] [Server thread/WARN]: [Geyser-Spigot] Not adding texture bc3d0632c03e9f8748cf94c2576e8aef785bd8da433f3d139a7b561a5a714ada for skull texture type SKIN_HASH twice!
[19:48:53] [Server thread/WARN]: [Geyser-Spigot] Not adding texture f22e40b4bfbcc0433044d86d67685f0567025904271d0a74996afbe3f9be2c0f for skull texture type SKIN_HASH twice!
[19:48:53] [Server thread/WARN]: [Geyser-Spigot] Not adding texture b62651879d870499da50e34036800ddffd52f3e4e1993c5fc0fc825d03446d8b for skull texture type SKIN_HASH twice!
[19:48:53] [Server thread/WARN]: [Geyser-Spigot] Not adding texture f901f0785d222e9afa5056cddafdb7a33a4aa9c89e912ee71f33b6d7631054d for skull texture type SKIN_HASH twice!
[19:48:53] [Server thread/WARN]: [Geyser-Spigot] Not adding texture be6f6d3560a29a3ab0c28f8b72c0582c0a75790b93720a9c0586bf8a1e59595d for skull texture type SKIN_HASH twice!
[19:48:53] [Server thread/WARN]: [Geyser-Spigot] Not adding texture a2f3d5124958a7e37a7d9f17eec198082b5d48dfbb35d8b999335a59ccd5a8bc for skull texture type SKIN_HASH twice!
[19:48:53] [Server thread/WARN]: [Geyser-Spigot] Not adding texture 45435c37edafe165c92ae3736e15c464ad621d61220435d1a39adb4705fb886 for skull texture type SKIN_HASH twice!
[19:48:53] [Server thread/WARN]: [Geyser-Spigot] Not adding texture eeffba9338e8b5fa618cc46fade0c14a4dc2540a21e912313b66e2872fd9b for skull texture type SKIN_HASH twice!
[19:48:53] [Server thread/WARN]: [Geyser-Spigot] Not adding texture 1b1ec572cacdecc4415787ea79830cdf439936adcdc0c8175a287ccf6e8110c for skull texture type SKIN_HASH twice!
[19:48:53] [Server thread/WARN]: [Geyser-Spigot] Not adding texture 990cbd72e41a9bd411be929b73fd269206368b2810d6c6819918cb8eb66224f4 for skull texture type SKIN_HASH twice!
[19:48:53] [Server thread/WARN]: [Geyser-Spigot] Not adding texture 13867d0b200bf912be00e7843371deb9e4ade7c5af6a53705a02c330ce336faa for skull texture type SKIN_HASH twice!
[19:48:53] [Server thread/WARN]: [Geyser-Spigot] Not adding texture 9e1a1d83f0bb7cd876e9d8c7a1dd56a90756621db1f13eada1814da7d022cdf3 for skull texture type SKIN_HASH twice!
[19:48:53] [Server thread/WARN]: [Geyser-Spigot] Not adding texture 129fb9f593b6ae533dfa8ce79615fcc35894a42cbb41de598d694767352fe for skull texture type SKIN_HASH twice!
[19:48:53] [Server thread/WARN]: [Geyser-Spigot] Not adding texture 4f01ec6331a3bc30a8204ec56398d08ca38788556bca9b81d776f6238d567367 for skull texture type SKIN_HASH twice!
[19:48:53] [Server thread/WARN]: [Geyser-Spigot] Not adding texture 795a7a67f7a4b38f827f1bca80e61f48606b69ce5f6434412bbfd8a57656ad2d for skull texture type SKIN_HASH twice!
[19:48:53] [Server thread/WARN]: [Geyser-Spigot] Not adding texture 9ab6535a2be01fba7a37b3bbd3e0afd74fc1bcbbd939fb3f466a4486f60e3aa0 for skull texture type SKIN_HASH twice!
[19:48:53] [Server thread/WARN]: [Geyser-Spigot] Not adding texture 980045090b070a58a9f6a4982ddae029f5cbaf9c37ca4ac41c71622e9a5d37fa for skull texture type SKIN_HASH twice!
[19:48:53] [Server thread/WARN]: [Geyser-Spigot] Not adding texture ee06902b24ab05284ed132c5d851010964002260a656534aa420e4a68dd327b2 for skull texture type SKIN_HASH twice!
[19:48:53] [Server thread/WARN]: [Geyser-Spigot] Not adding texture 71dba54b5539f2b0e5548aabc8a0854b426dad2d7b5da38225da24696ef8244e for skull texture type SKIN_HASH twice!
[19:48:53] [Server thread/WARN]: [Geyser-Spigot] Not adding texture 9598fcbbf65b9ff66da99487403e4baf7e4c50144d06c7417bbded578d76d004 for skull texture type SKIN_HASH twice!
[19:48:53] [Server thread/WARN]: [Geyser-Spigot] Not adding texture e82b0b7c68e88800030e674522aab40396fa543072b949c0600e66c2ed352ff0 for skull texture type SKIN_HASH twice!
[19:48:53] [Server thread/WARN]: [Geyser-Spigot] Not adding texture 3cdaa5bf0bc542050c734c58f4283215c9a4f0f18c3ddad871913dbf667ce433 for skull texture type SKIN_HASH twice!
[19:48:53] [Server thread/WARN]: [Geyser-Spigot] Not adding texture 847c7ec7a6171cb9bcfa4295b26898ab5a46441c7941d5aa0bcf33f45f802c01 for skull texture type SKIN_HASH twice!
[19:48:53] [Server thread/WARN]: [Geyser-Spigot] Not adding texture 6b95dc00be419218da3ec16685cf09902c193f004a09f4f73eaa2b9dd1080c5e for skull texture type SKIN_HASH twice!
[19:48:53] [Server thread/WARN]: [Geyser-Spigot] Not adding texture 1e000f964be85582a19743e3e62564cec95fd7cc3ea9d8a09e7cbe55c5b6bebf for skull texture type SKIN_HASH twice!
[19:48:53] [Server thread/WARN]: [Geyser-Spigot] Not adding texture cce2a21c414d8c9dc316b6487bcbd1e098c8ec808ab626e0d510c76323e9a13b for skull texture type SKIN_HASH twice!
[19:48:53] [Server thread/WARN]: [Geyser-Spigot] Not adding texture cef119f08851a72a5f10fbc3247d95e1c006360d2b4f412b23ce054092756b0c for skull texture type SKIN_HASH twice!
[19:48:53] [Server thread/WARN]: [Geyser-Spigot] Not adding texture 53e97fab4753b75ba5b0c038bed377b162ba28b7a5e290abfd018a5581ac5388 for skull texture type SKIN_HASH twice!
[19:48:53] [Server thread/WARN]: [Geyser-Spigot] Not adding texture 92575bc947648b7fe68f1b623feb7f77286f96a179895d72d2718f94b89c63 for skull texture type SKIN_HASH twice!
[19:48:53] [Server thread/WARN]: [Geyser-Spigot] Not adding texture d20cb73f207b07d259ca1eef7cade302c7ea104b8a0c240b897a577971122e56 for skull texture type SKIN_HASH twice!
[19:48:53] [Server thread/WARN]: [Geyser-Spigot] Not adding texture f764994d7eae1de63a8340eeb69d06ded7f65752de6c5d57f072355f05b1641c for skull texture type SKIN_HASH twice!
[19:48:53] [Server thread/WARN]: [Geyser-Spigot] Not adding texture 71e1c4d8ab32a1175c3bd6a7932dd5e8be7eb20fcd54de465b3d77ea7e6422fa for skull texture type SKIN_HASH twice!
[19:48:53] [Server thread/WARN]: [Geyser-Spigot] Not adding texture f764994d7eae1de63a8340eeb69d06ded7f65752de6c5d57f072355f05b1641c for skull texture type SKIN_HASH twice!
[19:48:53] [Server thread/WARN]: [Geyser-Spigot] Not adding texture f764994d7eae1de63a8340eeb69d06ded7f65752de6c5d57f072355f05b1641c for skull texture type SKIN_HASH twice!
[19:48:53] [Server thread/WARN]: [Geyser-Spigot] Not adding texture 51ce17b3f3c1b05943a100c4ee5265d222f8a069e395aaebf3f6b199da20ff65 for skull texture type SKIN_HASH twice!
[19:48:53] [Server thread/WARN]: [Geyser-Spigot] Not adding texture fce6604157fc4ab5591e4bcf507a749918ee9c41e357d47376e0ee7342074c90 for skull texture type SKIN_HASH twice!
[19:48:53] [Server thread/WARN]: [Geyser-Spigot] Not adding texture 9985e961228393a4cd57faae17bfb07bd0fda085316fd8be58459874decc3bc8 for skull texture type SKIN_HASH twice!
[19:48:53] [Server thread/WARN]: [Geyser-Spigot] Not adding texture e82b0b7c68e88800030e674522aab40396fa543072b949c0600e66c2ed352ff0 for skull texture type SKIN_HASH twice!
[19:48:53] [Server thread/WARN]: [Geyser-Spigot] Not adding texture e82b0b7c68e88800030e674522aab40396fa543072b949c0600e66c2ed352ff0 for skull texture type SKIN_HASH twice!
[19:48:53] [Server thread/WARN]: [Geyser-Spigot] Not adding texture eb76b4ee988572297cbd874683bee96ae3c55ce94c004e51adc82cee16cd0b0c for skull texture type SKIN_HASH twice!
[19:48:53] [Server thread/WARN]: [Geyser-Spigot] Not adding texture 9ae97da35dd323d4db866a16e473b1a2b43d6206aa398430e91a2cef0caa706d for skull texture type SKIN_HASH twice!
[19:48:53] [Server thread/WARN]: [Geyser-Spigot] Not adding texture 87ba146245da0165e6a459d0dc2d12d77a969032d1c56aa0b0916059f202ddd for skull texture type SKIN_HASH twice!
[19:48:53] [Server thread/WARN]: [Geyser-Spigot] Not adding texture 6910f7669b164a18b56c4c9183e5aea328fbb63a964098312e0c0bce131d995e for skull texture type SKIN_HASH twice!
[19:48:53] [Server thread/WARN]: [Geyser-Spigot] Not adding texture 5ee118eddaee0dfb2cbc2c3d59c13a41a7d68cce945e42167aa1dcb8d0670517 for skull texture type SKIN_HASH twice!
[19:48:53] [Server thread/WARN]: [Geyser-Spigot] Not adding texture eace6b180f30baee2b97c7d06f6464f7242b64cfc272bf6e5a6b2a63d3bb2737 for skull texture type SKIN_HASH twice!
[19:48:53] [Server thread/WARN]: [Geyser-Spigot] Not adding texture e9e348c49951a201bedf2c7032efe8d29d07e7604ed57cc6a48c4abc928016df for skull texture type SKIN_HASH twice!
[19:48:53] [Server thread/WARN]: [Geyser-Spigot] Not adding texture 1a9570415f94b394ff51a9259f1fcf9db306677438bdc8bac35dcd591aa02ede for skull texture type SKIN_HASH twice!
[19:48:53] [Server thread/WARN]: [Geyser-Spigot] Not adding texture 1a9570415f94b394ff51a9259f1fcf9db306677438bdc8bac35dcd591aa02ede for skull texture type SKIN_HASH twice!
[19:48:53] [Server thread/WARN]: [Geyser-Spigot] Not adding texture a53d39f4fae98dab14063a7ffd4067892b7d7e91f0985b9cf61e87a810571ad5 for skull texture type SKIN_HASH twice!
[19:48:53] [Server thread/WARN]: [Geyser-Spigot] Not adding texture b0bfc2577f6e26c6c6f7365c2c4076bccee653124989382ce93bca4fc9e39b for skull texture type SKIN_HASH twice!
[19:48:53] [Server thread/WARN]: [Geyser-Spigot] Not adding texture 24e73adc6be7922d0d6287192b48b4afcd6d72207773d0b15a1903b051ec0c22 for skull texture type SKIN_HASH twice!
[19:48:53] [Server thread/WARN]: [Geyser-Spigot] Not adding texture 938a42a80c70b243643ee5015e9d5149af54ade83ff55c2179f8a8b3b10805f6 for skull texture type SKIN_HASH twice!
[19:48:53] [Server thread/WARN]: [Geyser-Spigot] Not adding texture 54b8f3dbea08b3640555729c32d7461aa49ee229b9d6bb9ba3c907fdc45fa952 for skull texture type SKIN_HASH twice!
[19:48:53] [Server thread/WARN]: [Geyser-Spigot] Not adding texture 3e1ea243e4a09b4e4de84bee3a3af6409fb0597f3788802589eb8bda920c3a5f for skull texture type SKIN_HASH twice!
[19:48:53] [Server thread/WARN]: [Geyser-Spigot] Not adding texture 285bc63b5317387e86cb308732c9671796902759e48c30219de9555fefeb436b for skull texture type SKIN_HASH twice!
[19:48:53] [Server thread/WARN]: [Geyser-Spigot] Not adding texture 55e2b46e52ac92d419a2ddbcc9cdce7b451cb48ae739d85d607db0502a008ce0 for skull texture type SKIN_HASH twice!
[19:48:53] [Server thread/WARN]: [Geyser-Spigot] Not adding texture db2b624ddc7d4a65e5270ae5b775e18e8d55898f1572b459bdf94dd0d46484f7 for skull texture type SKIN_HASH twice!
[19:48:53] [Server thread/WARN]: [Geyser-Spigot] Not adding texture 2ea324d1590a3a621b5cd059a43fe15afe63d50d61c1d1aa9486f463e89b0669 for skull texture type SKIN_HASH twice!
[19:48:53] [Server thread/WARN]: [Geyser-Spigot] Not adding texture 2d036e9ded40c96fccf1777693385ed0840e8c8b1bc4922310d4593e8c55b365 for skull texture type SKIN_HASH twice!
[19:48:53] [Server thread/WARN]: [Geyser-Spigot] Not adding texture 4512f6209d7785c54b165d552ca9b93e11de638baebf65bc862137f8f3da3b6f for skull texture type SKIN_HASH twice!
[19:48:53] [Server thread/WARN]: [Geyser-Spigot] Not adding texture 72103527faa45aded5a3a1682900da54601d30eb1257a8f48619322fe5721d80 for skull texture type SKIN_HASH twice!
[19:48:53] [Server thread/WARN]: [Geyser-Spigot] Not adding texture 9b1760e3778f8087046b86bec6a0a83a567625f30f0d6bce866d4bed95dba6c1 for skull texture type SKIN_HASH twice!
[19:48:53] [Server thread/WARN]: [Geyser-Spigot] Not adding texture 13bde068fe41e458b0731333ef82821fff8669a06d115bfcd6f1f854fd788f78 for skull texture type SKIN_HASH twice!
[19:48:53] [Server thread/WARN]: [Geyser-Spigot] Not adding texture 5cc04c81f781b46db142a15eb23b06e21b8a3c5627d0e8e70e61fe09ee372f54 for skull texture type SKIN_HASH twice!
[19:48:53] [Server thread/WARN]: [Geyser-Spigot] Not adding texture 2b52841f2fd589e0bc84cbabf9e1c27cb70cac98f8d6b3dd065e55a4dcb70d77 for skull texture type SKIN_HASH twice!
[19:48:53] [Server thread/WARN]: [Geyser-Spigot] Not adding texture bc83f26f420004dbd3ef15ae0521361887e1e4d7fcc4f4bfb0fe1f54b16e7711 for skull texture type SKIN_HASH twice!
[19:48:53] [Server thread/WARN]: [Geyser-Spigot] Not adding texture 3ad3dd0083faa69a062f9ad81418f5a596180bf1592e4b8d1303b230b64bc79e for skull texture type SKIN_HASH twice!
[19:48:53] [Server thread/WARN]: [Geyser-Spigot] Not adding texture 393309130ff12d8e757479602c3777353f22559e9fcb1b6b88dfb254ec8518be for skull texture type SKIN_HASH twice!
[19:48:53] [Server thread/WARN]: [Geyser-Spigot] Not adding texture da6e0429ccaabb6f5f0c5d513c795bed6d80fce72f57f4bc3a616aee23e12572 for skull texture type SKIN_HASH twice!
[19:48:53] [Server thread/WARN]: [Geyser-Spigot] Not adding texture e5aa825d251dafb1f8947a36b88462718ade8c2cf30fc4cddd0ea7b184bf0 for skull texture type SKIN_HASH twice!
[19:48:53] [Server thread/WARN]: [Geyser-Spigot] Not adding texture cebd7badd31d92a2bde819d52f3cf0439f63ab118d696077225151197bb5eb17 for skull texture type SKIN_HASH twice!
[19:48:53] [Server thread/WARN]: [Geyser-Spigot] Not adding texture b616281113ff33df8eb3b01560af5b84f5bcce70789f2b063a54c6af3ac1e865 for skull texture type SKIN_HASH twice!
[19:48:53] [Server thread/WARN]: [Geyser-Spigot] Not adding texture a723893df4cfb9c7240fc47b560ccf6ddeb19da9183d33083f2c71f46dad290a for skull texture type SKIN_HASH twice!
[19:48:53] [Server thread/WARN]: [Geyser-Spigot] Not adding texture 63b6bb53e33db2c19ae88b5ce7e24e8b5f3137c411b4f704f0aebd5deee15694 for skull texture type SKIN_HASH twice!
[19:48:53] [Server thread/WARN]: [Geyser-Spigot] Not adding texture 68d9c023736cbbc979164ae8201bb491a9146e2791a0f14bd6f4bc276bf84c79 for skull texture type SKIN_HASH twice!
[19:48:53] [Server thread/WARN]: [Geyser-Spigot] Not adding texture da91dab8391af5fda54acd2c0b18fbd819b865e1a8f1d623813fa761e924540 for skull texture type SKIN_HASH twice!
[19:48:53] [Server thread/WARN]: [Geyser-Spigot] Not adding texture b20657e24b56e1b2f8fc219da1de788c0c24f36388b1a409d0cd2d8dba44aa3b for skull texture type SKIN_HASH twice!
[19:48:53] [Server thread/WARN]: [Geyser-Spigot] Not adding texture 163bf3137b37ff15dca924f681dd78a495d8a30a86140fec66d4fadde577e43b for skull texture type SKIN_HASH twice!
[19:48:53] [Server thread/WARN]: [Geyser-Spigot] Not adding texture 8eafa2303599198b42a95357b511fa09fc992fc12b9513d154d7e72bfae72e75 for skull texture type SKIN_HASH twice!
[19:48:53] [Server thread/WARN]: [Geyser-Spigot] Not adding texture 482b78da6ee713d5acfe5fcb0754ee56900831a5098313064108de6e7e406839 for skull texture type SKIN_HASH twice!
[19:48:53] [Server thread/WARN]: [Geyser-Spigot] Not adding texture 64528b3229660f3dfab42414f59ee8fd01e80081dd3df30869536ba9b414e089 for skull texture type SKIN_HASH twice!
[19:48:53] [Server thread/WARN]: [Geyser-Spigot] Not adding texture eccc4a32d45d74e8b14ef1ffd55cd5f381a06d4999081d52eaea12e13293e209 for skull texture type SKIN_HASH twice!
[19:48:53] [Server thread/WARN]: [Geyser-Spigot] Not adding texture eec5574603f3048f21ad5a3c94d97115706011fe6ba67781091b8a9ac10af54f for skull texture type SKIN_HASH twice!
[19:48:53] [Server thread/WARN]: [Geyser-Spigot] Not adding texture 5bc7b9d36fb92b6bf292be73d32c6c5b0ecc25b44323a541fae1f1e67e393a3e for skull texture type SKIN_HASH twice!
[19:48:53] [Server thread/WARN]: [Geyser-Spigot] Not adding texture a0bf34a71e7715b6ba52d5dd1bae5cb85f773dc9b0d457b4bfc5f9dd3cc7c94 for skull texture type SKIN_HASH twice!
[19:48:53] [Server thread/WARN]: [Geyser-Spigot] Not adding texture a1c97a06efde04d00287bf20416404ab2103e10f08623087e1b0c1264a1c0f0c for skull texture type SKIN_HASH twice!
[19:48:53] [Server thread/WARN]: [Geyser-Spigot] Not adding texture 20e13d18474fc94ed55aeb7069566e4687d773dac16f4c3f8722fc95bf9f2dfa for skull texture type SKIN_HASH twice!
[19:48:53] [Server thread/WARN]: [Geyser-Spigot] Not adding texture 5eff5b7faec190d33ee61fc1517cce2be6c47dac199d513cb12c29041b705611 for skull texture type SKIN_HASH twice!
[19:48:53] [Server thread/WARN]: [Geyser-Spigot] Not adding texture 87ad920a66e38cc3426a5bff084667e8772116915e298098567c139f222e2c42 for skull texture type SKIN_HASH twice!
[19:48:53] [Server thread/WARN]: [Geyser-Spigot] Not adding texture 6157f19da077a3df49b2925fb6e8b400222ba6e559e86815f9b296d9e9667dd7 for skull texture type SKIN_HASH twice!
[19:48:53] [Server thread/WARN]: [Geyser-Spigot] Not adding texture f8c211d66c803aac15ab86f79c7edfd6c3b2034d23355a92f6bd42e835260be0 for skull texture type SKIN_HASH twice!
[19:48:53] [Server thread/WARN]: [Geyser-Spigot] Not adding texture 98896605e41a1f4e2c3c92a964f391f4e61390cb10af2c0fab615a5d34e61074 for skull texture type SKIN_HASH twice!
[19:48:53] [Server thread/WARN]: [Geyser-Spigot] Not adding texture ea65b907e318aa014d9365b8394ae4b239e31ca9aaf9da5ce701024a1fc847a4 for skull texture type SKIN_HASH twice!
[19:48:53] [Server thread/WARN]: [Geyser-Spigot] Not adding texture 5199bfc873de4f4f59c9a4c8bb36546de172f7b4fab4c03dbfd58aefa64514cf for skull texture type SKIN_HASH twice!
[19:48:53] [Server thread/WARN]: [Geyser-Spigot] Not adding texture f473a49513b06f3274624025f83324fef4116b5c431084671ded928f59d5a291 for skull texture type SKIN_HASH twice!
[19:48:53] [Server thread/WARN]: [Geyser-Spigot] Not adding texture a792b6997d739f535beed3ab1d4aeadfa76777bf8e38a666f54f82ff9f858186 for skull texture type SKIN_HASH twice!
[19:48:53] [Server thread/WARN]: [Geyser-Spigot] Not adding texture 125851a86ee1c54c94fc5bed017823dfb3ba08eddbcab2a914ef45b596c1603 for skull texture type SKIN_HASH twice!
[19:48:53] [Server thread/WARN]: [Geyser-Spigot] Not adding texture 7ad7b5aeb220c079e319cd70ac8800e80774a9313c22f38e77afb89999e6ec87 for skull texture type SKIN_HASH twice!
[19:48:53] [Server thread/WARN]: [Geyser-Spigot] Not adding texture faac7f4795f3ebc9d3cb994c144ebd7a0aa8dc94df89205284c3a17a7a37c88 for skull texture type SKIN_HASH twice!
[19:48:53] [Server thread/WARN]: [Geyser-Spigot] Not adding texture c19b7b5e9ffd4e22b890ab778b4795b662faff2b4978bf815574e48b0e52b301 for skull texture type SKIN_HASH twice!
[19:48:53] [Server thread/WARN]: [Geyser-Spigot] Not adding texture e935842af769380f78e8b8a88d1ea6ca2807c1e5693c2cf797456620833e936f for skull texture type SKIN_HASH twice!
[19:48:53] [Server thread/WARN]: [Geyser-Spigot] Not adding texture 8554b217f20f5cff14ab44dd28a1e93ef3a2a2bdd3256e9f9f33946e7010a778 for skull texture type SKIN_HASH twice!
[19:48:53] [Server thread/WARN]: [Geyser-Spigot] Not adding texture 19e8735c4db55de32b881bfbd1914f1a63e5033dc559866503546ad81e8d48c6 for skull texture type SKIN_HASH twice!
[19:48:53] [Server thread/WARN]: [Geyser-Spigot] Not adding texture 92a9113b301fd4bd8ea9a244968ead3c5dc9047215885079028b7e98870b50cf for skull texture type SKIN_HASH twice!
[19:48:53] [Server thread/WARN]: [Geyser-Spigot] Not adding texture e0eeaa869f53fa989198f5595520aec9395509aba993596a86654b3a0f6ca4a6 for skull texture type SKIN_HASH twice!
[19:48:53] [Server thread/WARN]: [Geyser-Spigot] Not adding texture e18f77331b2cab64e2b430fa8e4273e4db7f78fcdfa4b1a9a418af47375056eb for skull texture type SKIN_HASH twice!
[19:48:53] [Server thread/WARN]: [Geyser-Spigot] Not adding texture ee011aac817259f2b48da3e5ef266094703866608b3d7d1754432bf249cd2234 for skull texture type SKIN_HASH twice!
[19:48:53] [Server thread/WARN]: [Geyser-Spigot] Not adding texture 18e57841607f449e76b7c820fcbd1913ec1b80c4ac81728874db230f5df2b3b for skull texture type SKIN_HASH twice!
[19:48:53] [Server thread/WARN]: [Geyser-Spigot] Not adding texture cd20bf52ec390a0799299184fc678bf84cf732bb1bd78fd1c4b441858f0235a8 for skull texture type SKIN_HASH twice!
[19:48:53] [Server thread/WARN]: [Geyser-Spigot] Not adding texture 4feeff4b7fcfce68b0f74df0db0ad0c01f7301d0c6d893699b402bd50bb376b0 for skull texture type SKIN_HASH twice!
[19:48:53] [Server thread/WARN]: [Geyser-Spigot] Not adding texture 824a0f57f5e0e75fbc4f47140f076e02a1e17e2145ca82cf649faf90cf0fd982 for skull texture type SKIN_HASH twice!
[19:48:53] [Server thread/WARN]: [Geyser-Spigot] Not adding texture ef0b5ce781cf017224baccd9de367e41691b33ad4d84c03e49844052153465a7 for skull texture type SKIN_HASH twice!
[19:48:53] [Server thread/WARN]: [Geyser-Spigot] Not adding texture cfbdc0722549ce9f72fed18ce4f278f27ca32a03965c635778b54d05d3ca80f4 for skull texture type SKIN_HASH twice!
[19:48:53] [Server thread/WARN]: [Geyser-Spigot] Not adding texture 1e9fe0d349f799877cc5e894a482f762984a6f2f40d213947c0e92e22f9b11e6 for skull texture type SKIN_HASH twice!
[19:48:53] [Server thread/WARN]: [Geyser-Spigot] Not adding texture c56f13b5f22d2a4a56e6773ff3f09524df086f4cadcbed543e6212725dfd05de for skull texture type SKIN_HASH twice!
[19:48:53] [Server thread/WARN]: [Geyser-Spigot] Not adding texture c84df79c49104b198cdad6d99fd0d0bcf1531c92d4ab6269e40b7d3cbbb8e98c for skull texture type SKIN_HASH twice!
[19:48:53] [Server thread/WARN]: [Geyser-Spigot] Not adding texture 4d482a65d004bceb7141349636911630dffba68ff21b8d51d9177850f944c6ff for skull texture type SKIN_HASH twice!
[19:48:53] [Server thread/WARN]: [Geyser-Spigot] Not adding texture 4639d325f4494258a473a93a3b47f34a0c51b3fceaf59fee87205a5e7ff31f68 for skull texture type SKIN_HASH twice!
[19:48:53] [Server thread/WARN]: [Geyser-Spigot] Not adding texture 9f7d90b305aa64313c8d4404d8d652a96eba8a754b67f4347dcccdd5a6a63398 for skull texture type SKIN_HASH twice!
[19:48:53] [Server thread/WARN]: [Geyser-Spigot] Not adding texture 5e7330c7d5cd8a0a55ab9e95321535ac7ae30fe837c37ea9e53bea7ba2de86b for skull texture type SKIN_HASH twice!
[19:48:53] [Server thread/WARN]: [Geyser-Spigot] Not adding texture 630ce775edb65db8c2741bdfae84f3c0d0285aba93afadc74900d55dfd9504a5 for skull texture type SKIN_HASH twice!
[19:48:53] [Server thread/WARN]: [Geyser-Spigot] Not adding texture 9f3fc79ed0f18c131ee74937760fdb611e188c0d2f388f35ec7a7a251f3302dd for skull texture type SKIN_HASH twice!
[19:48:53] [Server thread/WARN]: [Geyser-Spigot] Not adding texture 2144bdad6bc18a3716b196dc4a4bd695265eccaadd0d945beb976443f82693b for skull texture type SKIN_HASH twice!
[19:48:53] [Server thread/WARN]: [Geyser-Spigot] Not adding texture a0486a742e7dda0bae61ce2f55fa13527f1c3b334c57c034bb4cf132fb5f5f for skull texture type SKIN_HASH twice!
[19:48:53] [Server thread/WARN]: [Geyser-Spigot] Not adding texture 47effce35132c86ff72bcae77dfbb1d22587e94df3cbc2570ed17cf8973a for skull texture type SKIN_HASH twice!
[19:48:53] [Server thread/WARN]: [Geyser-Spigot] Not adding texture ce62ef83bc7ddc9b86a6a1a916d1ddb802f4d14fd75be8cac6d69c7b6e1cf97 for skull texture type SKIN_HASH twice!
[19:48:53] [Server thread/WARN]: [Geyser-Spigot] Not adding texture 1c797482a14bfcb877257cb2cff1b6e6a8b8413336ffb4c29a6139278b436b for skull texture type SKIN_HASH twice!
[19:48:53] [Server thread/WARN]: [Geyser-Spigot] Not adding texture 1e4d204ebc242eca2148f5853e3af00f84f0d674099dc394f6d2924b240ca2e3 for skull texture type SKIN_HASH twice!
[19:48:53] [Server thread/WARN]: [Geyser-Spigot] Not adding texture 3485ea694f65e73eb546dc2c588cf2d0706bc5e08c14e7125f973b303ff4c8e8 for skull texture type SKIN_HASH twice!
[19:48:53] [Server thread/WARN]: [Geyser-Spigot] Not adding texture 269b9734d0e7bf060fedc6bf7fec64e1f7ad6fc80b0fd8441ad0c7508c850d73 for skull texture type SKIN_HASH twice!
[19:48:53] [Server thread/WARN]: [Geyser-Spigot] Not adding texture 6572747a639d2240feeae5c81c6874e6ee7547b599e74546490dc75fa2089186 for skull texture type SKIN_HASH twice!
[19:48:53] [Server thread/WARN]: [Geyser-Spigot] Not adding texture ee365723a310c59ab9ee17e79e9e1a6b29e59e0b23d145b13342436e0719f190 for skull texture type SKIN_HASH twice!
[19:48:53] [Server thread/WARN]: [Geyser-Spigot] Not adding texture 541693d604ed8eb31f550d3c8b124ad3f0f4a34f5f83a72def177fce4ac90916 for skull texture type SKIN_HASH twice!
[19:48:53] [Server thread/INFO]: [Geyser-Spigot] Registered 145 custom skulls as custom blocks.
[19:48:54] [Server thread/INFO]: [Geyser-Spigot] Registered 199 custom block overrides.
[19:48:54] [Server thread/INFO]: [Geyser-Spigot] Registered 2 custom block item overrides.
[19:48:54] [Server thread/INFO]: [Geyser-Spigot] Registered 152 custom blocks.
[19:48:55] [Server thread/WARN]: [Geyser-Spigot] The custom item item_crates_elderguardian is using render offsets! These are deprecated and will be removed in a future version! Please migrate to attachables.
[19:48:55] [Server thread/INFO]: [Geyser-Spigot] Registered 410 custom items
[19:48:56] [Server thread/INFO]: [Geyser-Spigot] Reusing cached player skull resource pack.
[19:48:56] [GeyserServer-4-1/INFO]: [Geyser-Spigot] Started Geyser on UDP port 25565
[19:48:56] [ForkJoinPool.commonPool-worker-2/INFO]: [Geyser-Spigot] Downloading Minecraft JAR to extract required files, please wait... (this may take some time depending on the speed of your internet connection)
[19:48:56] [Server thread/INFO]: [Geyser-Spigot] Done (3.709s)! Run /geyser help for help!
[19:48:57] [Server thread/INFO]: Running delayed init tasks
[19:48:57] [Craft Scheduler Thread - 7 - ItemJoin/INFO]: [ItemJoin] Hooked into { Multiverse-Core, WorldGuard, PlaceholderAPI, Citizens, Vault }
[19:48:57] [Craft Scheduler Thread - 9 - ViaVersion/INFO]: [ViaVersion] Finished mapping loading, shutting down loader executor.
[19:48:57] [Craft Scheduler Thread - 11 - Essentials/INFO]: [Essentials] Fetching version information...
[19:48:57] [Craft Scheduler Thread - 12 - PlayerAuctions/INFO]: [PlayerAuctions] Loading auction items...
[19:48:57] [Craft Scheduler Thread - 11 - Essentials/INFO]: [Essentials] 
[19:48:57] [ForkJoinPool.commonPool-worker-1/INFO]: [ModelEngine] [A] 
[19:48:57] [ForkJoinPool.commonPool-worker-1/INFO]: [ModelEngine] [A] [Importing models]
[19:48:57] [Craft Scheduler Thread - 11 - InteractiveChat/INFO]: [InteractiveChat] Loading languages...
[19:48:57] [ForkJoinPool.commonPool-worker-1/INFO]: [ModelEngine] [A] Loading cache version: R4.0.8
[19:48:57] [Craft Scheduler Thread - 25 - Vault/INFO]: [Vault] Checking for Updates ... 
[19:48:57] [Craft Scheduler Thread - 23 - ItemJoin/INFO]: [ItemJoin] Update checking is currently disabled in the config.yml 
[ItemJoin] If you wish to use the auto update feature, you will need to enable it.
[19:48:57] [Server thread/INFO]: [ExcellentEconomy] Available balance data migration from Vault.
[19:48:57] [Craft Scheduler Thread - 14 - FancyGlow/INFO]: [FancyGlow] Compatible version of TAB has been found.
[19:48:57] [Craft Scheduler Thread - 14 - FancyGlow/INFO]: [FancyGlow] You can enable the Auto_Tag option in your config to use it.
[19:48:57] [Craft Scheduler Thread - 22 - BackpackPlus/INFO]: =============================[BackpackPlus]=============================
[19:48:57] [Craft Scheduler Thread - 22 - BackpackPlus/INFO]: You are using a development version of the plugin: (DEV 3.2.0-5)
[19:48:57] [Craft Scheduler Thread - 22 - BackpackPlus/INFO]: Latest public version: (RELEASE 3.2.0)
[19:48:57] [Craft Scheduler Thread - 22 - BackpackPlus/INFO]: This version may be unstable and is intended for testing purposes only.
[19:48:57] [Craft Scheduler Thread - 22 - BackpackPlus/INFO]: =============================[BackpackPlus]=============================
[19:48:57] [Craft Scheduler Thread - 22 - BackpackPlus/INFO]: A newer public version is available!
[19:48:57] [Craft Scheduler Thread - 24 - UltraCosmetics/WARN]: [UltraCosmetics] Can't read supported versions line:
[19:48:57] [Craft Scheduler Thread - 24 - UltraCosmetics/WARN]: [UltraCosmetics] Repackaging to resolve an issue affecting a small number of users where the plugin failed to enable. If you've already updated to 
<span class="BBcodeInlineCode">3.15-RELEASE</span> and it's working for you, you do not need to update.
[19:48:57] [Craft Scheduler Thread - 24 - UltraCosmetics/INFO]: [UltraCosmetics] A new version is available on Spigot, but it doesn't support this server version.
[19:48:57] [Craft Scheduler Thread - 16 - ODailyQuests/INFO]: [O'DailyQuests] Plugin is up to date.
[19:48:57] [Craft Scheduler Thread - 8 - PlayerWarps/INFO]: [PlayerWarps] There is a new v5.0.0 update available (You are running v4.2.1).
Outdated versions are no longer supported, get the latest one here: https://bit.ly/revivalo-playerwarps
[19:48:57] [Craft Scheduler Thread - 13 - CMILib/INFO]: New version of CMILib was detected. Please update it (1.5.9.0 -> 1.5.9.9)
[19:48:57] [Craft Scheduler Thread - 4 - BlueSlimeCore/INFO]: [Blue Slime Core]  
[19:48:57] [Craft Scheduler Thread - 4 - BlueSlimeCore/INFO]: [Blue Slime Core] [Update Checker] There are no updates available for plugin 'CombatLogX'.
[19:48:57] [Craft Scheduler Thread - 25 - Vault/INFO]: [Vault] No new version available
[19:48:57] [pool-90-thread-3/INFO]: [ModelEngine] [A] 
[19:48:57] [pool-90-thread-3/INFO]: [ModelEngine] [A] Importing internal_fire.bbmodel.
[19:48:57] [pool-90-thread-2/INFO]: [ModelEngine] [A] 
[19:48:57] [pool-90-thread-2/INFO]: [ModelEngine] [A] Importing boss_2.bbmodel.
[19:48:57] [ForkJoinPool.commonPool-worker-2/INFO]: [Geyser-Spigot] Minecraft JAR has been successfully downloaded and loaded!
[19:48:57] [Server thread/INFO]: [ItemJoin] 1/1 Custom item(s) loaded!
[19:48:57] [Server thread/INFO]: [Essentials] Essentials found a compatible payment resolution method: Vault Compatibility Layer (v1.7.3-b131)!
[19:48:57] [pool-90-thread-1/INFO]: [ModelEngine] [A] 
[19:48:57] [pool-90-thread-1/INFO]: [ModelEngine] [A] Importing boss_1.bbmodel.
[19:48:57] [Craft Scheduler Thread - 5 - BlueSlimeCore/INFO]: [Blue Slime Core]  
[19:48:57] [Craft Scheduler Thread - 5 - BlueSlimeCore/INFO]: [Blue Slime Core] [Update Checker] Found a possible update for plugin 'BlueSlimeCore'.
[19:48:57] [Craft Scheduler Thread - 5 - BlueSlimeCore/INFO]: [Blue Slime Core] [Update Checker] Local Version: 2.9.7.482
[19:48:57] [Craft Scheduler Thread - 5 - BlueSlimeCore/INFO]: [Blue Slime Core] [Update Checker] Remote Version: 2.9.9.529
[19:48:57] [Craft Scheduler Thread - 5 - BlueSlimeCore/INFO]: [Blue Slime Core] [Update Checker] Download Link: https://hangar.papermc.io/SirBlobman/BlueSlimeCore
[19:48:57] [Server thread/INFO]: [PlaceholderAPI] Successfully registered internal expansion: pa [1.33.0]
[19:48:58] [Server thread/INFO]: [Jobs] Successfully linked with Vault. (Essentials)
[19:48:58] [Server thread/INFO]: [Jobs] Successfully linked with Vault. (LuckPerms)
[19:48:58] [Server thread/WARN]: [Geyser-Spigot] You are using an outdated version of ViaVersion; please download the newest version from https://ci.viaversion.com/job/ViaVersion/
[19:48:58] [pool-90-thread-10/INFO]: [ModelEngine] [A] 
[19:48:58] [pool-90-thread-10/INFO]: [ModelEngine] [A] Resource pack zipped.
[19:48:58] [pool-90-thread-10/INFO]: [ModelEngine] [A] Generator Profiled:
[19:48:58] [pool-90-thread-10/INFO]: [ModelEngine] [A]  - Import Phase: 452.6ms
[19:48:58] [pool-90-thread-10/INFO]: [ModelEngine] [A]  - Assets Phase: 585.3ms
[19:48:58] [pool-90-thread-10/INFO]: [ModelEngine] [A]  - Zipping Phase: 322.6ms
[19:48:58] [Server thread/INFO]: [Citizens] Loaded 19 NPCs.
[19:48:58] [Craft Scheduler Thread - 30 - InteractiveChat/INFO]: [InteractiveChat] Loaded all 1 languages!
[19:48:59] [Server thread/INFO]: [AuraSkills] Loaded 11 skills with 327 total sources
[19:48:59] [Server thread/INFO]: [AuraSkills] Loaded 9 stats and 17 traits
[19:48:59] [Server thread/INFO]: [AuraSkills] Loaded 22 pattern rewards and 0 level rewards
[19:48:59] [Server thread/INFO]: [AuraSkills] Loaded 53 loot entries in 4 pools and 2 tables
[19:48:59] [Server thread/INFO]: [AuraSkills] Loaded 7 menus
[19:48:59] [Server thread/INFO]: [CombatLogX] Successfully enabled 0 late-load expansions.
[19:48:59] [Server thread/WARN]: [ViaVersion] There is a newer plugin version available: 5.11.0, you're on: 5.9.0
[19:48:59] [Server thread/INFO]: [NotBounties] Generating new database ID.
[19:48:59] [Server thread/INFO]: Done (118.494s)! For help, type "help"
[19:48:59] [Server thread/INFO]: [PlaceholderAPI] An update for PlaceholderAPI (v2.12.3) is available at:
[19:48:59] [Server thread/INFO]: [PlaceholderAPI] https://modrinth.com/plugin/placeholderapi
[19:48:59] [Server thread/INFO]: [PlaceholderAPI] Successfully registered external expansion: statistic [2.0.2]
[19:48:59] [Server thread/INFO]: [PlaceholderAPI] Successfully registered external expansion: progress [2.1]
[19:48:59] [Server thread/INFO]: [PlaceholderAPI] Successfully registered external expansion: server [2.7.3]
[19:48:59] [Server thread/INFO]: [PlaceholderAPI] Successfully registered external expansion: vault [1.8.3]
[19:48:59] [Server thread/INFO]: [PlaceholderAPI] Successfully registered external expansion: math [2.0.2]
[19:48:59] [Server thread/INFO]: [PlaceholderAPI] Successfully registered external expansion: worldguard [1.4.2]
[19:48:59] [Server thread/INFO]: [PlaceholderAPI] Successfully registered external expansion: player [2.0.8]
[19:48:59] [Server thread/INFO]: [PlaceholderAPI] Successfully registered external expansion: quests [2.0]
[19:48:59] [Server thread/INFO]: [PlaceholderAPI] Successfully registered external expansion: utils [1.0.9]
[19:48:59] [Server thread/INFO]: [PlaceholderAPI] Successfully registered external expansion: floodgate [1.5.2]
[19:48:59] [Server thread/INFO]: [PlaceholderAPI] Successfully registered external expansion: parseother [2.0.0]
[19:48:59] [Server thread/INFO]: [PlaceholderAPI] Successfully registered external expansion: servertime [3.2]
[19:48:59] [Server thread/INFO]: [PlaceholderAPI] Successfully registered external expansion: essentials [1.5.2]
[19:48:59] [Server thread/INFO]: [PlaceholderAPI] Successfully registered external expansion: griefprevention [1.7.0]
[19:48:59] [Server thread/INFO]: [PlaceholderAPI] Successfully registered external expansion: luckperms [5.4-R2]
[19:48:59] [Server thread/INFO]: 15 placeholder hook(s) registered! 2 placeholder hook(s) have an update available.
[19:49:00] [Paper Async Task Handler Thread - 1/WARN]: *** You are running an outdated version of Minecraft, which is 4 release(s) and 33 build(s) behind!
[19:49:00] [Paper Async Task Handler Thread - 1/WARN]: *** Please update to the latest stable version on https://papermc.io/downloads/paper ***
[19:49:00] [Server thread/INFO]: [Quests] Loaded 25 Quest(s), 7 Action(s), 1 Condition(s) and 804 Phrase(s)
[19:49:02] [Craft Scheduler Thread - 21 - DeathMessages/WARN]: [DeathMessages] Find a new version! Click to download: https://github.com/Winds-Studio/DeathMessages/releases
[19:49:02] [Craft Scheduler Thread - 21 - DeathMessages/WARN]: [DeathMessages] Current Version: 1.4.21-SNAPSHOT | Latest Version: 1.5.0
[19:53:59] [Craft Scheduler Thread - 34 - FurnitureLib/INFO]: --------------------------------------
[19:53:59] [Craft Scheduler Thread - 34 - FurnitureLib/INFO]: Furniture async saving started
[19:53:59] [Craft Scheduler Thread - 34 - FurnitureLib/INFO]: [FurnitureLib] Furniture save started
[19:53:59] [Craft Scheduler Thread - 34 - FurnitureLib/INFO]: [FurnitureLib] 0 furniture has been saved to the database.
[19:53:59] [Craft Scheduler Thread - 34 - FurnitureLib/INFO]: [FurnitureLib] 1 furniture has been updated in the database.
[19:53:59] [Craft Scheduler Thread - 34 - FurnitureLib/INFO]: [FurnitureLib] 0 furniture has been removed from the database.
[19:53:59] [Craft Scheduler Thread - 34 - FurnitureLib/INFO]: Furniture saving finish : 00:00.043
[19:53:59] [Craft Scheduler Thread - 34 - FurnitureLib/INFO]: --------------------------------------
[19:55:44] [Server thread/INFO]: Reloading!
[19:55:44] [Server thread/WARN]: Failed to execute reload
java.util.concurrent.CompletionException: java.lang.RuntimeException: Could not run 'post-flatten' lifecycle event handler from ExcellentEnchants v5.3.0
	at java.base/java.util.concurrent.CompletableFuture.wrapInCompletionException(CompletableFuture.java:323) ~[?:?]
	at java.base/java.util.concurrent.CompletableFuture.encodeThrowable(CompletableFuture.java:359) ~[?:?]
	at java.base/java.util.concurrent.CompletableFuture.uniComposeStage(CompletableFuture.java:1215) ~[?:?]
	at java.base/java.util.concurrent.CompletableFuture.thenCompose(CompletableFuture.java:2368) ~[?:?]
	at net.minecraft.server.MinecraftServer.reloadResources(MinecraftServer.java:2280) ~[paper-1.21.11.jar:1.21.11-99-81b9122]
	at net.minecraft.server.commands.ReloadCommand.reloadPacks(ReloadCommand.java:19) ~[paper-1.21.11.jar:1.21.11-99-81b9122]
	at net.minecraft.server.commands.ReloadCommand.lambda$register$2(ReloadCommand.java:59) ~[paper-1.21.11.jar:1.21.11-99-81b9122]
	at com.mojang.brigadier.context.ContextChain.runExecutable(ContextChain.java:73) ~[brigadier-1.3.10.jar:?]
	at net.minecraft.commands.execution.tasks.ExecuteCommand.execute(ExecuteCommand.java:30) ~[paper-1.21.11.jar:1.21.11-99-81b9122]
	at net.minecraft.commands.execution.tasks.ExecuteCommand.execute(ExecuteCommand.java:13) ~[paper-1.21.11.jar:1.21.11-99-81b9122]
	at net.minecraft.commands.execution.UnboundEntryAction.lambda$bind$0(UnboundEntryAction.java:8) ~[paper-1.21.11.jar:1.21.11-99-81b9122]
	at net.minecraft.commands.execution.CommandQueueEntry.execute(CommandQueueEntry.java:5) ~[paper-1.21.11.jar:1.21.11-99-81b9122]
	at net.minecraft.commands.execution.ExecutionContext.runCommandQueue(ExecutionContext.java:104) ~[paper-1.21.11.jar:1.21.11-99-81b9122]
	at net.minecraft.commands.Commands.executeCommandInContext(Commands.java:469) ~[paper-1.21.11.jar:1.21.11-99-81b9122]
	at net.minecraft.commands.Commands.performCommand(Commands.java:374) ~[paper-1.21.11.jar:1.21.11-99-81b9122]
	at net.minecraft.commands.Commands.performCommand(Commands.java:362) ~[paper-1.21.11.jar:1.21.11-99-81b9122]
	at net.minecraft.commands.Commands.performPrefixedCommand(Commands.java:353) ~[paper-1.21.11.jar:1.21.11-99-81b9122]
	at net.minecraft.server.dedicated.DedicatedServer.handleConsoleInputs(DedicatedServer.java:594) ~[paper-1.21.11.jar:1.21.11-99-81b9122]
	at net.minecraft.server.dedicated.DedicatedServer.tickConnection(DedicatedServer.java:550) ~[paper-1.21.11.jar:1.21.11-99-81b9122]
	at net.minecraft.server.MinecraftServer.tickChildren(MinecraftServer.java:1838) ~[paper-1.21.11.jar:1.21.11-99-81b9122]
	at net.minecraft.server.MinecraftServer.tickServer(MinecraftServer.java:1616) ~[paper-1.21.11.jar:1.21.11-99-81b9122]
	at net.minecraft.server.dedicated.DedicatedServer.tickServer(DedicatedServer.java:427) ~[paper-1.21.11.jar:1.21.11-99-81b9122]
	at net.minecraft.server.MinecraftServer.processPacketsAndTick(MinecraftServer.java:1672) ~[paper-1.21.11.jar:1.21.11-99-81b9122]
	at net.minecraft.server.MinecraftServer.runServer(MinecraftServer.java:1340) ~[paper-1.21.11.jar:1.21.11-99-81b9122]
	at net.minecraft.server.MinecraftServer.lambda$spin$2(MinecraftServer.java:388) ~[paper-1.21.11.jar:1.21.11-99-81b9122]
	at java.base/java.lang.Thread.run(Thread.java:1474) ~[?:?]
Caused by: java.lang.RuntimeException: Could not run 'post-flatten' lifecycle event handler from ExcellentEnchants v5.3.0
	at io.papermc.paper.plugin.lifecycle.event.LifecycleEventRunner.lambda$callEvent$1(LifecycleEventRunner.java:58) ~[paper-1.21.11.jar:?]
	at io.papermc.paper.plugin.lifecycle.event.types.PrioritizableLifecycleEventType.forEachHandler(PrioritizableLifecycleEventType.java:59) ~[paper-1.21.11.jar:?]
	at io.papermc.paper.plugin.lifecycle.event.LifecycleEventRunner.callEvent(LifecycleEventRunner.java:51) ~[paper-1.21.11.jar:?]
	at io.papermc.paper.plugin.lifecycle.event.LifecycleEventRunner.callReloadableRegistrarEvent(LifecycleEventRunner.java:95) ~[paper-1.21.11.jar:?]
	at io.papermc.paper.tag.PaperTagListenerManager.firePostFlattenEvent(PaperTagListenerManager.java:61) ~[paper-1.21.11.jar:1.21.11-99-81b9122]
	at net.minecraft.tags.TagLoader.build(TagLoader.java:118) ~[paper-1.21.11.jar:1.21.11-99-81b9122]
	at net.minecraft.tags.TagLoader.loadPendingTags(TagLoader.java:159) ~[paper-1.21.11.jar:1.21.11-99-81b9122]
	at net.minecraft.tags.TagLoader.lambda$loadTagsForExistingRegistries$6(TagLoader.java:133) ~[paper-1.21.11.jar:1.21.11-99-81b9122]
	at java.base/java.util.stream.ReferencePipeline$3$1.accept(ReferencePipeline.java:214) ~[?:?]
	at java.base/java.util.stream.ReferencePipeline$3$1.accept(ReferencePipeline.java:214) ~[?:?]
	at java.base/java.util.Spliterators$ArraySpliterator.forEachRemaining(Spliterators.java:1024) ~[?:?]
	at java.base/java.util.stream.AbstractPipeline.copyInto(AbstractPipeline.java:570) ~[?:?]
	at java.base/java.util.stream.AbstractPipeline.wrapAndCopyInto(AbstractPipeline.java:560) ~[?:?]
	at java.base/java.util.stream.ReduceOps$ReduceOp.evaluateSequential(ReduceOps.java:921) ~[?:?]
	at java.base/java.util.stream.AbstractPipeline.evaluate(AbstractPipeline.java:265) ~[?:?]
	at java.base/java.util.stream.ReferencePipeline.collect(ReferencePipeline.java:723) ~[?:?]
	at net.minecraft.tags.TagLoader.loadTagsForExistingRegistries(TagLoader.java:135) ~[paper-1.21.11.jar:1.21.11-99-81b9122]
	at net.minecraft.server.MinecraftServer.lambda$reloadResources$32(MinecraftServer.java:2283) ~[paper-1.21.11.jar:1.21.11-99-81b9122]
	at java.base/java.util.concurrent.CompletableFuture.uniComposeStage(CompletableFuture.java:1208) ~[?:?]
	... 23 more
Caused by: java.lang.IllegalStateException: Registry is already initialized
	at ExcellentEnchants-5.3.0.jar//su.nightexpress.excellentenchants.api.item.ItemSetRegistry.initialize(ItemSetRegistry.java:33) ~[?:?]
	at ExcellentEnchants-5.3.0.jar//su.nightexpress.excellentenchants.bridge.paper.PaperEnchantsBootstrap.lambda$bootstrap$2(PaperEnchantsBootstrap.java:74) ~[?:?]
	at io.papermc.paper.plugin.lifecycle.event.LifecycleEventRunner.lambda$callEvent$1(LifecycleEventRunner.java:56) ~[paper-1.21.11.jar:?]
	... 41 more
[19:55:44] [Server thread/INFO]: Reload failed; keeping old data
[19:55:54] [Server thread/INFO]: [Not Secure] [Server] hi
[19:56:01] [Server thread/WARN]: [O'DailyQuests] Server is stopping. The datas will be saved in synchronous mode.
[19:56:01] [Server thread/WARN]: [O'DailyQuests] If you think this is a mistake, please contact the developer!
[19:56:01] [Server thread/INFO]: [STDOUT] [org.spigotmc.RestartCommand] Startup script './start.sh' does not exist! Stopping server.
[19:56:01] [Server thread/INFO]: Stopping server
[19:56:01] [Server thread/INFO]: [LPC] Disabling LPC v3.7.1
[19:56:01] [Server thread/INFO]: [ConditionalEvents] Disabling ConditionalEvents v4.76.1
[19:56:01] [Server thread/INFO]: [ConditionalEvents] Has been disabled! Version: 4.76.1
[19:56:01] [Server thread/INFO]: [DiceFurniture] Disabling DiceFurniture v3.9.4
[19:56:01] [Server thread/INFO]: [MOTD] Disabling MOTD v1 b3
[19:56:01] [Server thread/INFO]: [Jobs] Disabling Jobs v5.2.6.5
[19:56:01] [Server thread/INFO]: ------------- Jobs -------------
[19:56:01] [Server thread/INFO]: Cleared boss bar cache
[19:56:01] [Jobs-BufferedPaymentThread/INFO]: Buffered payment thread shutdown.
[19:56:01] [Jobs-DatabaseSaveTask/INFO]: Database save task shutdown!
[19:56:01] [Server thread/INFO]: Saved player data
[19:56:01] [Server thread/INFO]: Closed database connection
[19:56:01] [Server thread/INFO]: ------------------------------------
[19:56:01] [Server thread/INFO]: [Quests] Disabling Quests v5.2.9-b560
[19:56:01] [Server thread/INFO]: [PlaceholderAPI] Unregistered placeholder expansion quests
[19:56:01] [Server thread/INFO]: [PlaceholderAPI] Reason: required plugin Quests was disabled.
[19:56:01] [Server thread/INFO]: [Quests] Saving Quester data...
[19:56:01] [Server thread/INFO]: [Quests] Closing storage...
[19:56:01] [Server thread/INFO]: [RocketPlaceholders] Disabling RocketPlaceholders v2.4
[19:56:01] [Server thread/INFO]: [RocketPlaceholders] Plugin disabled! Thanks for using RocketPlaceholders v.2.4
[19:56:01] [Server thread/INFO]: [ModelEngine] Disabling ModelEngine vR4.0.9
[19:56:01] [Server thread/INFO]: [VoidSpawn] Disabling VoidSpawn v1.22.0
[19:56:01] [Server thread/INFO]: [VoidSpawn] v1.22.0 saving config
[19:56:01] [Server thread/INFO]: [VoidSpawn] v1.22.0 disabled
[19:56:01] [Server thread/INFO]: [DeluxeMenus] Disabling DeluxeMenus v1.14.1-Release
[19:56:01] [Server thread/INFO]: [BackpackPlus] Disabling BackpackPlus v3.2.0-dev-00005
[19:56:01] [Server thread/INFO]: [BackpackPlus] Starting plugin shutdown...
[19:56:01] [Server thread/INFO]: [BackpackPlus] [Database] [SQLite] (saveAllBackpacks) Saved: 0
[19:56:01] [Server thread/INFO]: [BackpackPlus] Starting SQLite disconnect...
[19:56:01] [Server thread/INFO]: [BackpackPlus] SQLite successfully disconnected
[19:56:01] [Server thread/INFO]: [BackpackPlus] Plugin shutdown completed.
[19:56:01] [Server thread/INFO]: [Multiverse-NetherPortals] Disabling Multiverse-NetherPortals v5.0.4
[19:56:01] [Server thread/INFO]: [Multiverse-NetherPortals] - Disabled
[19:56:01] [Server thread/INFO]: [UltimateShop] Disabling UltimateShop v4.3.6
[19:56:01] [Server thread/INFO]: [UltimateShop] Plugin is disabled. Author: PQguanfang.
[19:56:01] [Server thread/INFO]: [ChatEmojis] Disabling ChatEmojis v2.4.2
[19:56:01] [Server thread/INFO]: [ajLeaderboards] Disabling ajLeaderboards v2.10.1
[19:56:01] [pool-177-thread-1/INFO]: [ajLeaderboards] Shutting down cache method..
[19:56:01] [pool-177-thread-1/INFO]: [ajLeaderboards] Cache method shut down
[19:56:01] [Server thread/INFO]: [ajLeaderboards] Killing remaining workers
[19:56:01] [Server thread/INFO]: [ajLeaderboards] Remaining workers killed
[19:56:01] [Server thread/INFO]: [ajLeaderboards] ajLeaderboards v2.10.1 disabled.
[19:56:01] [Server thread/INFO]: [BestTools] Disabling BestTools v2.3.0
[19:56:01] [Server thread/INFO]: [UltraCosmetics] Disabling UltraCosmetics v3.15.0.1-RELEASE
[19:56:01] [Server thread/INFO]: [EconomyBridge] Disabling EconomyBridge v1.2.0
[19:56:01] [Server thread/INFO]: [Infiniteannouncements] Disabling Infiniteannouncements v2.5.2
[19:56:01] [Server thread/INFO]: [ChatGames] Disabling ChatGames v1.2.1
[19:56:01] [Server thread/INFO]: [ChatGames] ChatGames is now disabled!
[19:56:01] [Server thread/INFO]: [NotBounties] Disabling NotBounties v1.22.33
[19:56:01] [Server thread/INFO]: [NotBounties] Created backup directory.
[19:56:01] [Server thread/INFO]: [FancyGlow] Disabling FancyGlow v2.10.3
[19:56:01] [Server thread/INFO]: [O'DailyQuests] Disabling ODailyQuests v3.0.2
[19:56:01] [Server thread/INFO]: [com.zaxxer.hikari.HikariDataSource] HikariPool-1 - Shutdown initiated...
[19:56:01] [Server thread/INFO]: [com.zaxxer.hikari.HikariDataSource] HikariPool-1 - Shutdown completed.
[19:56:01] [Server thread/INFO]: [O'DailyQuests] Plugin is shutting down...
[19:56:01] [Server thread/INFO]: [DeathMessages] Disabling DeathMessages v1.4.21-SNAPSHOT
[19:56:01] [Server thread/INFO]: [Bloons] Disabling Bloons v1.1.6
[19:56:01] [Server thread/INFO]: [INFO] Shutting down Bloons plugin...
[19:56:01] [Server thread/INFO]: [INFO] Bloons plugin has been shutdown gracefully
[19:56:01] [Server thread/INFO]: [ItemJoin] Disabling ItemJoin v6.1.7-RELEASE-b1135
[19:56:01] [Server thread/INFO]: [WorldGuardExtraFlags] Disabling WorldGuardExtraFlags v4.2.3
[19:56:01] [Server thread/INFO]: [InteractiveChat] Disabling InteractiveChat v4.3.5.0
[19:56:01] [Server thread/INFO]: [PlaceholderAPI] Unregistered placeholder expansion interactivechat
[19:56:01] [Server thread/INFO]: [PlaceholderAPI] Reason: required plugin InteractiveChat was disabled.
[19:56:01] [Server thread/INFO]: [InteractiveChat] InteractiveChat has been Disabled!
[19:56:01] [Server thread/INFO]: [CrazyVouchers] Disabling CrazyVouchers v5.1.6
[19:56:01] [Server thread/INFO]: [AxAFKZone] Disabling AxAFKZone v1.10.1
[19:56:01] [Server thread/INFO]: [ChatColor2] Disabling ChatColor2 v1.16.1
[19:56:01] [Server thread/INFO]: ChatColor 2 Version 1.16.1 has been disabled.
[19:56:01] [Server thread/INFO]: [RaidSkins] Disabling RaidSkins v1.0.0
[19:56:01] [Server thread/INFO]: [RAID SKINS] - DISABLED
[19:56:01] [Server thread/INFO]: [ForcePack] Disabling ForcePack v1.3.75-SNAPSHOT
[19:56:01] [Server thread/INFO]: [packetevents] Failed to uninject server channel, handler not found
[19:56:01] [Server thread/INFO]: [packetevents] Failed to uninject server channel, handler not found
[19:56:01] [Server thread/INFO]: [PlayerProfiles] Disabling PlayerProfiles v8.0.3
[19:56:01] [Server thread/INFO]: [AxTrade] Disabling AxTrade v1.24.0
[19:56:01] [Server thread/INFO]: [PlayerWarps] Disabling PlayerWarps v4.2.1
[19:56:01] [Server thread/INFO]: Saving 0 warps
[19:56:01] [Server thread/INFO]: [WorldGuardEvents] Disabling WorldGuardEvents v1.18.1
[19:56:01] [Server thread/INFO]: [FurnitureLib] Disabling FurnitureLib v3.2.9.2
[19:56:01] [Server thread/INFO]: [FurnitureLib] ==========================================
[19:56:01] [Server thread/INFO]: [FurnitureLib] Furniture shutdown started
[19:56:01] [Server thread/INFO]: [de.Ste3et_C0st.FurnitureLib.Database.com.zaxxer.hikari.HikariDataSource] FurnitureLib - Starting...
[19:56:01] [Server thread/INFO]: [de.Ste3et_C0st.FurnitureLib.Database.com.zaxxer.hikari.HikariDataSource] FurnitureLib - Start completed.
[19:56:01] [Server thread/INFO]: [FurnitureLib] FurnitureLib Started SQLite database. Took 3ms
[19:56:01] [Server thread/INFO]: [FurnitureLib] Furniture save started
[19:56:01] [Server thread/INFO]: [FurnitureLib] ==========================================
[19:56:01] [Server thread/INFO]: [CMILib] Disabling CMILib v1.5.9.0
[19:56:01] [Server thread/INFO]: [PlayerAuctions] Disabling PlayerAuctions v1.33.0
[19:56:01] [Server thread/INFO]: [TAB] Disabling TAB v6.0.0
[19:56:01] [Server thread/INFO]: [TAB] Disabled in 0ms
[19:56:01] [Server thread/INFO]: [ExcellentCrates] Disabling ExcellentCrates v6.6.1
[19:56:01] [Server thread/INFO]: [com.zaxxer.hikari.HikariDataSource] ExcellentCratesPool - Shutdown initiated...
[19:56:01] [Server thread/INFO]: [com.zaxxer.hikari.HikariDataSource] ExcellentCratesPool - Shutdown completed.
[19:56:01] [Server thread/INFO]: [EvenMoreFish] Disabling EvenMoreFish v2.2.1
[19:56:01] [Server thread/INFO]: [EvenMoreFish] EvenMoreFish by Oheers : Disabled
[19:56:01] [Server thread/INFO]: [ExcellentEnchants] Disabling ExcellentEnchants v5.3.0
[19:56:01] [Server thread/INFO]: [CombatLogX] Disabling CombatLogX v11.6.0.0.1286
[19:56:01] [Server thread/INFO]: [CombatLogX] Disabling expansions...
[19:56:01] [Server thread/INFO]: [CombatLogX] Disabling expansion 'Action Bar v17.3'...
[19:56:01] [Server thread/INFO]: [CombatLogX]  
[19:56:01] [Server thread/INFO]: [CombatLogX] Disabling expansion 'Cheat Prevention v17.8'...
[19:56:01] [Server thread/INFO]: [CombatLogX]  
[19:56:01] [Server thread/INFO]: [CombatLogX] Disabling expansion 'EssentialsX Compatibility v17.3'...
[19:56:01] [Server thread/INFO]: [CombatLogX]  
[19:56:01] [Server thread/INFO]: [CombatLogX] Disabling expansion 'WorldGuard Compatibility v17.4'...
[19:56:01] [Server thread/INFO]: [CombatLogX]  
[19:56:01] [Server thread/INFO]: [CombatLogX] Successfully disabled all expansions.
[19:56:01] [Server thread/INFO]: CombatLogX was disabled successfully.
[19:56:01] [Server thread/INFO]: [ExcellentEconomy] Disabling ExcellentEconomy v2.8.0
[19:56:01] [Server thread/INFO]: [com.zaxxer.hikari.HikariDataSource] ExcellentEconomyPool - Shutdown initiated...
[19:56:01] [Server thread/INFO]: [com.zaxxer.hikari.HikariDataSource] ExcellentEconomyPool - Shutdown completed.
[19:56:01] [Server thread/INFO]: [ExcellentEconomy] Currency unregistered: 'coins'.
[19:56:01] [Server thread/INFO]: [ExcellentEconomy] Currency unregistered: 'souls'.
[19:56:01] [Server thread/INFO]: [ProtectionLib] Disabling ProtectionLib v1.8.5
[19:56:01] [Server thread/INFO]: [AuraSkills] Disabling AuraSkills v2.3.12
[19:56:01] [Server thread/INFO]: [Citizens] Disabling Citizens v2.0.42-SNAPSHOT (build 4145)
[19:56:01] [Server thread/INFO]: [packetevents] Failed to uninject server channel, handler not found
[19:56:01] [Server thread/INFO]: [packetevents] Failed to uninject server channel, handler not found
[19:56:01] [Server thread/INFO]: [nightcore] Disabling nightcore v2.15.2
[19:56:01] [Server thread/INFO]: [GriefPrevention] Disabling GriefPrevention v16.18.7
[19:56:01] [Server thread/INFO]: [PlaceholderAPI] Unregistered placeholder expansion griefprevention
[19:56:01] [Server thread/INFO]: [PlaceholderAPI] Reason: required plugin GriefPrevention was disabled.
[19:56:01] [Server thread/INFO]: [GriefPrevention] GriefPrevention disabled.
[19:56:01] [Server thread/INFO]: [EssentialsSpawn] Disabling EssentialsSpawn v2.22.0-dev+104-87bde72
[19:56:01] [Server thread/INFO]: [MythicMobs] Disabling MythicMobs v5.11.2-6a371d59
[19:56:01] [Server thread/INFO]: [MythicMobs] ------------------------------------------------------------
[19:56:01] [Server thread/INFO]: [MythicMobs] - 
[19:56:01] [Server thread/INFO]: [MythicMobs] - Unloading Mythic...
[19:56:01] [Server thread/INFO]: [MythicMobs] - 
[19:56:01] [Server thread/INFO]: [MythicMobs] ------------------------------------------------------------
[19:56:01] [Server thread/INFO]: [MythicMobs] - Spawners saved and unloaded...
[19:56:01] [Server thread/INFO]: [MythicMobs] - Mobs saved and unloaded...
[19:56:01] [Server thread/INFO]: [MythicMobs] Saving plugin data...
[19:56:01] [Server thread/INFO]: [MythicMobs] ✓Saving Finished
[19:56:01] [Server thread/INFO]: [MythicMobs] - Variables saved...
[19:56:01] [Server thread/INFO]: [MythicMobs] - All active settings have been saved!
[19:56:01] [Server thread/INFO]: [MythicMobs] - Mythic has been unloaded!
[19:56:01] [Server thread/INFO]: [MythicMobs] ------------------------------------------------------------
[19:56:01] [Server thread/INFO]: [MythicMobs] Saving plugin data...
[19:56:01] [Server thread/INFO]: [MythicMobs] ✓Saving Finished
[19:56:01] [Server thread/INFO]: [FancyHolograms] Disabling FancyHolograms v2.9.1
[19:56:01] [Server thread/INFO]: [packetevents] Disabling packetevents v2.12.1
[19:56:01] [FancyLogger/INFO]: [FancyHolograms] (Server thread) INFO: Successfully disabled FancyHolograms version 2.9.1
[19:56:01] [Server thread/INFO]: [Essentials] Disabling Essentials v2.22.0-dev+104-87bde72
[19:56:01] [Server thread/INFO]: [Vault] [Economy] Essentials Economy unhooked.
[19:56:01] [Server thread/INFO]: [Multiverse-Core] Disabling Multiverse-Core v5.6.0
[19:56:01] [Server thread/INFO]: [Multiverse-Core] - Disabled
[19:56:01] [Server thread/INFO]: [WorldGuard] Disabling WorldGuard v7.0.16+2355-f7fded2
[19:56:01] [Server thread/INFO]: [WorldGuard] Shutting down executor and cancelling any pending tasks...
[19:56:01] [Server thread/INFO]: [ProtocolLib] Disabling ProtocolLib v5.5.0-SNAPSHOT-5a9afed
[19:56:01] [Server thread/INFO]: [Geyser-Spigot] Disabling Geyser-Spigot v2.11.2-SNAPSHOT
[19:56:01] [Server thread/INFO]: [Geyser-Spigot] Shutting down Geyser.
[19:56:01] [Server thread/INFO]: [Geyser-Spigot] Geyser shutdown successfully.
[19:56:01] [Server thread/INFO]: [PlaceholderAPI] Disabling PlaceholderAPI v2.12.2
[19:56:01] [Server thread/INFO]: [WorldEdit] Disabling WorldEdit v7.4.2+7450-eb8e82c
[19:56:01] [Server thread/INFO]: Unregistering com.sk89q.worldedit.bukkit.BukkitServerInterface from WorldEdit
[19:56:01] [Server thread/INFO]: [floodgate] Disabling floodgate v2.2.5-SNAPSHOT (b140-8780fa4)
[19:56:01] [Server thread/INFO]: [Blue Slime Core] Disabling BlueSlimeCore v2.9.7.482
[19:56:01] [Server thread/INFO]: [Vault] Disabling Vault v1.7.3-b131
[19:56:01] [Server thread/INFO]: [LuckPerms] Disabling LuckPerms v5.5.42
[19:56:01] [Server thread/INFO]: [LuckPerms] Starting shutdown process...
[19:56:01] [Server thread/INFO]: [LuckPerms] Closing storage...
[19:56:01] [Server thread/INFO]: [LuckPerms] Goodbye!
[19:56:01] [Server thread/INFO]: [ViaVersion] Disabling ViaVersion v5.9.0
[19:56:01] [Server thread/INFO]: [ViaVersion] ViaVersion has been disabled; uninjected the platform and shut down the scheduler.
[19:56:01] [Server thread/INFO]: Saving players
[19:56:02] [WebSocketConnectReadThread-420/INFO]: [Geyser-Spigot] The skin uploader has been closed
[19:56:02] [Server thread/INFO]: Saving worlds
[19:56:02] [Server thread/INFO]: Saving chunks for level 'ServerLevel[lobby]'/minecraft:overworld
[19:56:02] [Server thread/INFO]: [ChunkHolderManager] Waiting 60s for chunk system to halt for world 'lobby'
[19:56:02] [Server thread/INFO]: [ChunkHolderManager] Halted chunk system for world 'lobby'
[19:56:02] [Server thread/INFO]: [ChunkHolderManager] Saving all chunkholders for world 'lobby'
[19:56:03] [Server thread/INFO]: [ChunkHolderManager] Saved 0 block chunks, 0 entity chunks, 0 poi chunks in world 'lobby' in 1.00s
[19:56:03] [Server thread/INFO]: [ChunkHolderManager] Waiting 60s for chunk I/O to halt for world 'lobby'
[19:56:03] [Server thread/INFO]: [ChunkHolderManager] Halted I/O scheduler for world 'lobby'
[19:56:03] [Server thread/INFO]: Saving chunks for level 'ServerLevel[world]'/minecraft:world
[19:56:03] [Server thread/INFO]: [ChunkHolderManager] Waiting 60s for chunk system to halt for world 'world'
[19:56:03] [Server thread/INFO]: [ChunkHolderManager] Halted chunk system for world 'world'
[19:56:03] [Server thread/INFO]: [ChunkHolderManager] Saving all chunkholders for world 'world'
[19:56:03] [Server thread/INFO]: [ChunkHolderManager] Saved 0 block chunks, 0 entity chunks, 0 poi chunks in world 'world' in 0.00s
[19:56:03] [Server thread/INFO]: [ChunkHolderManager] Waiting 60s for chunk I/O to halt for world 'world'
[19:56:03] [Server thread/INFO]: [ChunkHolderManager] Halted I/O scheduler for world 'world'
[19:56:03] [Server thread/INFO]: Saving chunks for level 'ServerLevel[world_the_end]'/minecraft:world_the_end
[19:56:03] [Server thread/INFO]: [ChunkHolderManager] Waiting 60s for chunk system to halt for world 'world_the_end'
[19:56:03] [Server thread/INFO]: [ChunkHolderManager] Halted chunk system for world 'world_the_end'
[19:56:03] [Server thread/INFO]: [ChunkHolderManager] Saving all chunkholders for world 'world_the_end'
[19:56:03] [Server thread/INFO]: [ChunkHolderManager] Saved 0 block chunks, 0 entity chunks, 0 poi chunks in world 'world_the_end' in 0.04s
[19:56:03] [Server thread/INFO]: [ChunkHolderManager] Waiting 60s for chunk I/O to halt for world 'world_the_end'
[19:56:03] [Server thread/INFO]: [ChunkHolderManager] Halted I/O scheduler for world 'world_the_end'
[19:56:03] [Server thread/INFO]: Saving chunks for level 'ServerLevel[world_nether]'/minecraft:world_nether
[19:56:03] [Server thread/INFO]: [ChunkHolderManager] Waiting 60s for chunk system to halt for world 'world_nether'
[19:56:03] [Server thread/INFO]: [ChunkHolderManager] Halted chunk system for world 'world_nether'
[19:56:03] [Server thread/INFO]: [ChunkHolderManager] Saving all chunkholders for world 'world_nether'
[19:56:03] [Server thread/INFO]: [ChunkHolderManager] Saved 0 block chunks, 0 entity chunks, 0 poi chunks in world 'world_nether' in 0.00s
[19:56:03] [Server thread/INFO]: [ChunkHolderManager] Waiting 60s for chunk I/O to halt for world 'world_nether'
[19:56:03] [Server thread/INFO]: [ChunkHolderManager] Halted I/O scheduler for world 'world_nether'
[19:56:03] [Server thread/INFO]: Saving chunks for level 'ServerLevel[dungeon2]'/minecraft:dungeon2
[19:56:03] [Server thread/INFO]: [ChunkHolderManager] Waiting 60s for chunk system to halt for world 'dungeon2'
[19:56:03] [Server thread/INFO]: [ChunkHolderManager] Halted chunk system for world 'dungeon2'
[19:56:03] [Server thread/INFO]: [ChunkHolderManager] Saving all chunkholders for world 'dungeon2'
[19:56:03] [Server thread/INFO]: [ChunkHolderManager] Saved 0 block chunks, 0 entity chunks, 0 poi chunks in world 'dungeon2' in 0.00s
[19:56:03] [Server thread/INFO]: [ChunkHolderManager] Waiting 60s for chunk I/O to halt for world 'dungeon2'
[19:56:03] [Server thread/INFO]: [ChunkHolderManager] Halted I/O scheduler for world 'dungeon2'
[19:56:03] [Server thread/INFO]: Saving chunks for level 'ServerLevel[dungeon1]'/minecraft:dungeon1
[19:56:03] [Server thread/INFO]: [ChunkHolderManager] Waiting 60s for chunk system to halt for world 'dungeon1'
[19:56:03] [Server thread/INFO]: [ChunkHolderManager] Halted chunk system for world 'dungeon1'
[19:56:03] [Server thread/INFO]: [ChunkHolderManager] Saving all chunkholders for world 'dungeon1'
[19:56:03] [Server thread/INFO]: [ChunkHolderManager] Saved 0 block chunks, 0 entity chunks, 0 poi chunks in world 'dungeon1' in 0.00s
[19:56:03] [Server thread/INFO]: [ChunkHolderManager] Waiting 60s for chunk I/O to halt for world 'dungeon1'
[19:56:03] [Server thread/INFO]: [ChunkHolderManager] Halted I/O scheduler for world 'dungeon1'
[19:56:03] [Server thread/INFO]: ThreadedAnvilChunkStorage (lobby): All chunks are saved
[19:56:03] [Server thread/INFO]: ThreadedAnvilChunkStorage (world): All chunks are saved
[19:56:03] [Server thread/INFO]: ThreadedAnvilChunkStorage (DIM1): All chunks are saved
[19:56:03] [Server thread/INFO]: ThreadedAnvilChunkStorage (DIM-1): All chunks are saved
[19:56:03] [Server thread/INFO]: ThreadedAnvilChunkStorage (dungeon2): All chunks are saved
[19:56:03] [Server thread/INFO]: ThreadedAnvilChunkStorage (dungeon1): All chunks are saved
[19:56:03] [Server thread/INFO]: ThreadedAnvilChunkStorage: All dimensions are saved
[19:56:03] [Server thread/INFO]: Waiting for all RegionFile I/O tasks to complete...
[19:56:03] [Server thread/INFO]: All RegionFile I/O tasks to complete
[19:56:03] [Server thread/INFO]: [MoonriseCommon] Awaiting termination of worker pool for up to 60s...
[19:56:03] [Server thread/INFO]: [MoonriseCommon] Awaiting termination of I/O pool for up to 60s...
